symbol,name,category,date,close
HDFCSML250.NS,Nifty Smallcap 250,Small Cap,2023-02-21,93.48
HDFCSML250.NS,Nifty Smallcap 250,Small Cap,2023-02-22,92.02
HDFCSML250.NS,Nifty Smallcap 250,Small Cap,2023-02-23,90.59
HDFCSML250.NS,Nifty Smallcap 250,Small Cap,2023-02-24,90.59
HDFCSML250.NS,Nifty Smallcap 250,Small Cap,2023-02-27,89.97
HDFCSML250.NS,Nifty Smallcap 250,Small Cap,2023-02-28,90.75
HDFCSML250.NS,Nifty Smallcap 250,Small Cap,2023-03-01,90.85
HDFCSML250.NS,Nifty Smallcap 250,Small Cap,2023-03-02,91.0
HDFCSML250.NS,Nifty Smallcap 250,Small Cap,2023-03-03,91.48
HDFCSML250.NS,Nifty Smallcap 250,Small Cap,2023-03-06,92.45
HDFCSML250.NS,Nifty Smallcap 250,Small Cap,2023-03-08,92.49
HDFCSML250.NS,Nifty Smallcap 250,Small Cap,2023-03-09,92.43
HDFCSML250.NS,Nifty Smallcap 250,Small Cap,2023-03-10,91.61
HDFCSML250.NS,Nifty Smallcap 250,Small Cap,2023-03-13,90.5
HDFCSML250.NS,Nifty Smallcap 250,Small Cap,2023-03-14,90.58
HDFCSML250.NS,Nifty Smallcap 250,Small Cap,2023-03-15,89.33
HDFCSML250.NS,Nifty Smallcap 250,Small Cap,2023-03-16,88.68
HDFCSML250.NS,Nifty Smallcap 250,Small Cap,2023-03-17,88.88
HDFCSML250.NS,Nifty Smallcap 250,Small Cap,2023-03-20,89.17
HDFCSML250.NS,Nifty Smallcap 250,Small Cap,2023-03-21,88.7
HDFCSML250.NS,Nifty Smallcap 250,Small Cap,2023-03-22,89.55
HDFCSML250.NS,Nifty Smallcap 250,Small Cap,2023-03-23,88.78
HDFCSML250.NS,Nifty Smallcap 250,Small Cap,2023-03-24,88.16
HDFCSML250.NS,Nifty Smallcap 250,Small Cap,2023-03-27,86.53
HDFCSML250.NS,Nifty Smallcap 250,Small Cap,2023-03-28,85.53
HDFCSML250.NS,Nifty Smallcap 250,Small Cap,2023-03-29,87.24
HDFCSML250.NS,Nifty Smallcap 250,Small Cap,2023-03-31,89.46
HDFCSML250.NS,Nifty Smallcap 250,Small Cap,2023-04-03,89.73
HDFCSML250.NS,Nifty Smallcap 250,Small Cap,2023-04-05,89.1
HDFCSML250.NS,Nifty Smallcap 250,Small Cap,2023-04-06,89.81
HDFCSML250.NS,Nifty Smallcap 250,Small Cap,2023-04-10,89.94
HDFCSML250.NS,Nifty Smallcap 250,Small Cap,2023-04-11,90.61
HDFCSML250.NS,Nifty Smallcap 250,Small Cap,2023-04-12,91.09
HDFCSML250.NS,Nifty Smallcap 250,Small Cap,2023-04-13,91.28
HDFCSML250.NS,Nifty Smallcap 250,Small Cap,2023-04-17,91.62
HDFCSML250.NS,Nifty Smallcap 250,Small Cap,2023-04-18,91.61
HDFCSML250.NS,Nifty Smallcap 250,Small Cap,2023-04-19,91.45
HDFCSML250.NS,Nifty Smallcap 250,Small Cap,2023-04-20,91.9
HDFCSML250.NS,Nifty Smallcap 250,Small Cap,2023-04-21,91.62
HDFCSML250.NS,Nifty Smallcap 250,Small Cap,2023-04-24,92.06
HDFCSML250.NS,Nifty Smallcap 250,Small Cap,2023-04-25,92.57
HDFCSML250.NS,Nifty Smallcap 250,Small Cap,2023-04-26,93.22
HDFCSML250.NS,Nifty Smallcap 250,Small Cap,2023-04-27,93.44
HDFCSML250.NS,Nifty Smallcap 250,Small Cap,2023-04-28,94.11
HDFCSML250.NS,Nifty Smallcap 250,Small Cap,2023-05-02,94.93
HDFCSML250.NS,Nifty Smallcap 250,Small Cap,2023-05-03,95.08
HDFCSML250.NS,Nifty Smallcap 250,Small Cap,2023-05-04,96.0
HDFCSML250.NS,Nifty Smallcap 250,Small Cap,2023-05-05,95.33
HDFCSML250.NS,Nifty Smallcap 250,Small Cap,2023-05-08,95.94
HDFCSML250.NS,Nifty Smallcap 250,Small Cap,2023-05-09,95.69
HDFCSML250.NS,Nifty Smallcap 250,Small Cap,2023-05-10,95.92
HDFCSML250.NS,Nifty Smallcap 250,Small Cap,2023-05-11,96.5
HDFCSML250.NS,Nifty Smallcap 250,Small Cap,2023-05-12,96.48
HDFCSML250.NS,Nifty Smallcap 250,Small Cap,2023-05-15,97.31
HDFCSML250.NS,Nifty Smallcap 250,Small Cap,2023-05-16,97.27
HDFCSML250.NS,Nifty Smallcap 250,Small Cap,2023-05-17,97.51
HDFCSML250.NS,Nifty Smallcap 250,Small Cap,2023-05-18,96.99
HDFCSML250.NS,Nifty Smallcap 250,Small Cap,2023-05-19,97.45
HDFCSML250.NS,Nifty Smallcap 250,Small Cap,2023-05-22,97.58
HDFCSML250.NS,Nifty Smallcap 250,Small Cap,2023-05-23,97.7
HDFCSML250.NS,Nifty Smallcap 250,Small Cap,2023-05-24,97.77
HDFCSML250.NS,Nifty Smallcap 250,Small Cap,2023-05-25,97.89
HDFCSML250.NS,Nifty Smallcap 250,Small Cap,2023-05-26,98.22
HDFCSML250.NS,Nifty Smallcap 250,Small Cap,2023-05-29,98.7
HDFCSML250.NS,Nifty Smallcap 250,Small Cap,2023-05-30,98.73
HDFCSML250.NS,Nifty Smallcap 250,Small Cap,2023-05-31,99.06
HDFCSML250.NS,Nifty Smallcap 250,Small Cap,2023-06-01,100.24
HDFCSML250.NS,Nifty Smallcap 250,Small Cap,2023-06-02,101.03
HDFCSML250.NS,Nifty Smallcap 250,Small Cap,2023-06-05,101.01
HDFCSML250.NS,Nifty Smallcap 250,Small Cap,2023-06-06,101.38
HDFCSML250.NS,Nifty Smallcap 250,Small Cap,2023-06-07,102.92
HDFCSML250.NS,Nifty Smallcap 250,Small Cap,2023-06-08,101.99
HDFCSML250.NS,Nifty Smallcap 250,Small Cap,2023-06-09,101.75
HDFCSML250.NS,Nifty Smallcap 250,Small Cap,2023-06-12,102.4
HDFCSML250.NS,Nifty Smallcap 250,Small Cap,2023-06-13,103.27
HDFCSML250.NS,Nifty Smallcap 250,Small Cap,2023-06-14,103.57
HDFCSML250.NS,Nifty Smallcap 250,Small Cap,2023-06-15,103.94
HDFCSML250.NS,Nifty Smallcap 250,Small Cap,2023-06-16,104.69
HDFCSML250.NS,Nifty Smallcap 250,Small Cap,2023-06-19,105.11
HDFCSML250.NS,Nifty Smallcap 250,Small Cap,2023-06-20,105.55
HDFCSML250.NS,Nifty Smallcap 250,Small Cap,2023-06-21,105.75
HDFCSML250.NS,Nifty Smallcap 250,Small Cap,2023-06-22,104.54
HDFCSML250.NS,Nifty Smallcap 250,Small Cap,2023-06-23,103.53
HDFCSML250.NS,Nifty Smallcap 250,Small Cap,2023-06-26,104.55
HDFCSML250.NS,Nifty Smallcap 250,Small Cap,2023-06-27,105.03
HDFCSML250.NS,Nifty Smallcap 250,Small Cap,2023-06-28,105.04
HDFCSML250.NS,Nifty Smallcap 250,Small Cap,2023-06-30,105.63
HDFCSML250.NS,Nifty Smallcap 250,Small Cap,2023-07-03,106.58
HDFCSML250.NS,Nifty Smallcap 250,Small Cap,2023-07-04,106.4
HDFCSML250.NS,Nifty Smallcap 250,Small Cap,2023-07-05,107.3
HDFCSML250.NS,Nifty Smallcap 250,Small Cap,2023-07-06,108.38
HDFCSML250.NS,Nifty Smallcap 250,Small Cap,2023-07-07,108.09
HDFCSML250.NS,Nifty Smallcap 250,Small Cap,2023-07-10,107.73
HDFCSML250.NS,Nifty Smallcap 250,Small Cap,2023-07-11,108.66
HDFCSML250.NS,Nifty Smallcap 250,Small Cap,2023-07-12,109.36
HDFCSML250.NS,Nifty Smallcap 250,Small Cap,2023-07-13,108.97
HDFCSML250.NS,Nifty Smallcap 250,Small Cap,2023-07-14,109.77
HDFCSML250.NS,Nifty Smallcap 250,Small Cap,2023-07-17,110.69
HDFCSML250.NS,Nifty Smallcap 250,Small Cap,2023-07-18,109.91
HDFCSML250.NS,Nifty Smallcap 250,Small Cap,2023-07-19,110.79
HDFCSML250.NS,Nifty Smallcap 250,Small Cap,2023-07-20,111.0
HDFCSML250.NS,Nifty Smallcap 250,Small Cap,2023-07-21,111.2
HDFCSML250.NS,Nifty Smallcap 250,Small Cap,2023-07-24,111.57
HDFCSML250.NS,Nifty Smallcap 250,Small Cap,2023-07-25,111.73
HDFCSML250.NS,Nifty Smallcap 250,Small Cap,2023-07-26,112.13
HDFCSML250.NS,Nifty Smallcap 250,Small Cap,2023-07-27,112.25
HDFCSML250.NS,Nifty Smallcap 250,Small Cap,2023-07-28,112.76
HDFCSML250.NS,Nifty Smallcap 250,Small Cap,2023-07-31,113.88
HDFCSML250.NS,Nifty Smallcap 250,Small Cap,2023-08-01,114.21
HDFCSML250.NS,Nifty Smallcap 250,Small Cap,2023-08-02,112.62
HDFCSML250.NS,Nifty Smallcap 250,Small Cap,2023-08-03,112.84
HDFCSML250.NS,Nifty Smallcap 250,Small Cap,2023-08-04,113.65
HDFCSML250.NS,Nifty Smallcap 250,Small Cap,2023-08-07,113.97
HDFCSML250.NS,Nifty Smallcap 250,Small Cap,2023-08-08,114.09
HDFCSML250.NS,Nifty Smallcap 250,Small Cap,2023-08-09,114.54
HDFCSML250.NS,Nifty Smallcap 250,Small Cap,2023-08-10,114.42
HDFCSML250.NS,Nifty Smallcap 250,Small Cap,2023-08-11,114.22
HDFCSML250.NS,Nifty Smallcap 250,Small Cap,2023-08-14,113.48
HDFCSML250.NS,Nifty Smallcap 250,Small Cap,2023-08-16,113.61
HDFCSML250.NS,Nifty Smallcap 250,Small Cap,2023-08-17,114.06
HDFCSML250.NS,Nifty Smallcap 250,Small Cap,2023-08-18,113.71
HDFCSML250.NS,Nifty Smallcap 250,Small Cap,2023-08-21,114.25
HDFCSML250.NS,Nifty Smallcap 250,Small Cap,2023-08-22,115.52
HDFCSML250.NS,Nifty Smallcap 250,Small Cap,2023-08-23,116.58
HDFCSML250.NS,Nifty Smallcap 250,Small Cap,2023-08-24,116.24
HDFCSML250.NS,Nifty Smallcap 250,Small Cap,2023-08-25,115.91
HDFCSML250.NS,Nifty Smallcap 250,Small Cap,2023-08-28,116.78
HDFCSML250.NS,Nifty Smallcap 250,Small Cap,2023-08-29,117.42
HDFCSML250.NS,Nifty Smallcap 250,Small Cap,2023-08-30,118.57
HDFCSML250.NS,Nifty Smallcap 250,Small Cap,2023-08-31,120.81
HDFCSML250.NS,Nifty Smallcap 250,Small Cap,2023-09-01,120.72
HDFCSML250.NS,Nifty Smallcap 250,Small Cap,2023-09-04,121.97
HDFCSML250.NS,Nifty Smallcap 250,Small Cap,2023-09-05,122.6
HDFCSML250.NS,Nifty Smallcap 250,Small Cap,2023-09-06,122.81
HDFCSML250.NS,Nifty Smallcap 250,Small Cap,2023-09-07,123.62
HDFCSML250.NS,Nifty Smallcap 250,Small Cap,2023-09-08,124.23
HDFCSML250.NS,Nifty Smallcap 250,Small Cap,2023-09-11,124.66
HDFCSML250.NS,Nifty Smallcap 250,Small Cap,2023-09-12,120.47
HDFCSML250.NS,Nifty Smallcap 250,Small Cap,2023-09-13,121.63
HDFCSML250.NS,Nifty Smallcap 250,Small Cap,2023-09-14,122.88
HDFCSML250.NS,Nifty Smallcap 250,Small Cap,2023-09-15,123.4
HDFCSML250.NS,Nifty Smallcap 250,Small Cap,2023-09-18,122.92
HDFCSML250.NS,Nifty Smallcap 250,Small Cap,2023-09-20,122.12
HDFCSML250.NS,Nifty Smallcap 250,Small Cap,2023-09-21,120.91
HDFCSML250.NS,Nifty Smallcap 250,Small Cap,2023-09-22,120.9
HDFCSML250.NS,Nifty Smallcap 250,Small Cap,2023-09-25,120.73
HDFCSML250.NS,Nifty Smallcap 250,Small Cap,2023-09-26,121.52
HDFCSML250.NS,Nifty Smallcap 250,Small Cap,2023-09-27,122.44
HDFCSML250.NS,Nifty Smallcap 250,Small Cap,2023-09-28,122.02
HDFCSML250.NS,Nifty Smallcap 250,Small Cap,2023-09-29,122.76
HDFCSML250.NS,Nifty Smallcap 250,Small Cap,2023-10-03,123.43
HDFCSML250.NS,Nifty Smallcap 250,Small Cap,2023-10-04,122.22
HDFCSML250.NS,Nifty Smallcap 250,Small Cap,2023-10-05,122.84
HDFCSML250.NS,Nifty Smallcap 250,Small Cap,2023-10-06,123.55
HDFCSML250.NS,Nifty Smallcap 250,Small Cap,2023-10-09,121.31
HDFCSML250.NS,Nifty Smallcap 250,Small Cap,2023-10-10,122.73
HDFCSML250.NS,Nifty Smallcap 250,Small Cap,2023-10-11,123.78
HDFCSML250.NS,Nifty Smallcap 250,Small Cap,2023-10-12,124.39
HDFCSML250.NS,Nifty Smallcap 250,Small Cap,2023-10-13,124.43
HDFCSML250.NS,Nifty Smallcap 250,Small Cap,2023-10-16,124.88
HDFCSML250.NS,Nifty Smallcap 250,Small Cap,2023-10-17,125.78
HDFCSML250.NS,Nifty Smallcap 250,Small Cap,2023-10-18,125.24
HDFCSML250.NS,Nifty Smallcap 250,Small Cap,2023-10-19,125.52
HDFCSML250.NS,Nifty Smallcap 250,Small Cap,2023-10-20,124.09
HDFCSML250.NS,Nifty Smallcap 250,Small Cap,2023-10-23,120.35
HDFCSML250.NS,Nifty Smallcap 250,Small Cap,2023-10-25,119.01
HDFCSML250.NS,Nifty Smallcap 250,Small Cap,2023-10-26,118.82
HDFCSML250.NS,Nifty Smallcap 250,Small Cap,2023-10-27,121.1
HDFCSML250.NS,Nifty Smallcap 250,Small Cap,2023-10-30,120.93
HDFCSML250.NS,Nifty Smallcap 250,Small Cap,2023-10-31,120.94
HDFCSML250.NS,Nifty Smallcap 250,Small Cap,2023-11-01,120.46
HDFCSML250.NS,Nifty Smallcap 250,Small Cap,2023-11-02,121.62
HDFCSML250.NS,Nifty Smallcap 250,Small Cap,2023-11-03,123.0
HDFCSML250.NS,Nifty Smallcap 250,Small Cap,2023-11-06,124.39
HDFCSML250.NS,Nifty Smallcap 250,Small Cap,2023-11-07,124.79
HDFCSML250.NS,Nifty Smallcap 250,Small Cap,2023-11-08,125.76
HDFCSML250.NS,Nifty Smallcap 250,Small Cap,2023-11-09,125.48
HDFCSML250.NS,Nifty Smallcap 250,Small Cap,2023-11-10,125.97
HDFCSML250.NS,Nifty Smallcap 250,Small Cap,2023-11-13,126.15
HDFCSML250.NS,Nifty Smallcap 250,Small Cap,2023-11-15,129.13
HDFCSML250.NS,Nifty Smallcap 250,Small Cap,2023-11-16,129.95
HDFCSML250.NS,Nifty Smallcap 250,Small Cap,2023-11-17,130.1
HDFCSML250.NS,Nifty Smallcap 250,Small Cap,2023-11-20,130.33
HDFCSML250.NS,Nifty Smallcap 250,Small Cap,2023-11-21,130.53
HDFCSML250.NS,Nifty Smallcap 250,Small Cap,2023-11-22,129.61
HDFCSML250.NS,Nifty Smallcap 250,Small Cap,2023-11-23,131.25
HDFCSML250.NS,Nifty Smallcap 250,Small Cap,2023-11-24,130.47
HDFCSML250.NS,Nifty Smallcap 250,Small Cap,2023-11-28,130.75
HDFCSML250.NS,Nifty Smallcap 250,Small Cap,2023-11-29,131.49
HDFCSML250.NS,Nifty Smallcap 250,Small Cap,2023-11-30,132.78
HDFCSML250.NS,Nifty Smallcap 250,Small Cap,2023-12-01,133.57
HDFCSML250.NS,Nifty Smallcap 250,Small Cap,2023-12-04,135.87
HDFCSML250.NS,Nifty Smallcap 250,Small Cap,2023-12-05,135.77
HDFCSML250.NS,Nifty Smallcap 250,Small Cap,2023-12-06,136.02
HDFCSML250.NS,Nifty Smallcap 250,Small Cap,2023-12-07,136.5
HDFCSML250.NS,Nifty Smallcap 250,Small Cap,2023-12-08,135.36
HDFCSML250.NS,Nifty Smallcap 250,Small Cap,2023-12-11,136.2
HDFCSML250.NS,Nifty Smallcap 250,Small Cap,2023-12-12,135.91
HDFCSML250.NS,Nifty Smallcap 250,Small Cap,2023-12-13,136.68
HDFCSML250.NS,Nifty Smallcap 250,Small Cap,2023-12-14,138.22
HDFCSML250.NS,Nifty Smallcap 250,Small Cap,2023-12-15,138.87
HDFCSML250.NS,Nifty Smallcap 250,Small Cap,2023-12-18,139.61
HDFCSML250.NS,Nifty Smallcap 250,Small Cap,2023-12-19,139.11
HDFCSML250.NS,Nifty Smallcap 250,Small Cap,2023-12-20,135.21
HDFCSML250.NS,Nifty Smallcap 250,Small Cap,2023-12-21,137.14
HDFCSML250.NS,Nifty Smallcap 250,Small Cap,2023-12-22,139.48
HDFCSML250.NS,Nifty Smallcap 250,Small Cap,2023-12-26,138.84
HDFCSML250.NS,Nifty Smallcap 250,Small Cap,2023-12-27,139.31
HDFCSML250.NS,Nifty Smallcap 250,Small Cap,2023-12-28,139.91
HDFCSML250.NS,Nifty Smallcap 250,Small Cap,2023-12-29,140.57
HDFCSML250.NS,Nifty Smallcap 250,Small Cap,2024-01-01,141.97
HDFCSML250.NS,Nifty Smallcap 250,Small Cap,2024-01-02,141.91
HDFCSML250.NS,Nifty Smallcap 250,Small Cap,2024-01-03,142.03
HDFCSML250.NS,Nifty Smallcap 250,Small Cap,2024-01-04,143.51
HDFCSML250.NS,Nifty Smallcap 250,Small Cap,2024-01-05,144.21
HDFCSML250.NS,Nifty Smallcap 250,Small Cap,2024-01-08,143.74
HDFCSML250.NS,Nifty Smallcap 250,Small Cap,2024-01-09,144.15
HDFCSML250.NS,Nifty Smallcap 250,Small Cap,2024-01-10,144.07
HDFCSML250.NS,Nifty Smallcap 250,Small Cap,2024-01-11,145.38
HDFCSML250.NS,Nifty Smallcap 250,Small Cap,2024-01-12,145.94
HDFCSML250.NS,Nifty Smallcap 250,Small Cap,2024-01-15,145.94
HDFCSML250.NS,Nifty Smallcap 250,Small Cap,2024-01-16,146.05
HDFCSML250.NS,Nifty Smallcap 250,Small Cap,2024-01-17,144.71
HDFCSML250.NS,Nifty Smallcap 250,Small Cap,2024-01-18,144.34
HDFCSML250.NS,Nifty Smallcap 250,Small Cap,2024-01-19,146.09
HDFCSML250.NS,Nifty Smallcap 250,Small Cap,2024-01-23,143.37
HDFCSML250.NS,Nifty Smallcap 250,Small Cap,2024-01-24,145.24
HDFCSML250.NS,Nifty Smallcap 250,Small Cap,2024-01-25,145.68
HDFCSML250.NS,Nifty Smallcap 250,Small Cap,2024-01-29,147.65
HDFCSML250.NS,Nifty Smallcap 250,Small Cap,2024-01-30,148.26
HDFCSML250.NS,Nifty Smallcap 250,Small Cap,2024-01-31,151.42
HDFCSML250.NS,Nifty Smallcap 250,Small Cap,2024-02-01,151.82
HDFCSML250.NS,Nifty Smallcap 250,Small Cap,2024-02-02,152.82
HDFCSML250.NS,Nifty Smallcap 250,Small Cap,2024-02-05,152.29
HDFCSML250.NS,Nifty Smallcap 250,Small Cap,2024-02-06,154.17
HDFCSML250.NS,Nifty Smallcap 250,Small Cap,2024-02-07,154.61
HDFCSML250.NS,Nifty Smallcap 250,Small Cap,2024-02-08,153.97
HDFCSML250.NS,Nifty Smallcap 250,Small Cap,2024-02-09,152.35
HDFCSML250.NS,Nifty Smallcap 250,Small Cap,2024-02-12,146.89
HDFCSML250.NS,Nifty Smallcap 250,Small Cap,2024-02-13,147.17
HDFCSML250.NS,Nifty Smallcap 250,Small Cap,2024-02-14,148.9
HDFCSML250.NS,Nifty Smallcap 250,Small Cap,2024-02-15,150.71
HDFCSML250.NS,Nifty Smallcap 250,Small Cap,2024-02-16,151.78
HDFCSML250.NS,Nifty Smallcap 250,Small Cap,2024-02-19,152.35
HDFCSML250.NS,Nifty Smallcap 250,Small Cap,2024-02-20,151.72
HDFCSML250.NS,Nifty Smallcap 250,Small Cap,2024-02-21,150.61
HDFCSML250.NS,Nifty Smallcap 250,Small Cap,2024-02-22,151.58
HDFCSML250.NS,Nifty Smallcap 250,Small Cap,2024-02-23,152.36
HDFCSML250.NS,Nifty Smallcap 250,Small Cap,2024-02-26,152.16
HDFCSML250.NS,Nifty Smallcap 250,Small Cap,2024-02-27,152.31
HDFCSML250.NS,Nifty Smallcap 250,Small Cap,2024-02-28,149.79
HDFCSML250.NS,Nifty Smallcap 250,Small Cap,2024-02-29,149.87
HDFCSML250.NS,Nifty Smallcap 250,Small Cap,2024-03-01,150.85
HDFCSML250.NS,Nifty Smallcap 250,Small Cap,2024-03-04,151.5
HDFCSML250.NS,Nifty Smallcap 250,Small Cap,2024-03-05,150.6
HDFCSML250.NS,Nifty Smallcap 250,Small Cap,2024-03-06,147.68
HDFCSML250.NS,Nifty Smallcap 250,Small Cap,2024-03-07,148.88
HDFCSML250.NS,Nifty Smallcap 250,Small Cap,2024-03-11,146.02
HDFCSML250.NS,Nifty Smallcap 250,Small Cap,2024-03-12,142.84
HDFCSML250.NS,Nifty Smallcap 250,Small Cap,2024-03-13,137.92
HDFCSML250.NS,Nifty Smallcap 250,Small Cap,2024-03-14,139.69
HDFCSML250.NS,Nifty Smallcap 250,Small Cap,2024-03-15,139.86
HDFCSML250.NS,Nifty Smallcap 250,Small Cap,2024-03-18,139.67
HDFCSML250.NS,Nifty Smallcap 250,Small Cap,2024-03-19,137.98
HDFCSML250.NS,Nifty Smallcap 250,Small Cap,2024-03-20,138.08
HDFCSML250.NS,Nifty Smallcap 250,Small Cap,2024-03-21,141.25
HDFCSML250.NS,Nifty Smallcap 250,Small Cap,2024-03-22,142.52
HDFCSML250.NS,Nifty Smallcap 250,Small Cap,2024-03-26,142.87
HDFCSML250.NS,Nifty Smallcap 250,Small Cap,2024-03-27,143.6
HDFCSML250.NS,Nifty Smallcap 250,Small Cap,2024-03-28,144.11
HDFCSML250.NS,Nifty Smallcap 250,Small Cap,2024-04-01,147.66
HDFCSML250.NS,Nifty Smallcap 250,Small Cap,2024-04-02,149.24
HDFCSML250.NS,Nifty Smallcap 250,Small Cap,2024-04-03,150.83
HDFCSML250.NS,Nifty Smallcap 250,Small Cap,2024-04-04,151.75
HDFCSML250.NS,Nifty Smallcap 250,Small Cap,2024-04-05,152.62
HDFCSML250.NS,Nifty Smallcap 250,Small Cap,2024-04-08,153.14
HDFCSML250.NS,Nifty Smallcap 250,Small Cap,2024-04-09,153.09
HDFCSML250.NS,Nifty Smallcap 250,Small Cap,2024-04-10,154.25
HDFCSML250.NS,Nifty Smallcap 250,Small Cap,2024-04-12,153.98
HDFCSML250.NS,Nifty Smallcap 250,Small Cap,2024-04-15,151.66
HDFCSML250.NS,Nifty Smallcap 250,Small Cap,2024-04-16,152.43
HDFCSML250.NS,Nifty Smallcap 250,Small Cap,2024-04-18,152.53
HDFCSML250.NS,Nifty Smallcap 250,Small Cap,2024-04-19,152.3
HDFCSML250.NS,Nifty Smallcap 250,Small Cap,2024-04-22,154.56
HDFCSML250.NS,Nifty Smallcap 250,Small Cap,2024-04-23,155.01
HDFCSML250.NS,Nifty Smallcap 250,Small Cap,2024-04-24,156.6
HDFCSML250.NS,Nifty Smallcap 250,Small Cap,2024-04-25,157.83
HDFCSML250.NS,Nifty Smallcap 250,Small Cap,2024-04-26,158.99
HDFCSML250.NS,Nifty Smallcap 250,Small Cap,2024-04-29,158.96
HDFCSML250.NS,Nifty Smallcap 250,Small Cap,2024-04-30,159.02
HDFCSML250.NS,Nifty Smallcap 250,Small Cap,2024-05-02,159.13
HDFCSML250.NS,Nifty Smallcap 250,Small Cap,2024-05-03,158.72
HDFCSML250.NS,Nifty Smallcap 250,Small Cap,2024-05-06,156.67
HDFCSML250.NS,Nifty Smallcap 250,Small Cap,2024-05-07,154.09
HDFCSML250.NS,Nifty Smallcap 250,Small Cap,2024-05-08,154.78
HDFCSML250.NS,Nifty Smallcap 250,Small Cap,2024-05-09,151.21
HDFCSML250.NS,Nifty Smallcap 250,Small Cap,2024-05-10,151.86
HDFCSML250.NS,Nifty Smallcap 250,Small Cap,2024-05-13,151.22
HDFCSML250.NS,Nifty Smallcap 250,Small Cap,2024-05-14,153.53
HDFCSML250.NS,Nifty Smallcap 250,Small Cap,2024-05-15,155.07
HDFCSML250.NS,Nifty Smallcap 250,Small Cap,2024-05-16,156.03
HDFCSML250.NS,Nifty Smallcap 250,Small Cap,2024-05-17,157.9
HDFCSML250.NS,Nifty Smallcap 250,Small Cap,2024-05-21,159.04
HDFCSML250.NS,Nifty Smallcap 250,Small Cap,2024-05-22,159.26
HDFCSML250.NS,Nifty Smallcap 250,Small Cap,2024-05-23,159.06
HDFCSML250.NS,Nifty Smallcap 250,Small Cap,2024-05-24,159.38
HDFCSML250.NS,Nifty Smallcap 250,Small Cap,2024-05-27,159.5
HDFCSML250.NS,Nifty Smallcap 250,Small Cap,2024-05-28,158.47
HDFCSML250.NS,Nifty Smallcap 250,Small Cap,2024-05-29,158.67
HDFCSML250.NS,Nifty Smallcap 250,Small Cap,2024-05-30,156.6
HDFCSML250.NS,Nifty Smallcap 250,Small Cap,2024-05-31,157.18
HDFCSML250.NS,Nifty Smallcap 250,Small Cap,2024-06-03,160.45
HDFCSML250.NS,Nifty Smallcap 250,Small Cap,2024-06-04,157.23
HDFCSML250.NS,Nifty Smallcap 250,Small Cap,2024-06-05,153.39
HDFCSML250.NS,Nifty Smallcap 250,Small Cap,2024-06-06,157.84
HDFCSML250.NS,Nifty Smallcap 250,Small Cap,2024-06-07,161.26
HDFCSML250.NS,Nifty Smallcap 250,Small Cap,2024-06-10,163.27
HDFCSML250.NS,Nifty Smallcap 250,Small Cap,2024-06-11,165.03
HDFCSML250.NS,Nifty Smallcap 250,Small Cap,2024-06-12,166.45
HDFCSML250.NS,Nifty Smallcap 250,Small Cap,2024-06-13,170.08
HDFCSML250.NS,Nifty Smallcap 250,Small Cap,2024-06-14,169.38
HDFCSML250.NS,Nifty Smallcap 250,Small Cap,2024-06-18,170.89
HDFCSML250.NS,Nifty Smallcap 250,Small Cap,2024-06-19,170.11
HDFCSML250.NS,Nifty Smallcap 250,Small Cap,2024-06-20,171.35
HDFCSML250.NS,Nifty Smallcap 250,Small Cap,2024-06-21,171.28
HDFCSML250.NS,Nifty Smallcap 250,Small Cap,2024-06-24,170.92
HDFCSML250.NS,Nifty Smallcap 250,Small Cap,2024-06-25,171.42
HDFCSML250.NS,Nifty Smallcap 250,Small Cap,2024-06-26,171.45
HDFCSML250.NS,Nifty Smallcap 250,Small Cap,2024-06-27,170.42
HDFCSML250.NS,Nifty Smallcap 250,Small Cap,2024-06-28,172.12
HDFCSML250.NS,Nifty Smallcap 250,Small Cap,2024-07-01,174.56
HDFCSML250.NS,Nifty Smallcap 250,Small Cap,2024-07-02,175.21
HDFCSML250.NS,Nifty Smallcap 250,Small Cap,2024-07-03,175.4
HDFCSML250.NS,Nifty Smallcap 250,Small Cap,2024-07-04,176.63
HDFCSML250.NS,Nifty Smallcap 250,Small Cap,2024-07-05,178.19
HDFCSML250.NS,Nifty Smallcap 250,Small Cap,2024-07-08,178.32
HDFCSML250.NS,Nifty Smallcap 250,Small Cap,2024-07-09,178.15
HDFCSML250.NS,Nifty Smallcap 250,Small Cap,2024-07-10,176.7
HDFCSML250.NS,Nifty Smallcap 250,Small Cap,2024-07-11,177.13
HDFCSML250.NS,Nifty Smallcap 250,Small Cap,2024-07-12,177.51
HDFCSML250.NS,Nifty Smallcap 250,Small Cap,2024-07-15,177.97
HDFCSML250.NS,Nifty Smallcap 250,Small Cap,2024-07-16,178.78
HDFCSML250.NS,Nifty Smallcap 250,Small Cap,2024-07-18,176.95
HDFCSML250.NS,Nifty Smallcap 250,Small Cap,2024-07-19,172.98
HDFCSML250.NS,Nifty Smallcap 250,Small Cap,2024-07-22,174.13
HDFCSML250.NS,Nifty Smallcap 250,Small Cap,2024-07-23,173.22
HDFCSML250.NS,Nifty Smallcap 250,Small Cap,2024-07-24,176.39
HDFCSML250.NS,Nifty Smallcap 250,Small Cap,2024-07-25,175.88
HDFCSML250.NS,Nifty Smallcap 250,Small Cap,2024-07-26,177.24
HDFCSML250.NS,Nifty Smallcap 250,Small Cap,2024-07-29,178.9
HDFCSML250.NS,Nifty Smallcap 250,Small Cap,2024-07-30,180.65
HDFCSML250.NS,Nifty Smallcap 250,Small Cap,2024-07-31,180.51
HDFCSML250.NS,Nifty Smallcap 250,Small Cap,2024-08-01,178.98
HDFCSML250.NS,Nifty Smallcap 250,Small Cap,2024-08-02,178.07
HDFCSML250.NS,Nifty Smallcap 250,Small Cap,2024-08-05,173.99
HDFCSML250.NS,Nifty Smallcap 250,Small Cap,2024-08-06,169.88
HDFCSML250.NS,Nifty Smallcap 250,Small Cap,2024-08-07,173.77
HDFCSML250.NS,Nifty Smallcap 250,Small Cap,2024-08-08,173.59
HDFCSML250.NS,Nifty Smallcap 250,Small Cap,2024-08-09,174.71
HDFCSML250.NS,Nifty Smallcap 250,Small Cap,2024-08-12,174.82
HDFCSML250.NS,Nifty Smallcap 250,Small Cap,2024-08-13,173.05
HDFCSML250.NS,Nifty Smallcap 250,Small Cap,2024-08-14,172.02
HDFCSML250.NS,Nifty Smallcap 250,Small Cap,2024-08-16,174.9
HDFCSML250.NS,Nifty Smallcap 250,Small Cap,2024-08-19,177.07
HDFCSML250.NS,Nifty Smallcap 250,Small Cap,2024-08-20,178.44
HDFCSML250.NS,Nifty Smallcap 250,Small Cap,2024-08-21,179.76
HDFCSML250.NS,Nifty Smallcap 250,Small Cap,2024-08-22,181.27
HDFCSML250.NS,Nifty Smallcap 250,Small Cap,2024-08-23,181.21
HDFCSML250.NS,Nifty Smallcap 250,Small Cap,2024-08-26,181.54
HDFCSML250.NS,Nifty Smallcap 250,Small Cap,2024-08-27,182.79
HDFCSML250.NS,Nifty Smallcap 250,Small Cap,2024-08-28,183.06
HDFCSML250.NS,Nifty Smallcap 250,Small Cap,2024-08-29,182.05
HDFCSML250.NS,Nifty Smallcap 250,Small Cap,2024-08-30,183.07
HDFCSML250.NS,Nifty Smallcap 250,Small Cap,2024-09-02,182.89
HDFCSML250.NS,Nifty Smallcap 250,Small Cap,2024-09-03,183.83
HDFCSML250.NS,Nifty Smallcap 250,Small Cap,2024-09-04,184.08
HDFCSML250.NS,Nifty Smallcap 250,Small Cap,2024-09-05,185.98
HDFCSML250.NS,Nifty Smallcap 250,Small Cap,2024-09-06,184.32
HDFCSML250.NS,Nifty Smallcap 250,Small Cap,2024-09-09,182.87
HDFCSML250.NS,Nifty Smallcap 250,Small Cap,2024-09-10,184.98
HDFCSML250.NS,Nifty Smallcap 250,Small Cap,2024-09-11,183.44
HDFCSML250.NS,Nifty Smallcap 250,Small Cap,2024-09-12,184.88
HDFCSML250.NS,Nifty Smallcap 250,Small Cap,2024-09-13,186.09
HDFCSML250.NS,Nifty Smallcap 250,Small Cap,2024-09-16,186.83
HDFCSML250.NS,Nifty Smallcap 250,Small Cap,2024-09-17,186.66
HDFCSML250.NS,Nifty Smallcap 250,Small Cap,2024-09-18,185.95
HDFCSML250.NS,Nifty Smallcap 250,Small Cap,2024-09-19,183.82
HDFCSML250.NS,Nifty Smallcap 250,Small Cap,2024-09-20,185.29
HDFCSML250.NS,Nifty Smallcap 250,Small Cap,2024-09-23,186.8
HDFCSML250.NS,Nifty Smallcap 250,Small Cap,2024-09-24,186.77
HDFCSML250.NS,Nifty Smallcap 250,Small Cap,2024-09-25,185.97
HDFCSML250.NS,Nifty Smallcap 250,Small Cap,2024-09-26,185.59
HDFCSML250.NS,Nifty Smallcap 250,Small Cap,2024-09-27,186.19
HDFCSML250.NS,Nifty Smallcap 250,Small Cap,2024-09-30,184.76
HDFCSML250.NS,Nifty Smallcap 250,Small Cap,2024-10-01,186.42
HDFCSML250.NS,Nifty Smallcap 250,Small Cap,2024-10-03,184.17
HDFCSML250.NS,Nifty Smallcap 250,Small Cap,2024-10-04,183.0
HDFCSML250.NS,Nifty Smallcap 250,Small Cap,2024-10-07,177.86
HDFCSML250.NS,Nifty Smallcap 250,Small Cap,2024-10-08,179.82
HDFCSML250.NS,Nifty Smallcap 250,Small Cap,2024-10-09,181.94
HDFCSML250.NS,Nifty Smallcap 250,Small Cap,2024-10-10,182.38
HDFCSML250.NS,Nifty Smallcap 250,Small Cap,2024-10-11,183.05
HDFCSML250.NS,Nifty Smallcap 250,Small Cap,2024-10-14,183.67
HDFCSML250.NS,Nifty Smallcap 250,Small Cap,2024-10-15,184.93
HDFCSML250.NS,Nifty Smallcap 250,Small Cap,2024-10-16,185.85
HDFCSML250.NS,Nifty Smallcap 250,Small Cap,2024-10-17,183.59
HDFCSML250.NS,Nifty Smallcap 250,Small Cap,2024-10-18,183.39
HDFCSML250.NS,Nifty Smallcap 250,Small Cap,2024-10-21,180.67
HDFCSML250.NS,Nifty Smallcap 250,Small Cap,2024-10-22,174.25
HDFCSML250.NS,Nifty Smallcap 250,Small Cap,2024-10-23,175.44
HDFCSML250.NS,Nifty Smallcap 250,Small Cap,2024-10-24,174.87
HDFCSML250.NS,Nifty Smallcap 250,Small Cap,2024-10-25,170.79
HDFCSML250.NS,Nifty Smallcap 250,Small Cap,2024-10-28,172.52
HDFCSML250.NS,Nifty Smallcap 250,Small Cap,2024-10-29,173.63
HDFCSML250.NS,Nifty Smallcap 250,Small Cap,2024-10-30,175.82
HDFCSML250.NS,Nifty Smallcap 250,Small Cap,2024-10-31,178.22
HDFCSML250.NS,Nifty Smallcap 250,Small Cap,2024-11-01,178.22
HDFCSML250.NS,Nifty Smallcap 250,Small Cap,2024-11-04,175.46
HDFCSML250.NS,Nifty Smallcap 250,Small Cap,2024-11-05,177.79
HDFCSML250.NS,Nifty Smallcap 250,Small Cap,2024-11-06,181.31
HDFCSML250.NS,Nifty Smallcap 250,Small Cap,2024-11-07,180.08
HDFCSML250.NS,Nifty Smallcap 250,Small Cap,2024-11-08,177.58
HDFCSML250.NS,Nifty Smallcap 250,Small Cap,2024-11-11,175.43
HDFCSML250.NS,Nifty Smallcap 250,Small Cap,2024-11-12,174.35
HDFCSML250.NS,Nifty Smallcap 250,Small Cap,2024-11-13,168.33
HDFCSML250.NS,Nifty Smallcap 250,Small Cap,2024-11-14,169.15
HDFCSML250.NS,Nifty Smallcap 250,Small Cap,2024-11-18,167.91
HDFCSML250.NS,Nifty Smallcap 250,Small Cap,2024-11-19,169.28
HDFCSML250.NS,Nifty Smallcap 250,Small Cap,2024-11-21,168.54
HDFCSML250.NS,Nifty Smallcap 250,Small Cap,2024-11-22,170.2
HDFCSML250.NS,Nifty Smallcap 250,Small Cap,2024-11-25,173.73
HDFCSML250.NS,Nifty Smallcap 250,Small Cap,2024-11-26,174.81
HDFCSML250.NS,Nifty Smallcap 250,Small Cap,2024-11-27,176.21
HDFCSML250.NS,Nifty Smallcap 250,Small Cap,2024-11-28,176.02
HDFCSML250.NS,Nifty Smallcap 250,Small Cap,2024-11-29,177.58
HDFCSML250.NS,Nifty Smallcap 250,Small Cap,2024-12-02,179.13
HDFCSML250.NS,Nifty Smallcap 250,Small Cap,2024-12-03,180.86
HDFCSML250.NS,Nifty Smallcap 250,Small Cap,2024-12-04,182.37
HDFCSML250.NS,Nifty Smallcap 250,Small Cap,2024-12-05,182.72
HDFCSML250.NS,Nifty Smallcap 250,Small Cap,2024-12-06,184.15
HDFCSML250.NS,Nifty Smallcap 250,Small Cap,2024-12-09,185.03
HDFCSML250.NS,Nifty Smallcap 250,Small Cap,2024-12-10,184.93
HDFCSML250.NS,Nifty Smallcap 250,Small Cap,2024-12-11,186.01
HDFCSML250.NS,Nifty Smallcap 250,Small Cap,2024-12-12,184.32
HDFCSML250.NS,Nifty Smallcap 250,Small Cap,2024-12-13,183.8
HDFCSML250.NS,Nifty Smallcap 250,Small Cap,2024-12-16,184.52
HDFCSML250.NS,Nifty Smallcap 250,Small Cap,2024-12-17,183.04
HDFCSML250.NS,Nifty Smallcap 250,Small Cap,2024-12-18,182.18
HDFCSML250.NS,Nifty Smallcap 250,Small Cap,2024-12-19,181.56
HDFCSML250.NS,Nifty Smallcap 250,Small Cap,2024-12-20,178.23
HDFCSML250.NS,Nifty Smallcap 250,Small Cap,2024-12-23,177.3
HDFCSML250.NS,Nifty Smallcap 250,Small Cap,2024-12-24,177.39
HDFCSML250.NS,Nifty Smallcap 250,Small Cap,2024-12-26,177.45
HDFCSML250.NS,Nifty Smallcap 250,Small Cap,2024-12-27,178.27
HDFCSML250.NS,Nifty Smallcap 250,Small Cap,2024-12-30,177.4
HDFCSML250.NS,Nifty Smallcap 250,Small Cap,2024-12-31,178.66
HDFCSML250.NS,Nifty Smallcap 250,Small Cap,2025-01-01,180.32
HDFCSML250.NS,Nifty Smallcap 250,Small Cap,2025-01-02,181.21
HDFCSML250.NS,Nifty Smallcap 250,Small Cap,2025-01-03,180.91
HDFCSML250.NS,Nifty Smallcap 250,Small Cap,2025-01-06,175.6
HDFCSML250.NS,Nifty Smallcap 250,Small Cap,2025-01-07,177.58
HDFCSML250.NS,Nifty Smallcap 250,Small Cap,2025-01-08,175.63
HDFCSML250.NS,Nifty Smallcap 250,Small Cap,2025-01-09,173.64
HDFCSML250.NS,Nifty Smallcap 250,Small Cap,2025-01-10,169.51
HDFCSML250.NS,Nifty Smallcap 250,Small Cap,2025-01-13,163.07
HDFCSML250.NS,Nifty Smallcap 250,Small Cap,2025-01-14,165.29
HDFCSML250.NS,Nifty Smallcap 250,Small Cap,2025-01-15,166.04
HDFCSML250.NS,Nifty Smallcap 250,Small Cap,2025-01-16,168.31
HDFCSML250.NS,Nifty Smallcap 250,Small Cap,2025-01-17,168.19
HDFCSML250.NS,Nifty Smallcap 250,Small Cap,2025-01-20,169.47
HDFCSML250.NS,Nifty Smallcap 250,Small Cap,2025-01-21,165.92
HDFCSML250.NS,Nifty Smallcap 250,Small Cap,2025-01-22,163.18
HDFCSML250.NS,Nifty Smallcap 250,Small Cap,2025-01-23,163.78
HDFCSML250.NS,Nifty Smallcap 250,Small Cap,2025-01-24,161.05
HDFCSML250.NS,Nifty Smallcap 250,Small Cap,2025-01-27,155.12
HDFCSML250.NS,Nifty Smallcap 250,Small Cap,2025-01-28,152.07
HDFCSML250.NS,Nifty Smallcap 250,Small Cap,2025-01-29,157.1
HDFCSML250.NS,Nifty Smallcap 250,Small Cap,2025-01-30,156.91
HDFCSML250.NS,Nifty Smallcap 250,Small Cap,2025-01-31,159.89
HDFCSML250.NS,Nifty Smallcap 250,Small Cap,2025-02-01,160.49
HDFCSML250.NS,Nifty Smallcap 250,Small Cap,2025-02-03,157.65
HDFCSML250.NS,Nifty Smallcap 250,Small Cap,2025-02-04,159.52
HDFCSML250.NS,Nifty Smallcap 250,Small Cap,2025-02-05,163.47
HDFCSML250.NS,Nifty Smallcap 250,Small Cap,2025-02-06,161.88
HDFCSML250.NS,Nifty Smallcap 250,Small Cap,2025-02-07,161.24
HDFCSML250.NS,Nifty Smallcap 250,Small Cap,2025-02-10,157.71
HDFCSML250.NS,Nifty Smallcap 250,Small Cap,2025-02-11,152.54
HDFCSML250.NS,Nifty Smallcap 250,Small Cap,2025-02-12,151.41
HDFCSML250.NS,Nifty Smallcap 250,Small Cap,2025-02-13,150.96
HDFCSML250.NS,Nifty Smallcap 250,Small Cap,2025-02-14,146.02
HDFCSML250.NS,Nifty Smallcap 250,Small Cap,2025-02-17,145.64
HDFCSML250.NS,Nifty Smallcap 250,Small Cap,2025-02-18,143.53
HDFCSML250.NS,Nifty Smallcap 250,Small Cap,2025-02-19,146.84
HDFCSML250.NS,Nifty Smallcap 250,Small Cap,2025-02-20,148.69
HDFCSML250.NS,Nifty Smallcap 250,Small Cap,2025-02-21,147.29
HDFCSML250.NS,Nifty Smallcap 250,Small Cap,2025-02-24,145.95
HDFCSML250.NS,Nifty Smallcap 250,Small Cap,2025-02-25,145.25
HDFCSML250.NS,Nifty Smallcap 250,Small Cap,2025-02-27,142.66
HDFCSML250.NS,Nifty Smallcap 250,Small Cap,2025-02-28,139.55
HDFCSML250.NS,Nifty Smallcap 250,Small Cap,2025-03-03,138.44
HDFCSML250.NS,Nifty Smallcap 250,Small Cap,2025-03-04,139.94
HDFCSML250.NS,Nifty Smallcap 250,Small Cap,2025-03-05,143.81
HDFCSML250.NS,Nifty Smallcap 250,Small Cap,2025-03-06,146.09
HDFCSML250.NS,Nifty Smallcap 250,Small Cap,2025-03-07,146.91
HDFCSML250.NS,Nifty Smallcap 250,Small Cap,2025-03-10,144.06
HDFCSML250.NS,Nifty Smallcap 250,Small Cap,2025-03-11,143.16
HDFCSML250.NS,Nifty Smallcap 250,Small Cap,2025-03-12,142.78
HDFCSML250.NS,Nifty Smallcap 250,Small Cap,2025-03-13,141.87
HDFCSML250.NS,Nifty Smallcap 250,Small Cap,2025-03-17,142.26
HDFCSML250.NS,Nifty Smallcap 250,Small Cap,2025-03-18,142.26
HDFCSML250.NS,Nifty Smallcap 250,Small Cap,2025-03-19,148.96
HDFCSML250.NS,Nifty Smallcap 250,Small Cap,2025-03-20,149.83
HDFCSML250.NS,Nifty Smallcap 250,Small Cap,2025-03-21,152.98
HDFCSML250.NS,Nifty Smallcap 250,Small Cap,2025-03-24,154.72
HDFCSML250.NS,Nifty Smallcap 250,Small Cap,2025-03-25,152.5
HDFCSML250.NS,Nifty Smallcap 250,Small Cap,2025-03-26,150.67
HDFCSML250.NS,Nifty Smallcap 250,Small Cap,2025-03-27,152.3
HDFCSML250.NS,Nifty Smallcap 250,Small Cap,2025-03-28,152.07
HDFCSML250.NS,Nifty Smallcap 250,Small Cap,2025-04-01,151.05
HDFCSML250.NS,Nifty Smallcap 250,Small Cap,2025-04-02,152.35
HDFCSML250.NS,Nifty Smallcap 250,Small Cap,2025-04-03,153.38
HDFCSML250.NS,Nifty Smallcap 250,Small Cap,2025-04-04,148.71
HDFCSML250.NS,Nifty Smallcap 250,Small Cap,2025-04-07,144.2
HDFCSML250.NS,Nifty Smallcap 250,Small Cap,2025-04-08,145.67
HDFCSML250.NS,Nifty Smallcap 250,Small Cap,2025-04-09,144.36
HDFCSML250.NS,Nifty Smallcap 250,Small Cap,2025-04-11,148.71
HDFCSML250.NS,Nifty Smallcap 250,Small Cap,2025-04-15,153.13
HDFCSML250.NS,Nifty Smallcap 250,Small Cap,2025-04-16,154.66
HDFCSML250.NS,Nifty Smallcap 250,Small Cap,2025-04-17,155.16
HDFCSML250.NS,Nifty Smallcap 250,Small Cap,2025-04-21,158.4
HDFCSML250.NS,Nifty Smallcap 250,Small Cap,2025-04-22,159.19
HDFCSML250.NS,Nifty Smallcap 250,Small Cap,2025-04-23,159.72
HDFCSML250.NS,Nifty Smallcap 250,Small Cap,2025-04-24,159.11
HDFCSML250.NS,Nifty Smallcap 250,Small Cap,2025-04-25,155.79
HDFCSML250.NS,Nifty Smallcap 250,Small Cap,2025-04-28,156.77
HDFCSML250.NS,Nifty Smallcap 250,Small Cap,2025-04-29,157.17
HDFCSML250.NS,Nifty Smallcap 250,Small Cap,2025-04-30,154.37
HDFCSML250.NS,Nifty Smallcap 250,Small Cap,2025-05-02,153.98
HDFCSML250.NS,Nifty Smallcap 250,Small Cap,2025-05-05,156.16
HDFCSML250.NS,Nifty Smallcap 250,Small Cap,2025-05-06,152.68
HDFCSML250.NS,Nifty Smallcap 250,Small Cap,2025-05-07,154.1
HDFCSML250.NS,Nifty Smallcap 250,Small Cap,2025-05-08,152.12
HDFCSML250.NS,Nifty Smallcap 250,Small Cap,2025-05-09,151.62
HDFCSML250.NS,Nifty Smallcap 250,Small Cap,2025-05-12,157.68
HDFCSML250.NS,Nifty Smallcap 250,Small Cap,2025-05-13,158.49
HDFCSML250.NS,Nifty Smallcap 250,Small Cap,2025-05-14,161.04
HDFCSML250.NS,Nifty Smallcap 250,Small Cap,2025-05-15,162.36
HDFCSML250.NS,Nifty Smallcap 250,Small Cap,2025-05-16,164.54
HDFCSML250.NS,Nifty Smallcap 250,Small Cap,2025-05-19,165.86
HDFCSML250.NS,Nifty Smallcap 250,Small Cap,2025-05-20,164.14
HDFCSML250.NS,Nifty Smallcap 250,Small Cap,2025-05-21,165.02
HDFCSML250.NS,Nifty Smallcap 250,Small Cap,2025-05-22,164.83
HDFCSML250.NS,Nifty Smallcap 250,Small Cap,2025-05-23,166.17
HDFCSML250.NS,Nifty Smallcap 250,Small Cap,2025-05-26,167.11
HDFCSML250.NS,Nifty Smallcap 250,Small Cap,2025-05-27,167.44
HDFCSML250.NS,Nifty Smallcap 250,Small Cap,2025-05-28,168.05
HDFCSML250.NS,Nifty Smallcap 250,Small Cap,2025-05-29,168.53
HDFCSML250.NS,Nifty Smallcap 250,Small Cap,2025-05-30,168.99
HDFCSML250.NS,Nifty Smallcap 250,Small Cap,2025-06-02,170.37
HDFCSML250.NS,Nifty Smallcap 250,Small Cap,2025-06-03,170.73
HDFCSML250.NS,Nifty Smallcap 250,Small Cap,2025-06-04,171.6
HDFCSML250.NS,Nifty Smallcap 250,Small Cap,2025-06-05,172.63
HDFCSML250.NS,Nifty Smallcap 250,Small Cap,2025-06-06,173.37
HDFCSML250.NS,Nifty Smallcap 250,Small Cap,2025-06-09,175.72
HDFCSML250.NS,Nifty Smallcap 250,Small Cap,2025-06-10,176.4
HDFCSML250.NS,Nifty Smallcap 250,Small Cap,2025-06-11,176.05
HDFCSML250.NS,Nifty Smallcap 250,Small Cap,2025-06-12,174.0
HDFCSML250.NS,Nifty Smallcap 250,Small Cap,2025-06-13,172.96
HDFCSML250.NS,Nifty Smallcap 250,Small Cap,2025-06-16,174.09
HDFCSML250.NS,Nifty Smallcap 250,Small Cap,2025-06-17,172.8
HDFCSML250.NS,Nifty Smallcap 250,Small Cap,2025-06-18,172.31
HDFCSML250.NS,Nifty Smallcap 250,Small Cap,2025-06-19,169.21
HDFCSML250.NS,Nifty Smallcap 250,Small Cap,2025-06-20,170.24
HDFCSML250.NS,Nifty Smallcap 250,Small Cap,2025-06-23,171.48
HDFCSML250.NS,Nifty Smallcap 250,Small Cap,2025-06-24,172.84
HDFCSML250.NS,Nifty Smallcap 250,Small Cap,2025-06-25,175.66
HDFCSML250.NS,Nifty Smallcap 250,Small Cap,2025-06-26,176.0
HDFCSML250.NS,Nifty Smallcap 250,Small Cap,2025-06-27,177.4
HDFCSML250.NS,Nifty Smallcap 250,Small Cap,2025-06-30,179.04
HDFCSML250.NS,Nifty Smallcap 250,Small Cap,2025-07-01,178.46
HDFCSML250.NS,Nifty Smallcap 250,Small Cap,2025-07-02,177.17
HDFCSML250.NS,Nifty Smallcap 250,Small Cap,2025-07-03,178.25
HDFCSML250.NS,Nifty Smallcap 250,Small Cap,2025-07-04,178.18
HDFCSML250.NS,Nifty Smallcap 250,Small Cap,2025-07-07,177.98
HDFCSML250.NS,Nifty Smallcap 250,Small Cap,2025-07-08,177.37
HDFCSML250.NS,Nifty Smallcap 250,Small Cap,2025-07-09,178.87
HDFCSML250.NS,Nifty Smallcap 250,Small Cap,2025-07-10,178.72
HDFCSML250.NS,Nifty Smallcap 250,Small Cap,2025-07-11,177.23
HDFCSML250.NS,Nifty Smallcap 250,Small Cap,2025-07-14,178.97
HDFCSML250.NS,Nifty Smallcap 250,Small Cap,2025-07-15,180.62
HDFCSML250.NS,Nifty Smallcap 250,Small Cap,2025-07-16,180.91
HDFCSML250.NS,Nifty Smallcap 250,Small Cap,2025-07-17,181.38
HDFCSML250.NS,Nifty Smallcap 250,Small Cap,2025-07-18,179.79
HDFCSML250.NS,Nifty Smallcap 250,Small Cap,2025-07-21,180.07
HDFCSML250.NS,Nifty Smallcap 250,Small Cap,2025-07-22,179.37
HDFCSML250.NS,Nifty Smallcap 250,Small Cap,2025-07-23,179.59
HDFCSML250.NS,Nifty Smallcap 250,Small Cap,2025-07-24,178.53
HDFCSML250.NS,Nifty Smallcap 250,Small Cap,2025-07-25,175.08
HDFCSML250.NS,Nifty Smallcap 250,Small Cap,2025-07-28,172.91
HDFCSML250.NS,Nifty Smallcap 250,Small Cap,2025-07-29,174.38
HDFCSML250.NS,Nifty Smallcap 250,Small Cap,2025-07-30,174.09
HDFCSML250.NS,Nifty Smallcap 250,Small Cap,2025-07-31,172.3
HDFCSML250.NS,Nifty Smallcap 250,Small Cap,2025-08-01,169.9
HDFCSML250.NS,Nifty Smallcap 250,Small Cap,2025-08-04,171.47
HDFCSML250.NS,Nifty Smallcap 250,Small Cap,2025-08-05,170.87
HDFCSML250.NS,Nifty Smallcap 250,Small Cap,2025-08-06,168.93
HDFCSML250.NS,Nifty Smallcap 250,Small Cap,2025-08-07,168.88
HDFCSML250.NS,Nifty Smallcap 250,Small Cap,2025-08-08,166.9
HDFCSML250.NS,Nifty Smallcap 250,Small Cap,2025-08-11,167.52
HDFCSML250.NS,Nifty Smallcap 250,Small Cap,2025-08-12,167.42
HDFCSML250.NS,Nifty Smallcap 250,Small Cap,2025-08-13,168.64
HDFCSML250.NS,Nifty Smallcap 250,Small Cap,2025-08-14,168.06
HDFCSML250.NS,Nifty Smallcap 250,Small Cap,2025-08-18,170.29
HDFCSML250.NS,Nifty Smallcap 250,Small Cap,2025-08-19,171.43
HDFCSML250.NS,Nifty Smallcap 250,Small Cap,2025-08-20,171.77
HDFCSML250.NS,Nifty Smallcap 250,Small Cap,2025-08-21,171.64
HDFCSML250.NS,Nifty Smallcap 250,Small Cap,2025-08-22,171.38
HDFCSML250.NS,Nifty Smallcap 250,Small Cap,2025-08-25,171.79
HDFCSML250.NS,Nifty Smallcap 250,Small Cap,2025-08-26,168.77
HDFCSML250.NS,Nifty Smallcap 250,Small Cap,2025-08-28,166.98
HDFCSML250.NS,Nifty Smallcap 250,Small Cap,2025-08-29,166.36
HDFCSML250.NS,Nifty Smallcap 250,Small Cap,2025-09-01,168.78
HDFCSML250.NS,Nifty Smallcap 250,Small Cap,2025-09-02,169.8
HDFCSML250.NS,Nifty Smallcap 250,Small Cap,2025-09-03,171.22
HDFCSML250.NS,Nifty Smallcap 250,Small Cap,2025-09-04,169.51
HDFCSML250.NS,Nifty Smallcap 250,Small Cap,2025-09-05,169.94
HDFCSML250.NS,Nifty Smallcap 250,Small Cap,2025-09-08,171.05
HDFCSML250.NS,Nifty Smallcap 250,Small Cap,2025-09-09,170.89
HDFCSML250.NS,Nifty Smallcap 250,Small Cap,2025-09-10,172.18
HDFCSML250.NS,Nifty Smallcap 250,Small Cap,2025-09-11,172.09
HDFCSML250.NS,Nifty Smallcap 250,Small Cap,2025-09-12,172.88
HDFCSML250.NS,Nifty Smallcap 250,Small Cap,2025-09-15,174.02
HDFCSML250.NS,Nifty Smallcap 250,Small Cap,2025-09-16,175.7
HDFCSML250.NS,Nifty Smallcap 250,Small Cap,2025-09-17,176.14
HDFCSML250.NS,Nifty Smallcap 250,Small Cap,2025-09-18,175.79
HDFCSML250.NS,Nifty Smallcap 250,Small Cap,2025-09-19,176.03
HDFCSML250.NS,Nifty Smallcap 250,Small Cap,2025-09-22,174.02
HDFCSML250.NS,Nifty Smallcap 250,Small Cap,2025-09-23,173.49
HDFCSML250.NS,Nifty Smallcap 250,Small Cap,2025-09-24,172.64
HDFCSML250.NS,Nifty Smallcap 250,Small Cap,2025-09-25,171.94
HDFCSML250.NS,Nifty Smallcap 250,Small Cap,2025-09-26,168.39
HDFCSML250.NS,Nifty Smallcap 250,Small Cap,2025-09-29,168.18
HDFCSML250.NS,Nifty Smallcap 250,Small Cap,2025-09-30,167.79
HDFCSML250.NS,Nifty Smallcap 250,Small Cap,2025-10-01,169.89
HDFCSML250.NS,Nifty Smallcap 250,Small Cap,2025-10-03,171.56
HDFCSML250.NS,Nifty Smallcap 250,Small Cap,2025-10-06,171.33
HDFCSML250.NS,Nifty Smallcap 250,Small Cap,2025-10-07,171.45
HDFCSML250.NS,Nifty Smallcap 250,Small Cap,2025-10-08,170.33
HDFCSML250.NS,Nifty Smallcap 250,Small Cap,2025-10-09,171.45
HDFCSML250.NS,Nifty Smallcap 250,Small Cap,2025-10-10,172.47
HDFCSML250.NS,Nifty Smallcap 250,Small Cap,2025-10-13,171.59
HDFCSML250.NS,Nifty Smallcap 250,Small Cap,2025-10-14,169.68
HDFCSML250.NS,Nifty Smallcap 250,Small Cap,2025-10-15,171.83
HDFCSML250.NS,Nifty Smallcap 250,Small Cap,2025-10-16,172.52
HDFCSML250.NS,Nifty Smallcap 250,Small Cap,2025-10-17,171.52
HDFCSML250.NS,Nifty Smallcap 250,Small Cap,2025-10-20,172.59
HDFCSML250.NS,Nifty Smallcap 250,Small Cap,2025-10-21,173.67
HDFCSML250.NS,Nifty Smallcap 250,Small Cap,2025-10-23,173.76
HDFCSML250.NS,Nifty Smallcap 250,Small Cap,2025-10-27,174.68
HDFCSML250.NS,Nifty Smallcap 250,Small Cap,2025-10-28,174.34
HDFCSML250.NS,Nifty Smallcap 250,Small Cap,2025-10-29,175.08
HDFCSML250.NS,Nifty Smallcap 250,Small Cap,2025-10-30,174.93
HDFCSML250.NS,Nifty Smallcap 250,Small Cap,2025-10-31,174.1
HDFCSML250.NS,Nifty Smallcap 250,Small Cap,2025-11-03,175.37
HDFCSML250.NS,Nifty Smallcap 250,Small Cap,2025-11-04,174.27
HDFCSML250.NS,Nifty Smallcap 250,Small Cap,2025-11-06,171.95
HDFCSML250.NS,Nifty Smallcap 250,Small Cap,2025-11-07,171.6
HDFCSML250.NS,Nifty Smallcap 250,Small Cap,2025-11-10,171.57
HDFCSML250.NS,Nifty Smallcap 250,Small Cap,2025-11-11,171.34
HDFCSML250.NS,Nifty Smallcap 250,Small Cap,2025-11-12,172.63
HDFCSML250.NS,Nifty Smallcap 250,Small Cap,2025-11-13,171.73
HDFCSML250.NS,Nifty Smallcap 250,Small Cap,2025-11-14,172.17
HDFCSML250.NS,Nifty Smallcap 250,Small Cap,2025-11-17,173.44
HDFCSML250.NS,Nifty Smallcap 250,Small Cap,2025-11-18,171.19
HDFCSML250.NS,Nifty Smallcap 250,Small Cap,2025-11-19,170.63
HDFCSML250.NS,Nifty Smallcap 250,Small Cap,2025-11-20,170.73
HDFCSML250.NS,Nifty Smallcap 250,Small Cap,2025-11-21,168.15
HDFCSML250.NS,Nifty Smallcap 250,Small Cap,2025-11-24,167.38
HDFCSML250.NS,Nifty Smallcap 250,Small Cap,2025-11-25,167.69
HDFCSML250.NS,Nifty Smallcap 250,Small Cap,2025-11-26,169.69
HDFCSML250.NS,Nifty Smallcap 250,Small Cap,2025-11-27,169.1
HDFCSML250.NS,Nifty Smallcap 250,Small Cap,2025-11-28,168.72
HDFCSML250.NS,Nifty Smallcap 250,Small Cap,2025-12-01,169.08
HDFCSML250.NS,Nifty Smallcap 250,Small Cap,2025-12-02,168.17
HDFCSML250.NS,Nifty Smallcap 250,Small Cap,2025-12-03,167.61
HDFCSML250.NS,Nifty Smallcap 250,Small Cap,2025-12-04,167.25
HDFCSML250.NS,Nifty Smallcap 250,Small Cap,2025-12-05,166.4
HDFCSML250.NS,Nifty Smallcap 250,Small Cap,2025-12-08,162.52
HDFCSML250.NS,Nifty Smallcap 250,Small Cap,2025-12-09,164.07
HDFCSML250.NS,Nifty Smallcap 250,Small Cap,2025-12-10,162.78
HDFCSML250.NS,Nifty Smallcap 250,Small Cap,2025-12-11,163.93
HDFCSML250.NS,Nifty Smallcap 250,Small Cap,2025-12-12,165.28
HDFCSML250.NS,Nifty Smallcap 250,Small Cap,2025-12-15,165.91
HDFCSML250.NS,Nifty Smallcap 250,Small Cap,2025-12-16,164.4
HDFCSML250.NS,Nifty Smallcap 250,Small Cap,2025-12-17,163.26
HDFCSML250.NS,Nifty Smallcap 250,Small Cap,2025-12-18,162.95
HDFCSML250.NS,Nifty Smallcap 250,Small Cap,2025-12-22,167.06
HDFCSML250.NS,Nifty Smallcap 250,Small Cap,2025-12-23,167.35
HDFCSML250.NS,Nifty Smallcap 250,Small Cap,2025-12-24,167.25
HDFCSML250.NS,Nifty Smallcap 250,Small Cap,2025-12-26,167.07
HDFCSML250.NS,Nifty Smallcap 250,Small Cap,2025-12-29,166.17
HDFCSML250.NS,Nifty Smallcap 250,Small Cap,2025-12-30,165.93
HDFCSML250.NS,Nifty Smallcap 250,Small Cap,2025-12-31,167.71
HDFCSML250.NS,Nifty Smallcap 250,Small Cap,2026-01-01,167.53
HDFCSML250.NS,Nifty Smallcap 250,Small Cap,2026-01-02,168.85
HDFCSML250.NS,Nifty Smallcap 250,Small Cap,2026-01-05,169.33
HDFCSML250.NS,Nifty Smallcap 250,Small Cap,2026-01-06,168.83
HDFCSML250.NS,Nifty Smallcap 250,Small Cap,2026-01-07,169.19
HDFCSML250.NS,Nifty Smallcap 250,Small Cap,2026-01-08,166.22
HDFCSML250.NS,Nifty Smallcap 250,Small Cap,2026-01-09,163.47
HDFCSML250.NS,Nifty Smallcap 250,Small Cap,2026-01-12,162.22
HDFCSML250.NS,Nifty Smallcap 250,Small Cap,2026-01-13,163.0
HDFCSML250.NS,Nifty Smallcap 250,Small Cap,2026-01-14,163.97
HDFCSML250.NS,Nifty Smallcap 250,Small Cap,2026-01-15,163.97
HDFCSML250.NS,Nifty Smallcap 250,Small Cap,2026-01-16,163.34
HDFCSML250.NS,Nifty Smallcap 250,Small Cap,2026-01-19,161.46
HDFCSML250.NS,Nifty Smallcap 250,Small Cap,2026-01-20,157.33
HDFCSML250.NS,Nifty Smallcap 250,Small Cap,2026-01-21,155.82
HDFCSML250.NS,Nifty Smallcap 250,Small Cap,2026-01-22,157.34
HDFCSML250.NS,Nifty Smallcap 250,Small Cap,2026-01-23,154.2
HDFCSML250.NS,Nifty Smallcap 250,Small Cap,2026-01-27,154.68
HDFCSML250.NS,Nifty Smallcap 250,Small Cap,2026-01-28,157.7
HDFCSML250.NS,Nifty Smallcap 250,Small Cap,2026-01-29,157.54
HDFCSML250.NS,Nifty Smallcap 250,Small Cap,2026-01-30,158.39
HDFCSML250.NS,Nifty Smallcap 250,Small Cap,2026-02-02,156.44
HDFCSML250.NS,Nifty Smallcap 250,Small Cap,2026-02-03,160.93
HDFCSML250.NS,Nifty Smallcap 250,Small Cap,2026-02-04,161.92
HDFCSML250.NS,Nifty Smallcap 250,Small Cap,2026-02-05,160.16
HDFCSML250.NS,Nifty Smallcap 250,Small Cap,2026-02-06,160.07
HDFCSML250.NS,Nifty Smallcap 250,Small Cap,2026-02-09,163.87
HDFCSML250.NS,Nifty Smallcap 250,Small Cap,2026-02-10,164.85
HDFCSML250.NS,Nifty Smallcap 250,Small Cap,2026-02-11,164.58
HDFCSML250.NS,Nifty Smallcap 250,Small Cap,2026-02-12,163.81
HDFCSML250.NS,Nifty Smallcap 250,Small Cap,2026-02-13,161.21
HDFCSML250.NS,Nifty Smallcap 250,Small Cap,2026-02-16,161.04
HDFCSML250.NS,Nifty Smallcap 250,Small Cap,2026-02-17,162.29
HDFCSML250.NS,Nifty Smallcap 250,Small Cap,2026-02-18,163.1
HDFCSML250.NS,Nifty Smallcap 250,Small Cap,2026-02-19,160.99
HDFCSML250.NS,Nifty Smallcap 250,Small Cap,2026-02-20,160.89
HDFCSML250.NS,Nifty Smallcap 250,Small Cap,2026-02-23,161.37
HDFCSML250.NS,Nifty Smallcap 250,Small Cap,2026-02-24,160.15
HDFCSML250.NS,Nifty Smallcap 250,Small Cap,2026-02-25,161.51
HDFCSML250.NS,Nifty Smallcap 250,Small Cap,2026-02-26,161.64
HDFCSML250.NS,Nifty Smallcap 250,Small Cap,2026-02-27,160.22
HDFCSML250.NS,Nifty Smallcap 250,Small Cap,2026-03-02,157.12
HDFCSML250.NS,Nifty Smallcap 250,Small Cap,2026-03-04,153.82
HDFCSML250.NS,Nifty Smallcap 250,Small Cap,2026-03-05,155.8
HDFCSML250.NS,Nifty Smallcap 250,Small Cap,2026-03-09,151.92
HDFCSML250.NS,Nifty Smallcap 250,Small Cap,2026-03-10,154.82
HDFCSML250.NS,Nifty Smallcap 250,Small Cap,2026-03-11,154.28
HDFCSML250.NS,Nifty Smallcap 250,Small Cap,2026-03-12,153.89
HDFCSML250.NS,Nifty Smallcap 250,Small Cap,2026-03-13,149.91
HDFCSML250.NS,Nifty Smallcap 250,Small Cap,2026-03-16,149.28
HDFCSML250.NS,Nifty Smallcap 250,Small Cap,2026-03-17,150.17
HDFCSML250.NS,Nifty Smallcap 250,Small Cap,2026-03-18,152.33
HDFCSML250.NS,Nifty Smallcap 250,Small Cap,2026-03-19,148.82
HDFCSML250.NS,Nifty Smallcap 250,Small Cap,2026-03-20,149.18
HDFCSML250.NS,Nifty Smallcap 250,Small Cap,2026-03-23,143.66
HDFCSML250.NS,Nifty Smallcap 250,Small Cap,2026-03-24,146.97
HDFCSML250.NS,Nifty Smallcap 250,Small Cap,2026-03-25,150.63
HDFCSML250.NS,Nifty Smallcap 250,Small Cap,2026-03-27,148.32
HDFCSML250.NS,Nifty Smallcap 250,Small Cap,2026-03-30,143.95
HDFCSML250.NS,Nifty Smallcap 250,Small Cap,2026-04-01,149.13
HDFCSML250.NS,Nifty Smallcap 250,Small Cap,2026-04-02,148.45
HDFCSML250.NS,Nifty Smallcap 250,Small Cap,2026-04-06,149.99
HDFCSML250.NS,Nifty Smallcap 250,Small Cap,2026-04-07,150.31
HDFCSML250.NS,Nifty Smallcap 250,Small Cap,2026-04-08,156.07
HDFCSML250.NS,Nifty Smallcap 250,Small Cap,2026-04-09,156.09
HDFCSML250.NS,Nifty Smallcap 250,Small Cap,2026-04-10,158.57
HDFCSML250.NS,Nifty Smallcap 250,Small Cap,2026-04-13,157.59
HDFCSML250.NS,Nifty Smallcap 250,Small Cap,2026-04-15,161.37
HDFCSML250.NS,Nifty Smallcap 250,Small Cap,2026-04-16,162.8
HDFCSML250.NS,Nifty Smallcap 250,Small Cap,2026-04-17,165.6
HDFCSML250.NS,Nifty Smallcap 250,Small Cap,2026-04-20,164.62
HDFCSML250.NS,Nifty Smallcap 250,Small Cap,2026-04-21,166.43
HDFCSML250.NS,Nifty Smallcap 250,Small Cap,2026-04-22,168.0
HDFCSML250.NS,Nifty Smallcap 250,Small Cap,2026-04-23,166.69
HDFCSML250.NS,Nifty Smallcap 250,Small Cap,2026-04-24,165.13
HDFCSML250.NS,Nifty Smallcap 250,Small Cap,2026-04-27,168.42
HDFCSML250.NS,Nifty Smallcap 250,Small Cap,2026-04-28,168.43
HDFCSML250.NS,Nifty Smallcap 250,Small Cap,2026-04-29,168.95
HDFCSML250.NS,Nifty Smallcap 250,Small Cap,2026-04-30,168.64
HDFCSML250.NS,Nifty Smallcap 250,Small Cap,2026-05-01,168.64
HDFCSML250.NS,Nifty Smallcap 250,Small Cap,2026-05-04,169.47
HDFCSML250.NS,Nifty Smallcap 250,Small Cap,2026-05-05,170.1
HDFCSML250.NS,Nifty Smallcap 250,Small Cap,2026-05-06,173.1
HDFCSML250.NS,Nifty Smallcap 250,Small Cap,2026-05-07,175.95
HDFCSML250.NS,Nifty Smallcap 250,Small Cap,2026-05-08,175.53
HDFCSML250.NS,Nifty Smallcap 250,Small Cap,2026-05-11,173.11
HDFCSML250.NS,Nifty Smallcap 250,Small Cap,2026-05-12,168.24
HDFCSML250.NS,Nifty Smallcap 250,Small Cap,2026-05-13,168.84
HDFCSML250.NS,Nifty Smallcap 250,Small Cap,2026-05-14,168.82
HDFCSML250.NS,Nifty Smallcap 250,Small Cap,2026-05-15,168.12
HDFCSML250.NS,Nifty Smallcap 250,Small Cap,2026-05-18,165.7
HDFCSML250.NS,Nifty Smallcap 250,Small Cap,2026-05-19,167.67
HDFCSML250.NS,Nifty Smallcap 250,Small Cap,2026-05-20,168.18
HDFCSML250.NS,Nifty Smallcap 250,Small Cap,2026-05-21,168.97
HDFCSML250.NS,Nifty Smallcap 250,Small Cap,2026-05-22,168.99
HDFCSML250.NS,Nifty Smallcap 250,Small Cap,2026-05-25,171.1
HDFCSML250.NS,Nifty Smallcap 250,Small Cap,2026-05-26,171.75
HDFCSML250.NS,Nifty Smallcap 250,Small Cap,2026-05-27,171.88
HDFCSML250.NS,Nifty Smallcap 250,Small Cap,2026-05-28,171.88
HDFCSML250.NS,Nifty Smallcap 250,Small Cap,2026-05-29,170.66
HDFCSML250.NS,Nifty Smallcap 250,Small Cap,2026-06-01,169.63
HDFCSML250.NS,Nifty Smallcap 250,Small Cap,2026-06-02,170.88
HDFCSML250.NS,Nifty Smallcap 250,Small Cap,2026-06-03,170.59
HDFCSML250.NS,Nifty Smallcap 250,Small Cap,2026-06-04,171.45
HDFCSML250.NS,Nifty Smallcap 250,Small Cap,2026-06-05,171.22
HDFCSML250.NS,Nifty Smallcap 250,Small Cap,2026-06-08,168.57
HDFCSML250.NS,Nifty Smallcap 250,Small Cap,2026-06-09,170.86
HDFCSML250.NS,Nifty Smallcap 250,Small Cap,2026-06-10,168.66
HDFCSML250.NS,Nifty Smallcap 250,Small Cap,2026-06-11,167.52
HDFCSML250.NS,Nifty Smallcap 250,Small Cap,2026-06-12,172.2
HDFCSML250.NS,Nifty Smallcap 250,Small Cap,2026-06-15,174.24
HDFCSML250.NS,Nifty Smallcap 250,Small Cap,2026-06-16,175.01
HDFCSML250.NS,Nifty Smallcap 250,Small Cap,2026-06-17,176.38
HDFCSML250.NS,Nifty Smallcap 250,Small Cap,2026-06-18,177.47
HDFCSML250.NS,Nifty Smallcap 250,Small Cap,2026-06-19,178.63
HDFCSML250.NS,Nifty Smallcap 250,Small Cap,2026-06-22,180.01
HDFCSML250.NS,Nifty Smallcap 250,Small Cap,2026-06-23,178.33
HDFCSML250.NS,Nifty Smallcap 250,Small Cap,2026-06-24,179.08
HDFCSML250.NS,Nifty Smallcap 250,Small Cap,2026-06-25,177.91
HDFCSML250.NS,Nifty Smallcap 250,Small Cap,2026-06-26,177.91
HDFCSML250.NS,Nifty Smallcap 250,Small Cap,2026-06-29,177.18
HDFCSML250.NS,Nifty Smallcap 250,Small Cap,2026-06-30,178.66
HDFCSML250.NS,Nifty Smallcap 250,Small Cap,2026-07-01,179.53
HDFCSML250.NS,Nifty Smallcap 250,Small Cap,2026-07-02,180.68
HDFCSML250.NS,Nifty Smallcap 250,Small Cap,2026-07-03,181.46
HDFCSML250.NS,Nifty Smallcap 250,Small Cap,2026-07-06,182.15
HDFCSML250.NS,Nifty Smallcap 250,Small Cap,2026-07-07,180.58
HDFCSML250.NS,Nifty Smallcap 250,Small Cap,2026-07-08,177.26
HDFCSML250.NS,Nifty Smallcap 250,Small Cap,2026-07-09,180.15
HDFCSML250.NS,Nifty Smallcap 250,Small Cap,2026-07-10,182.6
HDFCSML250.NS,Nifty Smallcap 250,Small Cap,2026-07-13,183.23
HDFCSML250.NS,Nifty Smallcap 250,Small Cap,2026-07-14,180.71
HDFCSML250.NS,Nifty Smallcap 250,Small Cap,2026-07-15,181.97
HDFCSML250.NS,Nifty Smallcap 250,Small Cap,2026-07-16,182.2
HDFCSML250.NS,Nifty Smallcap 250,Small Cap,2026-07-17,181.3
HDFCSML250.NS,Nifty Smallcap 250,Small Cap,2026-07-20,181.41
HDFCSML250.NS,Nifty Smallcap 250,Small Cap,2026-07-21,182.17
HDFCSML250.NS,Nifty Smallcap 250,Small Cap,2026-07-22,180.12
HDFCSML250.NS,Nifty Smallcap 250,Small Cap,2026-07-23,178.09
HDFCSML250.NS,Nifty Smallcap 250,Small Cap,2026-07-24,177.58
HDFCSML250.NS,Nifty Smallcap 250,Small Cap,2026-07-27,179.94
HDFCSML250.NS,Nifty Smallcap 250,Small Cap,2026-07-28,179.06
HDFCSML250.NS,Nifty Smallcap 250,Small Cap,2026-07-29,181.22
HDFCSML250.NS,Nifty Smallcap 250,Small Cap,2026-07-30,179.85
HDFCSML250.NS,Nifty Smallcap 250,Small Cap,2026-07-31,180.67
HDFCSML250.NS,Nifty Smallcap 250,Small Cap,2026-08-03,183.38
HDFCSML250.NS,Nifty Smallcap 250,Small Cap,2026-08-04,183.29
HDFCSML250.NS,Nifty Smallcap 250,Small Cap,2026-08-05,185.1
HDFCSML250.NS,Nifty Smallcap 250,Small Cap,2026-08-06,185.47
HDFCSML250.NS,Nifty Smallcap 250,Small Cap,2026-08-07,184.89
HDFCSML250.NS,Nifty Smallcap 250,Small Cap,2026-08-10,184.64
HDFCSML250.NS,Nifty Smallcap 250,Small Cap,2026-08-11,184.95
HDFCSML250.NS,Nifty Smallcap 250,Small Cap,2026-08-12,184.44
HDFCSML250.NS,Nifty Smallcap 250,Small Cap,2026-08-13,185.21
HDFCSML250.NS,Nifty Smallcap 250,Small Cap,2026-08-14,184.64
HDFCSML250.NS,Nifty Smallcap 250,Small Cap,2026-08-17,185.2
HDFCSML250.NS,Nifty Smallcap 250,Small Cap,2026-08-18,184.78
HDFCSML250.NS,Nifty Smallcap 250,Small Cap,2026-08-19,184.15
HDFCSML250.NS,Nifty Smallcap 250,Small Cap,2026-08-20,185.25
HDFCSML250.NS,Nifty Smallcap 250,Small Cap,2026-08-21,185.39
HDFCSML250.NS,Nifty Smallcap 250,Small Cap,2026-08-24,185.18
HDFCSML250.NS,Nifty Smallcap 250,Small Cap,2026-08-25,185.21
HDFCSML250.NS,Nifty Smallcap 250,Small Cap,2026-08-26,186.38
HDFCSML250.NS,Nifty Smallcap 250,Small Cap,2026-08-27,185.58
HDFCSML250.NS,Nifty Smallcap 250,Small Cap,2026-08-28,186.5
HDFCSML250.NS,Nifty Smallcap 250,Small Cap,2026-08-31,185.36
HDFCSML250.NS,Nifty Smallcap 250,Small Cap,2026-09-01,185.65
HDFCSML250.NS,Nifty Smallcap 250,Small Cap,2026-09-02,184.13
HDFCSML250.NS,Nifty Smallcap 250,Small Cap,2026-09-03,186.26
HDFCSML250.NS,Nifty Smallcap 250,Small Cap,2026-09-04,186.65
HDFCSML250.NS,Nifty Smallcap 250,Small Cap,2026-09-07,186.73
HDFCSML250.NS,Nifty Smallcap 250,Small Cap,2026-09-08,186.57
HDFCSML250.NS,Nifty Smallcap 250,Small Cap,2026-09-09,185.46
HDFCSML250.NS,Nifty Smallcap 250,Small Cap,2026-09-10,186.25
HDFCSML250.NS,Nifty Smallcap 250,Small Cap,2026-09-11,185.17
HDFCSML250.NS,Nifty Smallcap 250,Small Cap,2026-09-14,185.17
HDFCSML250.NS,Nifty Smallcap 250,Small Cap,2026-09-15,180.83
HDFCSML250.NS,Nifty Smallcap 250,Small Cap,2026-09-16,181.06
HDFCSML250.NS,Nifty Smallcap 250,Small Cap,2026-09-17,181.9
HDFCSML250.NS,Nifty Smallcap 250,Small Cap,2026-09-18,184.55
HDFCSML250.NS,Nifty Smallcap 250,Small Cap,2026-09-21,184.23
HDFCSML250.NS,Nifty Smallcap 250,Small Cap,2026-09-22,183.98
HDFCSML250.NS,Nifty Smallcap 250,Small Cap,2026-09-24,183.3
^CNX100,Nifty 100,Large Cap,2016-09-26,8956.4004
^CNX100,Nifty 100,Large Cap,2016-09-27,8940.5
^CNX100,Nifty 100,Large Cap,2016-09-28,8983.7998
^CNX100,Nifty 100,Large Cap,2016-09-29,8799.9502
^CNX100,Nifty 100,Large Cap,2016-09-30,8844.2002
^CNX100,Nifty 100,Large Cap,2016-10-03,8992.5498
^CNX100,Nifty 100,Large Cap,2016-10-04,9029.2002
^CNX100,Nifty 100,Large Cap,2016-10-05,9010.0
^CNX100,Nifty 100,Large Cap,2016-10-06,8979.25
^CNX100,Nifty 100,Large Cap,2016-10-07,8965.2998
^CNX100,Nifty 100,Large Cap,2016-10-10,8971.9502
^CNX100,Nifty 100,Large Cap,2016-10-13,8832.2998
^CNX100,Nifty 100,Large Cap,2016-10-14,8847.2998
^CNX100,Nifty 100,Large Cap,2016-10-17,8784.4502
^CNX100,Nifty 100,Large Cap,2016-10-18,8945.5996
^CNX100,Nifty 100,Large Cap,2016-10-19,8933.9004
^CNX100,Nifty 100,Large Cap,2016-10-20,8970.2998
^CNX100,Nifty 100,Large Cap,2016-10-21,8967.5498
^CNX100,Nifty 100,Large Cap,2016-10-24,8977.0996
^CNX100,Nifty 100,Large Cap,2016-10-25,8963.4502
^CNX100,Nifty 100,Large Cap,2016-10-26,8883.1504
^CNX100,Nifty 100,Large Cap,2016-10-27,8866.1504
^CNX100,Nifty 100,Large Cap,2016-10-28,8906.0498
^CNX100,Nifty 100,Large Cap,2016-11-01,8904.4004
^CNX100,Nifty 100,Large Cap,2016-11-02,8781.0996
^CNX100,Nifty 100,Large Cap,2016-11-03,8736.1504
^CNX100,Nifty 100,Large Cap,2016-11-04,8673.8496
^CNX100,Nifty 100,Large Cap,2016-11-07,8738.0
^CNX100,Nifty 100,Large Cap,2016-11-08,8782.9004
^CNX100,Nifty 100,Large Cap,2016-11-09,8660.1504
^CNX100,Nifty 100,Large Cap,2016-11-10,8763.5498
^CNX100,Nifty 100,Large Cap,2016-11-11,8518.4502
^CNX100,Nifty 100,Large Cap,2016-11-15,8296.0498
^CNX100,Nifty 100,Large Cap,2016-11-16,8309.0
^CNX100,Nifty 100,Large Cap,2016-11-17,8281.9502
^CNX100,Nifty 100,Large Cap,2016-11-18,8283.2998
^CNX100,Nifty 100,Large Cap,2016-11-21,8124.6001
^CNX100,Nifty 100,Large Cap,2016-11-22,8208.3496
^CNX100,Nifty 100,Large Cap,2016-11-23,8253.6504
^CNX100,Nifty 100,Large Cap,2016-11-24,8194.5996
^CNX100,Nifty 100,Large Cap,2016-11-25,8344.0498
^CNX100,Nifty 100,Large Cap,2016-11-28,8365.0996
^CNX100,Nifty 100,Large Cap,2016-11-29,8379.5498
^CNX100,Nifty 100,Large Cap,2016-11-30,8466.4004
^CNX100,Nifty 100,Large Cap,2016-12-01,8425.9004
^CNX100,Nifty 100,Large Cap,2016-12-02,8316.3496
^CNX100,Nifty 100,Large Cap,2016-12-05,8365.0
^CNX100,Nifty 100,Large Cap,2016-12-06,8380.9004
^CNX100,Nifty 100,Large Cap,2016-12-07,8344.2998
^CNX100,Nifty 100,Large Cap,2016-12-08,8493.4004
^CNX100,Nifty 100,Large Cap,2016-12-09,8501.7002
^CNX100,Nifty 100,Large Cap,2016-12-12,8406.3496
^CNX100,Nifty 100,Large Cap,2016-12-13,8443.7002
^CNX100,Nifty 100,Large Cap,2016-12-14,8397.2998
^CNX100,Nifty 100,Large Cap,2016-12-15,8370.25
^CNX100,Nifty 100,Large Cap,2016-12-16,8355.75
^CNX100,Nifty 100,Large Cap,2016-12-19,8316.5498
^CNX100,Nifty 100,Large Cap,2016-12-20,8286.4004
^CNX100,Nifty 100,Large Cap,2016-12-21,8267.5498
^CNX100,Nifty 100,Large Cap,2016-12-22,8173.5498
^CNX100,Nifty 100,Large Cap,2016-12-23,8173.25
^CNX100,Nifty 100,Large Cap,2016-12-26,8083.0498
^CNX100,Nifty 100,Large Cap,2016-12-27,8214.4502
^CNX100,Nifty 100,Large Cap,2016-12-28,8222.0
^CNX100,Nifty 100,Large Cap,2016-12-29,8296.7998
^CNX100,Nifty 100,Large Cap,2016-12-30,8382.5
^CNX100,Nifty 100,Large Cap,2017-01-02,8389.25
^CNX100,Nifty 100,Large Cap,2017-01-03,8411.2002
^CNX100,Nifty 100,Large Cap,2017-01-04,8407.9004
^CNX100,Nifty 100,Large Cap,2017-01-05,8501.6504
^CNX100,Nifty 100,Large Cap,2017-01-06,8472.7002
^CNX100,Nifty 100,Large Cap,2017-01-09,8466.7998
^CNX100,Nifty 100,Large Cap,2017-01-10,8526.2002
^CNX100,Nifty 100,Large Cap,2017-01-11,8623.1504
^CNX100,Nifty 100,Large Cap,2017-01-12,8651.0
^CNX100,Nifty 100,Large Cap,2017-01-13,8646.7002
^CNX100,Nifty 100,Large Cap,2017-01-16,8666.4502
^CNX100,Nifty 100,Large Cap,2017-01-17,8653.0996
^CNX100,Nifty 100,Large Cap,2017-01-18,8678.2998
^CNX100,Nifty 100,Large Cap,2017-01-19,8697.9502
^CNX100,Nifty 100,Large Cap,2017-01-20,8602.9004
^CNX100,Nifty 100,Large Cap,2017-01-23,8651.5996
^CNX100,Nifty 100,Large Cap,2017-01-24,8739.4502
^CNX100,Nifty 100,Large Cap,2017-01-25,8867.9502
^CNX100,Nifty 100,Large Cap,2017-01-27,8908.9004
^CNX100,Nifty 100,Large Cap,2017-01-30,8910.0
^CNX100,Nifty 100,Large Cap,2017-01-31,8825.0
^CNX100,Nifty 100,Large Cap,2017-02-01,8988.4502
^CNX100,Nifty 100,Large Cap,2017-02-02,9013.9004
^CNX100,Nifty 100,Large Cap,2017-02-03,9021.3496
^CNX100,Nifty 100,Large Cap,2017-02-06,9089.6504
^CNX100,Nifty 100,Large Cap,2017-02-07,9056.75
^CNX100,Nifty 100,Large Cap,2017-02-08,9065.0
^CNX100,Nifty 100,Large Cap,2017-02-09,9073.5498
^CNX100,Nifty 100,Large Cap,2017-02-10,9082.9502
^CNX100,Nifty 100,Large Cap,2017-02-13,9093.0
^CNX100,Nifty 100,Large Cap,2017-02-14,9067.4004
^CNX100,Nifty 100,Large Cap,2017-02-15,8990.2002
^CNX100,Nifty 100,Large Cap,2017-02-16,9062.0996
^CNX100,Nifty 100,Large Cap,2017-02-17,9110.2002
^CNX100,Nifty 100,Large Cap,2017-02-20,9169.4004
^CNX100,Nifty 100,Large Cap,2017-02-21,9207.25
^CNX100,Nifty 100,Large Cap,2017-02-22,9213.9004
^CNX100,Nifty 100,Large Cap,2017-02-23,9219.25
^CNX100,Nifty 100,Large Cap,2017-02-27,9180.8496
^CNX100,Nifty 100,Large Cap,2017-02-28,9170.9502
^CNX100,Nifty 100,Large Cap,2017-03-01,9229.75
^CNX100,Nifty 100,Large Cap,2017-03-02,9167.6504
^CNX100,Nifty 100,Large Cap,2017-03-03,9165.0498
^CNX100,Nifty 100,Large Cap,2017-03-06,9230.25
^CNX100,Nifty 100,Large Cap,2017-03-07,9214.5498
^CNX100,Nifty 100,Large Cap,2017-03-08,9190.0498
^CNX100,Nifty 100,Large Cap,2017-03-09,9190.1504
^CNX100,Nifty 100,Large Cap,2017-03-10,9193.5996
^CNX100,Nifty 100,Large Cap,2017-03-14,9348.75
^CNX100,Nifty 100,Large Cap,2017-03-15,9356.8496
^CNX100,Nifty 100,Large Cap,2017-03-16,9437.9004
^CNX100,Nifty 100,Large Cap,2017-03-17,9442.6504
^CNX100,Nifty 100,Large Cap,2017-03-20,9414.4502
^CNX100,Nifty 100,Large Cap,2017-03-21,9401.0996
^CNX100,Nifty 100,Large Cap,2017-03-22,9308.2998
^CNX100,Nifty 100,Large Cap,2017-03-23,9371.9004
^CNX100,Nifty 100,Large Cap,2017-03-24,9391.0996
^CNX100,Nifty 100,Large Cap,2017-03-27,9330.6504
^CNX100,Nifty 100,Large Cap,2017-03-28,9390.4502
^CNX100,Nifty 100,Large Cap,2017-03-29,9428.5498
^CNX100,Nifty 100,Large Cap,2017-03-30,9460.7002
^CNX100,Nifty 100,Large Cap,2017-03-31,9467.0996
^CNX100,Nifty 100,Large Cap,2017-04-03,9528.5996
^CNX100,Nifty 100,Large Cap,2017-04-05,9567.9502
^CNX100,Nifty 100,Large Cap,2017-04-06,9570.1504
^CNX100,Nifty 100,Large Cap,2017-04-07,9514.4502
^CNX100,Nifty 100,Large Cap,2017-04-10,9510.5996
^CNX100,Nifty 100,Large Cap,2017-04-11,9567.25
^CNX100,Nifty 100,Large Cap,2017-04-12,9540.7002
^CNX100,Nifty 100,Large Cap,2017-04-13,9492.4502
^CNX100,Nifty 100,Large Cap,2017-04-17,9478.9004
^CNX100,Nifty 100,Large Cap,2017-04-18,9432.7998
^CNX100,Nifty 100,Large Cap,2017-04-19,9440.7002
^CNX100,Nifty 100,Large Cap,2017-04-20,9474.7998
^CNX100,Nifty 100,Large Cap,2017-04-21,9463.5996
^CNX100,Nifty 100,Large Cap,2017-04-24,9562.0996
^CNX100,Nifty 100,Large Cap,2017-04-25,9662.9502
^CNX100,Nifty 100,Large Cap,2017-04-26,9699.0
^CNX100,Nifty 100,Large Cap,2017-04-27,9683.0
^CNX100,Nifty 100,Large Cap,2017-04-28,9652.4502
^CNX100,Nifty 100,Large Cap,2017-05-02,9668.9502
^CNX100,Nifty 100,Large Cap,2017-05-03,9666.4004
^CNX100,Nifty 100,Large Cap,2017-05-04,9712.4004
^CNX100,Nifty 100,Large Cap,2017-05-05,9625.3496
^CNX100,Nifty 100,Large Cap,2017-05-08,9657.0996
^CNX100,Nifty 100,Large Cap,2017-05-09,9672.0498
^CNX100,Nifty 100,Large Cap,2017-05-10,9771.0498
^CNX100,Nifty 100,Large Cap,2017-05-11,9786.7002
^CNX100,Nifty 100,Large Cap,2017-05-12,9760.6504
^CNX100,Nifty 100,Large Cap,2017-05-15,9812.6504
^CNX100,Nifty 100,Large Cap,2017-05-16,9870.2002
^CNX100,Nifty 100,Large Cap,2017-05-17,9873.4502
^CNX100,Nifty 100,Large Cap,2017-05-18,9757.0
^CNX100,Nifty 100,Large Cap,2017-05-19,9746.5498
^CNX100,Nifty 100,Large Cap,2017-05-22,9742.4502
^CNX100,Nifty 100,Large Cap,2017-05-23,9676.5
^CNX100,Nifty 100,Large Cap,2017-05-24,9631.2002
^CNX100,Nifty 100,Large Cap,2017-05-25,9776.1504
^CNX100,Nifty 100,Large Cap,2017-05-26,9884.25
^CNX100,Nifty 100,Large Cap,2017-05-29,9877.7998
^CNX100,Nifty 100,Large Cap,2017-05-30,9906.0996
^CNX100,Nifty 100,Large Cap,2017-05-31,9909.5996
^CNX100,Nifty 100,Large Cap,2017-06-01,9909.0996
^CNX100,Nifty 100,Large Cap,2017-06-02,9951.0
^CNX100,Nifty 100,Large Cap,2017-06-05,9981.7002
^CNX100,Nifty 100,Large Cap,2017-06-06,9937.2998
^CNX100,Nifty 100,Large Cap,2017-06-07,9969.9004
^CNX100,Nifty 100,Large Cap,2017-06-08,9960.2998
^CNX100,Nifty 100,Large Cap,2017-06-09,9984.4502
^CNX100,Nifty 100,Large Cap,2017-06-12,9936.4004
^CNX100,Nifty 100,Large Cap,2017-06-13,9929.7002
^CNX100,Nifty 100,Large Cap,2017-06-14,9934.9502
^CNX100,Nifty 100,Large Cap,2017-06-15,9898.1504
^CNX100,Nifty 100,Large Cap,2017-06-16,9911.2002
^CNX100,Nifty 100,Large Cap,2017-06-19,9977.5498
^CNX100,Nifty 100,Large Cap,2017-06-20,9976.0996
^CNX100,Nifty 100,Large Cap,2017-06-21,9958.9502
^CNX100,Nifty 100,Large Cap,2017-06-22,9944.7002
^CNX100,Nifty 100,Large Cap,2017-06-23,9876.9004
^CNX100,Nifty 100,Large Cap,2017-06-27,9810.4004
^CNX100,Nifty 100,Large Cap,2017-06-28,9797.0498
^CNX100,Nifty 100,Large Cap,2017-06-29,9809.0498
^CNX100,Nifty 100,Large Cap,2017-06-30,9835.4004
^CNX100,Nifty 100,Large Cap,2017-07-03,9936.9004
^CNX100,Nifty 100,Large Cap,2017-07-04,9933.0996
^CNX100,Nifty 100,Large Cap,2017-07-05,9966.4502
^CNX100,Nifty 100,Large Cap,2017-07-06,10005.25
^CNX100,Nifty 100,Large Cap,2017-07-07,9997.75
^CNX100,Nifty 100,Large Cap,2017-07-10,10103.3496
^CNX100,Nifty 100,Large Cap,2017-07-11,10106.0
^CNX100,Nifty 100,Large Cap,2017-07-12,10146.5996
^CNX100,Nifty 100,Large Cap,2017-07-13,10225.9004
^CNX100,Nifty 100,Large Cap,2017-07-14,10221.7002
^CNX100,Nifty 100,Large Cap,2017-07-17,10249.7998
^CNX100,Nifty 100,Large Cap,2017-07-18,10162.1504
^CNX100,Nifty 100,Large Cap,2017-07-19,10246.7002
^CNX100,Nifty 100,Large Cap,2017-07-20,10217.4004
^CNX100,Nifty 100,Large Cap,2017-07-21,10258.0996
^CNX100,Nifty 100,Large Cap,2017-07-24,10304.4502
^CNX100,Nifty 100,Large Cap,2017-07-25,10307.2998
^CNX100,Nifty 100,Large Cap,2017-07-26,10357.6504
^CNX100,Nifty 100,Large Cap,2017-07-27,10348.7002
^CNX100,Nifty 100,Large Cap,2017-07-28,10353.7002
^CNX100,Nifty 100,Large Cap,2017-07-31,10417.7998
^CNX100,Nifty 100,Large Cap,2017-08-01,10447.6504
^CNX100,Nifty 100,Large Cap,2017-08-02,10410.2998
^CNX100,Nifty 100,Large Cap,2017-08-03,10354.4502
^CNX100,Nifty 100,Large Cap,2017-08-04,10419.8496
^CNX100,Nifty 100,Large Cap,2017-08-07,10434.1504
^CNX100,Nifty 100,Large Cap,2017-08-08,10344.7002
^CNX100,Nifty 100,Large Cap,2017-08-09,10254.5498
^CNX100,Nifty 100,Large Cap,2017-08-10,10133.8496
^CNX100,Nifty 100,Large Cap,2017-08-11,10037.1504
^CNX100,Nifty 100,Large Cap,2017-08-14,10144.2002
^CNX100,Nifty 100,Large Cap,2017-08-16,10249.9502
^CNX100,Nifty 100,Large Cap,2017-08-17,10255.0
^CNX100,Nifty 100,Large Cap,2017-08-18,10193.2002
^CNX100,Nifty 100,Large Cap,2017-08-21,10095.1504
^CNX100,Nifty 100,Large Cap,2017-08-22,10096.5498
^CNX100,Nifty 100,Large Cap,2017-08-23,10193.7998
^CNX100,Nifty 100,Large Cap,2017-08-24,10211.5996
^CNX100,Nifty 100,Large Cap,2017-08-28,10275.9502
^CNX100,Nifty 100,Large Cap,2017-08-29,10156.5
^CNX100,Nifty 100,Large Cap,2017-08-30,10258.0498
^CNX100,Nifty 100,Large Cap,2017-08-31,10286.5498
^CNX100,Nifty 100,Large Cap,2017-09-01,10352.4004
^CNX100,Nifty 100,Large Cap,2017-09-04,10289.6504
^CNX100,Nifty 100,Large Cap,2017-09-05,10333.0498
^CNX100,Nifty 100,Large Cap,2017-09-06,10303.8496
^CNX100,Nifty 100,Large Cap,2017-09-07,10327.8496
^CNX100,Nifty 100,Large Cap,2017-09-08,10320.0996
^CNX100,Nifty 100,Large Cap,2017-09-11,10394.7998
^CNX100,Nifty 100,Large Cap,2017-09-12,10485.8496
^CNX100,Nifty 100,Large Cap,2017-09-13,10468.0996
^CNX100,Nifty 100,Large Cap,2017-09-14,10480.2002
^CNX100,Nifty 100,Large Cap,2017-09-15,10475.0498
^CNX100,Nifty 100,Large Cap,2017-09-18,10540.5
^CNX100,Nifty 100,Large Cap,2017-09-19,10540.0996
^CNX100,Nifty 100,Large Cap,2017-09-20,10529.8496
^CNX100,Nifty 100,Large Cap,2017-09-21,10501.9004
^CNX100,Nifty 100,Large Cap,2017-09-22,10320.9502
^CNX100,Nifty 100,Large Cap,2017-09-25,10219.7002
^CNX100,Nifty 100,Large Cap,2017-09-26,10222.5
^CNX100,Nifty 100,Large Cap,2017-09-27,10074.0498
^CNX100,Nifty 100,Large Cap,2017-09-28,10107.9004
^CNX100,Nifty 100,Large Cap,2017-09-29,10143.9004
^CNX100,Nifty 100,Large Cap,2017-10-03,10221.75
^CNX100,Nifty 100,Large Cap,2017-10-04,10274.0498
^CNX100,Nifty 100,Large Cap,2017-10-05,10255.5498
^CNX100,Nifty 100,Large Cap,2017-10-06,10347.6504
^CNX100,Nifty 100,Large Cap,2017-10-09,10357.9502
^CNX100,Nifty 100,Large Cap,2017-10-10,10392.0
^CNX100,Nifty 100,Large Cap,2017-10-11,10353.9004
^CNX100,Nifty 100,Large Cap,2017-10-12,10469.2998
^CNX100,Nifty 100,Large Cap,2017-10-13,10534.5996
^CNX100,Nifty 100,Large Cap,2017-10-16,10595.1504
^CNX100,Nifty 100,Large Cap,2017-10-17,10605.7998
^CNX100,Nifty 100,Large Cap,2017-10-18,10582.3496
^CNX100,Nifty 100,Large Cap,2017-10-19,10517.2998
^CNX100,Nifty 100,Large Cap,2017-10-23,10557.9502
^CNX100,Nifty 100,Large Cap,2017-10-24,10574.75
^CNX100,Nifty 100,Large Cap,2017-10-25,10672.0
^CNX100,Nifty 100,Large Cap,2017-10-26,10720.4502
^CNX100,Nifty 100,Large Cap,2017-10-27,10714.0
^CNX100,Nifty 100,Large Cap,2017-10-30,10767.8496
^CNX100,Nifty 100,Large Cap,2017-10-31,10740.8496
^CNX100,Nifty 100,Large Cap,2017-11-01,10847.9004
^CNX100,Nifty 100,Large Cap,2017-11-02,10839.4004
^CNX100,Nifty 100,Large Cap,2017-11-03,10866.4502
^CNX100,Nifty 100,Large Cap,2017-11-06,10878.1504
^CNX100,Nifty 100,Large Cap,2017-11-07,10762.4004
^CNX100,Nifty 100,Large Cap,2017-11-08,10707.5498
^CNX100,Nifty 100,Large Cap,2017-11-09,10723.6504
^CNX100,Nifty 100,Large Cap,2017-11-10,10729.5498
^CNX100,Nifty 100,Large Cap,2017-11-13,10632.6504
^CNX100,Nifty 100,Large Cap,2017-11-14,10593.7998
^CNX100,Nifty 100,Large Cap,2017-11-15,10514.9004
^CNX100,Nifty 100,Large Cap,2017-11-16,10618.4502
^CNX100,Nifty 100,Large Cap,2017-11-17,10701.2998
^CNX100,Nifty 100,Large Cap,2017-11-20,10716.4004
^CNX100,Nifty 100,Large Cap,2017-11-21,10744.0
^CNX100,Nifty 100,Large Cap,2017-11-22,10755.4004
^CNX100,Nifty 100,Large Cap,2017-11-23,10760.3496
^CNX100,Nifty 100,Large Cap,2017-11-24,10803.1504
^CNX100,Nifty 100,Large Cap,2017-11-27,10816.2002
^CNX100,Nifty 100,Large Cap,2017-11-28,10792.5996
^CNX100,Nifty 100,Large Cap,2017-11-29,10784.4004
^CNX100,Nifty 100,Large Cap,2017-11-30,10650.75
^CNX100,Nifty 100,Large Cap,2017-12-01,10542.0498
^CNX100,Nifty 100,Large Cap,2017-12-04,10548.5498
^CNX100,Nifty 100,Large Cap,2017-12-05,10541.2998
^CNX100,Nifty 100,Large Cap,2017-12-06,10459.7002
^CNX100,Nifty 100,Large Cap,2017-12-07,10594.5996
^CNX100,Nifty 100,Large Cap,2017-12-08,10698.0996
^CNX100,Nifty 100,Large Cap,2017-12-11,10752.5996
^CNX100,Nifty 100,Large Cap,2017-12-12,10663.5498
^CNX100,Nifty 100,Large Cap,2017-12-13,10605.6504
^CNX100,Nifty 100,Large Cap,2017-12-14,10658.4004
^CNX100,Nifty 100,Large Cap,2017-12-15,10743.6504
^CNX100,Nifty 100,Large Cap,2017-12-18,10807.8496
^CNX100,Nifty 100,Large Cap,2017-12-19,10897.5498
^CNX100,Nifty 100,Large Cap,2017-12-20,10881.9004
^CNX100,Nifty 100,Large Cap,2017-12-21,10886.3496
^CNX100,Nifty 100,Large Cap,2017-12-22,10940.6504
^CNX100,Nifty 100,Large Cap,2017-12-26,10982.0498
^CNX100,Nifty 100,Large Cap,2017-12-27,10937.8496
^CNX100,Nifty 100,Large Cap,2017-12-28,10927.0498
^CNX100,Nifty 100,Large Cap,2017-12-29,10985.1504
^CNX100,Nifty 100,Large Cap,2018-01-01,10897.75
^CNX100,Nifty 100,Large Cap,2018-01-02,10899.2998
^CNX100,Nifty 100,Large Cap,2018-01-03,10910.0498
^CNX100,Nifty 100,Large Cap,2018-01-04,10982.1504
^CNX100,Nifty 100,Large Cap,2018-01-05,11051.25
^CNX100,Nifty 100,Large Cap,2018-01-08,11120.5498
^CNX100,Nifty 100,Large Cap,2018-01-09,11125.0
^CNX100,Nifty 100,Large Cap,2018-01-10,11117.4502
^CNX100,Nifty 100,Large Cap,2018-01-11,11132.4004
^CNX100,Nifty 100,Large Cap,2018-01-12,11159.0996
^CNX100,Nifty 100,Large Cap,2018-01-15,11207.75
^CNX100,Nifty 100,Large Cap,2018-01-16,11142.7998
^CNX100,Nifty 100,Large Cap,2018-01-17,11232.75
^CNX100,Nifty 100,Large Cap,2018-01-18,11234.5
^CNX100,Nifty 100,Large Cap,2018-01-19,11315.75
^CNX100,Nifty 100,Large Cap,2018-01-22,11391.2002
^CNX100,Nifty 100,Large Cap,2018-01-23,11506.6504
^CNX100,Nifty 100,Large Cap,2018-01-24,11497.4502
^CNX100,Nifty 100,Large Cap,2018-01-25,11459.0498
^CNX100,Nifty 100,Large Cap,2018-01-29,11505.4502
^CNX100,Nifty 100,Large Cap,2018-01-30,11424.5996
^CNX100,Nifty 100,Large Cap,2018-01-31,11393.5498
^CNX100,Nifty 100,Large Cap,2018-02-01,11385.1504
^CNX100,Nifty 100,Large Cap,2018-02-02,11111.2002
^CNX100,Nifty 100,Large Cap,2018-02-05,11023.8496
^CNX100,Nifty 100,Large Cap,2018-02-06,10851.6504
^CNX100,Nifty 100,Large Cap,2018-02-07,10844.7002
^CNX100,Nifty 100,Large Cap,2018-02-08,10958.9502
^CNX100,Nifty 100,Large Cap,2018-02-09,10846.0996
^CNX100,Nifty 100,Large Cap,2018-02-12,10945.1504
^CNX100,Nifty 100,Large Cap,2018-02-14,10908.1504
^CNX100,Nifty 100,Large Cap,2018-02-15,10932.0498
^CNX100,Nifty 100,Large Cap,2018-02-16,10831.3496
^CNX100,Nifty 100,Large Cap,2018-02-19,10748.3496
^CNX100,Nifty 100,Large Cap,2018-02-20,10740.0
^CNX100,Nifty 100,Large Cap,2018-02-21,10765.5
^CNX100,Nifty 100,Large Cap,2018-02-22,10737.3496
^CNX100,Nifty 100,Large Cap,2018-02-23,10857.8496
^CNX100,Nifty 100,Large Cap,2018-02-26,10953.7998
^CNX100,Nifty 100,Large Cap,2018-02-27,10922.75
^CNX100,Nifty 100,Large Cap,2018-02-28,10861.4004
^CNX100,Nifty 100,Large Cap,2018-03-01,10820.0
^CNX100,Nifty 100,Large Cap,2018-03-05,10714.5996
^CNX100,Nifty 100,Large Cap,2018-03-06,10603.0996
^CNX100,Nifty 100,Large Cap,2018-03-07,10501.4004
^CNX100,Nifty 100,Large Cap,2018-03-08,10578.0
^CNX100,Nifty 100,Large Cap,2018-03-09,10564.5498
^CNX100,Nifty 100,Large Cap,2018-03-12,10747.6504
^CNX100,Nifty 100,Large Cap,2018-03-13,10772.0498
^CNX100,Nifty 100,Large Cap,2018-03-14,10760.0
^CNX100,Nifty 100,Large Cap,2018-03-15,10716.0498
^CNX100,Nifty 100,Large Cap,2018-03-16,10556.2002
^CNX100,Nifty 100,Large Cap,2018-03-19,10444.0498
^CNX100,Nifty 100,Large Cap,2018-03-20,10478.1504
^CNX100,Nifty 100,Large Cap,2018-03-21,10511.75
^CNX100,Nifty 100,Large Cap,2018-03-22,10470.4004
^CNX100,Nifty 100,Large Cap,2018-03-23,10357.5996
^CNX100,Nifty 100,Large Cap,2018-03-26,10497.5498
^CNX100,Nifty 100,Large Cap,2018-03-27,10556.5996
^CNX100,Nifty 100,Large Cap,2018-03-28,10478.4004
^CNX100,Nifty 100,Large Cap,2018-04-02,10596.0
^CNX100,Nifty 100,Large Cap,2018-04-03,10643.9004
^CNX100,Nifty 100,Large Cap,2018-04-04,10523.5996
^CNX100,Nifty 100,Large Cap,2018-04-05,10726.25
^CNX100,Nifty 100,Large Cap,2018-04-06,10750.3496
^CNX100,Nifty 100,Large Cap,2018-04-09,10792.5996
^CNX100,Nifty 100,Large Cap,2018-04-10,10810.4502
^CNX100,Nifty 100,Large Cap,2018-04-11,10826.1504
^CNX100,Nifty 100,Large Cap,2018-04-12,10860.3496
^CNX100,Nifty 100,Large Cap,2018-04-13,10879.3496
^CNX100,Nifty 100,Large Cap,2018-04-16,10928.9502
^CNX100,Nifty 100,Large Cap,2018-04-17,10950.0498
^CNX100,Nifty 100,Large Cap,2018-04-18,10928.4502
^CNX100,Nifty 100,Large Cap,2018-04-19,10974.75
^CNX100,Nifty 100,Large Cap,2018-04-20,10966.8496
^CNX100,Nifty 100,Large Cap,2018-04-23,10993.2998
^CNX100,Nifty 100,Large Cap,2018-04-24,11022.3496
^CNX100,Nifty 100,Large Cap,2018-04-25,10980.5498
^CNX100,Nifty 100,Large Cap,2018-04-26,11018.75
^CNX100,Nifty 100,Large Cap,2018-04-27,11095.0
^CNX100,Nifty 100,Large Cap,2018-04-30,11145.9004
^CNX100,Nifty 100,Large Cap,2018-05-02,11105.9004
^CNX100,Nifty 100,Large Cap,2018-05-03,11051.0996
^CNX100,Nifty 100,Large Cap,2018-05-04,10986.5
^CNX100,Nifty 100,Large Cap,2018-05-07,11085.0498
^CNX100,Nifty 100,Large Cap,2018-05-08,11082.2002
^CNX100,Nifty 100,Large Cap,2018-05-09,11095.0
^CNX100,Nifty 100,Large Cap,2018-05-10,11052.5
^CNX100,Nifty 100,Large Cap,2018-05-11,11131.9502
^CNX100,Nifty 100,Large Cap,2018-05-14,11124.0996
^CNX100,Nifty 100,Large Cap,2018-05-15,11113.7002
^CNX100,Nifty 100,Large Cap,2018-05-16,11058.7002
^CNX100,Nifty 100,Large Cap,2018-05-17,11006.9004
^CNX100,Nifty 100,Large Cap,2018-05-18,10908.0498
^CNX100,Nifty 100,Large Cap,2018-05-21,10814.5996
^CNX100,Nifty 100,Large Cap,2018-05-22,10852.7998
^CNX100,Nifty 100,Large Cap,2018-05-23,10750.5498
^CNX100,Nifty 100,Large Cap,2018-05-24,10827.25
^CNX100,Nifty 100,Large Cap,2018-05-25,10934.0
^CNX100,Nifty 100,Large Cap,2018-05-28,11033.5498
^CNX100,Nifty 100,Large Cap,2018-05-29,10983.2998
^CNX100,Nifty 100,Large Cap,2018-05-30,10961.5996
^CNX100,Nifty 100,Large Cap,2018-05-31,11064.1504
^CNX100,Nifty 100,Large Cap,2018-06-01,11013.8496
^CNX100,Nifty 100,Large Cap,2018-06-04,10940.0498
^CNX100,Nifty 100,Large Cap,2018-06-05,10892.8496
^CNX100,Nifty 100,Large Cap,2018-06-06,10997.2002
^CNX100,Nifty 100,Large Cap,2018-06-07,11091.9502
^CNX100,Nifty 100,Large Cap,2018-06-08,11098.25
^CNX100,Nifty 100,Large Cap,2018-06-11,11116.2002
^CNX100,Nifty 100,Large Cap,2018-06-12,11176.7002
^CNX100,Nifty 100,Large Cap,2018-06-13,11185.9004
^CNX100,Nifty 100,Large Cap,2018-06-14,11139.9502
^CNX100,Nifty 100,Large Cap,2018-06-15,11136.2998
^CNX100,Nifty 100,Large Cap,2018-06-18,11112.9004
^CNX100,Nifty 100,Large Cap,2018-06-19,11021.9502
^CNX100,Nifty 100,Large Cap,2018-06-20,11076.0498
^CNX100,Nifty 100,Large Cap,2018-06-21,11039.9502
^CNX100,Nifty 100,Large Cap,2018-06-22,11119.6504
^CNX100,Nifty 100,Large Cap,2018-06-25,11045.4502
^CNX100,Nifty 100,Large Cap,2018-06-26,11054.0996
^CNX100,Nifty 100,Large Cap,2018-06-27,10946.7002
^CNX100,Nifty 100,Large Cap,2018-06-28,10855.0
^CNX100,Nifty 100,Large Cap,2018-06-29,10993.4502
^CNX100,Nifty 100,Large Cap,2018-07-02,10929.8496
^CNX100,Nifty 100,Large Cap,2018-07-03,10974.2002
^CNX100,Nifty 100,Large Cap,2018-07-04,11033.0
^CNX100,Nifty 100,Large Cap,2018-07-05,11008.5996
^CNX100,Nifty 100,Large Cap,2018-07-06,11037.2002
^CNX100,Nifty 100,Large Cap,2018-07-09,11119.5498
^CNX100,Nifty 100,Large Cap,2018-07-10,11218.6504
^CNX100,Nifty 100,Large Cap,2018-07-11,11206.8496
^CNX100,Nifty 100,Large Cap,2018-07-12,11269.7002
^CNX100,Nifty 100,Large Cap,2018-07-13,11258.7002
^CNX100,Nifty 100,Large Cap,2018-07-16,11151.0996
^CNX100,Nifty 100,Large Cap,2018-07-17,11230.7002
^CNX100,Nifty 100,Large Cap,2018-07-18,11189.0996
^CNX100,Nifty 100,Large Cap,2018-07-19,11160.5
^CNX100,Nifty 100,Large Cap,2018-07-20,11215.7998
^CNX100,Nifty 100,Large Cap,2018-07-23,11306.9502
^CNX100,Nifty 100,Large Cap,2018-07-24,11389.2002
^CNX100,Nifty 100,Large Cap,2018-07-25,11385.5
^CNX100,Nifty 100,Large Cap,2018-07-26,11431.1504
^CNX100,Nifty 100,Large Cap,2018-07-27,11542.3496
^CNX100,Nifty 100,Large Cap,2018-07-30,11594.75
^CNX100,Nifty 100,Large Cap,2018-07-31,11633.8496
^CNX100,Nifty 100,Large Cap,2018-08-01,11629.6504
^CNX100,Nifty 100,Large Cap,2018-08-02,11535.5996
^CNX100,Nifty 100,Large Cap,2018-08-03,11648.8496
^CNX100,Nifty 100,Large Cap,2018-08-06,11674.25
^CNX100,Nifty 100,Large Cap,2018-08-07,11675.5
^CNX100,Nifty 100,Large Cap,2018-08-08,11731.75
^CNX100,Nifty 100,Large Cap,2018-08-09,11756.1504
^CNX100,Nifty 100,Large Cap,2018-08-10,11707.3496
^CNX100,Nifty 100,Large Cap,2018-08-13,11624.6504
^CNX100,Nifty 100,Large Cap,2018-08-14,11703.4004
^CNX100,Nifty 100,Large Cap,2018-08-16,11647.75
^CNX100,Nifty 100,Large Cap,2018-08-17,11747.2002
^CNX100,Nifty 100,Large Cap,2018-08-20,11838.1504
^CNX100,Nifty 100,Large Cap,2018-08-21,11862.0996
^CNX100,Nifty 100,Large Cap,2018-08-23,11881.4004
^CNX100,Nifty 100,Large Cap,2018-08-24,11856.2002
^CNX100,Nifty 100,Large Cap,2018-08-27,11989.3496
^CNX100,Nifty 100,Large Cap,2018-08-28,12028.2998
^CNX100,Nifty 100,Large Cap,2018-08-29,11998.5996
^CNX100,Nifty 100,Large Cap,2018-08-30,11991.1504
^CNX100,Nifty 100,Large Cap,2018-08-31,12003.0996
^CNX100,Nifty 100,Large Cap,2018-09-03,11904.3496
^CNX100,Nifty 100,Large Cap,2018-09-04,11798.9502
^CNX100,Nifty 100,Large Cap,2018-09-05,11751.0498
^CNX100,Nifty 100,Large Cap,2018-09-06,11815.4004
^CNX100,Nifty 100,Large Cap,2018-09-07,11879.9004
^CNX100,Nifty 100,Large Cap,2018-09-10,11717.9502
^CNX100,Nifty 100,Large Cap,2018-09-11,11555.2002
^CNX100,Nifty 100,Large Cap,2018-09-12,11635.2002
^CNX100,Nifty 100,Large Cap,2018-09-14,11791.7002
^CNX100,Nifty 100,Large Cap,2018-09-17,11656.5
^CNX100,Nifty 100,Large Cap,2018-09-18,11546.1504
^CNX100,Nifty 100,Large Cap,2018-09-19,11499.8496
^CNX100,Nifty 100,Large Cap,2018-09-21,11387.5498
^CNX100,Nifty 100,Large Cap,2018-09-24,11185.5498
^CNX100,Nifty 100,Large Cap,2018-09-25,11287.5996
^CNX100,Nifty 100,Large Cap,2018-09-26,11279.5
^CNX100,Nifty 100,Large Cap,2018-09-27,11186.7002
^CNX100,Nifty 100,Large Cap,2018-09-28,11126.4004
^CNX100,Nifty 100,Large Cap,2018-10-01,11197.0498
^CNX100,Nifty 100,Large Cap,2018-10-03,11045.7998
^CNX100,Nifty 100,Large Cap,2018-10-04,10794.2998
^CNX100,Nifty 100,Large Cap,2018-10-05,10510.0498
^CNX100,Nifty 100,Large Cap,2018-10-08,10523.7998
^CNX100,Nifty 100,Large Cap,2018-10-09,10473.5498
^CNX100,Nifty 100,Large Cap,2018-10-10,10657.7998
^CNX100,Nifty 100,Large Cap,2018-10-11,10432.0498
^CNX100,Nifty 100,Large Cap,2018-10-12,10671.2998
^CNX100,Nifty 100,Large Cap,2018-10-15,10712.5996
^CNX100,Nifty 100,Large Cap,2018-10-16,10796.0996
^CNX100,Nifty 100,Large Cap,2018-10-17,10648.7002
^CNX100,Nifty 100,Large Cap,2018-10-19,10504.0498
^CNX100,Nifty 100,Large Cap,2018-10-22,10445.8496
^CNX100,Nifty 100,Large Cap,2018-10-23,10341.5498
^CNX100,Nifty 100,Large Cap,2018-10-24,10415.4004
^CNX100,Nifty 100,Large Cap,2018-10-25,10307.7002
^CNX100,Nifty 100,Large Cap,2018-10-26,10225.2998
^CNX100,Nifty 100,Large Cap,2018-10-29,10452.7998
^CNX100,Nifty 100,Large Cap,2018-10-30,10413.5996
^CNX100,Nifty 100,Large Cap,2018-10-31,10604.5996
^CNX100,Nifty 100,Large Cap,2018-11-01,10607.5996
^CNX100,Nifty 100,Large Cap,2018-11-02,10782.2998
^CNX100,Nifty 100,Large Cap,2018-11-05,10761.0
^CNX100,Nifty 100,Large Cap,2018-11-06,10758.4502
^CNX100,Nifty 100,Large Cap,2018-11-07,10827.6504
^CNX100,Nifty 100,Large Cap,2018-11-09,10823.2998
^CNX100,Nifty 100,Large Cap,2018-11-12,10715.0498
^CNX100,Nifty 100,Large Cap,2018-11-13,10807.2998
^CNX100,Nifty 100,Large Cap,2018-11-14,10803.1504
^CNX100,Nifty 100,Large Cap,2018-11-15,10844.5996
^CNX100,Nifty 100,Large Cap,2018-11-16,10908.2002
^CNX100,Nifty 100,Large Cap,2018-11-19,10988.1504
^CNX100,Nifty 100,Large Cap,2018-11-20,10875.0
^CNX100,Nifty 100,Large Cap,2018-11-21,10836.2998
^CNX100,Nifty 100,Large Cap,2018-11-22,10761.4004
^CNX100,Nifty 100,Large Cap,2018-11-26,10856.8496
^CNX100,Nifty 100,Large Cap,2018-11-27,10905.8496
^CNX100,Nifty 100,Large Cap,2018-11-28,10940.25
^CNX100,Nifty 100,Large Cap,2018-11-29,11065.9004
^CNX100,Nifty 100,Large Cap,2018-11-30,11092.25
^CNX100,Nifty 100,Large Cap,2018-12-03,11103.2002
^CNX100,Nifty 100,Large Cap,2018-12-04,11086.4004
^CNX100,Nifty 100,Large Cap,2018-12-05,10989.1504
^CNX100,Nifty 100,Large Cap,2018-12-06,10805.8496
^CNX100,Nifty 100,Large Cap,2018-12-07,10894.0996
^CNX100,Nifty 100,Large Cap,2018-12-10,10686.25
^CNX100,Nifty 100,Large Cap,2018-12-11,10761.75
^CNX100,Nifty 100,Large Cap,2018-12-12,10960.4502
^CNX100,Nifty 100,Large Cap,2018-12-13,11023.0498
^CNX100,Nifty 100,Large Cap,2018-12-14,11040.2998
^CNX100,Nifty 100,Large Cap,2018-12-17,11125.75
^CNX100,Nifty 100,Large Cap,2018-12-18,11150.9004
^CNX100,Nifty 100,Large Cap,2018-12-19,11223.4004
^CNX100,Nifty 100,Large Cap,2018-12-20,11201.3496
^CNX100,Nifty 100,Large Cap,2018-12-21,11005.8496
^CNX100,Nifty 100,Large Cap,2018-12-24,10904.7002
^CNX100,Nifty 100,Large Cap,2018-12-26,10968.8496
^CNX100,Nifty 100,Large Cap,2018-12-27,11015.7998
^CNX100,Nifty 100,Large Cap,2018-12-28,11101.6504
^CNX100,Nifty 100,Large Cap,2018-12-31,11110.1504
^CNX100,Nifty 100,Large Cap,2019-01-01,11148.7998
^CNX100,Nifty 100,Large Cap,2019-01-02,11032.0
^CNX100,Nifty 100,Large Cap,2019-01-03,10914.7998
^CNX100,Nifty 100,Large Cap,2019-01-04,10966.1504
^CNX100,Nifty 100,Large Cap,2019-01-07,11005.0996
^CNX100,Nifty 100,Large Cap,2019-01-08,11031.2998
^CNX100,Nifty 100,Large Cap,2019-01-09,11078.0
^CNX100,Nifty 100,Large Cap,2019-01-10,11054.4502
^CNX100,Nifty 100,Large Cap,2019-01-11,11025.8496
^CNX100,Nifty 100,Large Cap,2019-01-14,10965.0498
^CNX100,Nifty 100,Large Cap,2019-01-15,11107.75
^CNX100,Nifty 100,Large Cap,2019-01-16,11111.6504
^CNX100,Nifty 100,Large Cap,2019-01-17,11123.9004
^CNX100,Nifty 100,Large Cap,2019-01-18,11109.5
^CNX100,Nifty 100,Large Cap,2019-01-21,11153.3496
^CNX100,Nifty 100,Large Cap,2019-01-22,11124.3496
^CNX100,Nifty 100,Large Cap,2019-01-23,11034.7998
^CNX100,Nifty 100,Large Cap,2019-01-24,11049.0498
^CNX100,Nifty 100,Large Cap,2019-01-25,10968.2998
^CNX100,Nifty 100,Large Cap,2019-01-28,10836.6504
^CNX100,Nifty 100,Large Cap,2019-01-29,10829.9502
^CNX100,Nifty 100,Large Cap,2019-01-30,10829.5
^CNX100,Nifty 100,Large Cap,2019-01-31,10996.7998
^CNX100,Nifty 100,Large Cap,2019-02-01,11066.7002
^CNX100,Nifty 100,Large Cap,2019-02-04,11070.4502
^CNX100,Nifty 100,Large Cap,2019-02-05,11079.6504
^CNX100,Nifty 100,Large Cap,2019-02-06,11206.0
^CNX100,Nifty 100,Large Cap,2019-02-07,11229.0498
^CNX100,Nifty 100,Large Cap,2019-02-08,11094.0996
^CNX100,Nifty 100,Large Cap,2019-02-11,11030.0
^CNX100,Nifty 100,Large Cap,2019-02-12,10971.4004
^CNX100,Nifty 100,Large Cap,2019-02-14,10888.4004
^CNX100,Nifty 100,Large Cap,2019-02-15,10845.8496
^CNX100,Nifty 100,Large Cap,2019-02-18,10761.2002
^CNX100,Nifty 100,Large Cap,2019-02-19,10731.0996
^CNX100,Nifty 100,Large Cap,2019-02-20,10865.0996
^CNX100,Nifty 100,Large Cap,2019-02-21,10925.0498
^CNX100,Nifty 100,Large Cap,2019-02-22,10937.3496
^CNX100,Nifty 100,Large Cap,2019-02-25,11021.75
^CNX100,Nifty 100,Large Cap,2019-02-26,10981.5498
^CNX100,Nifty 100,Large Cap,2019-02-27,10961.7998
^CNX100,Nifty 100,Large Cap,2019-02-28,10959.9004
^CNX100,Nifty 100,Large Cap,2019-03-01,11040.5498
^CNX100,Nifty 100,Large Cap,2019-03-05,11177.2002
^CNX100,Nifty 100,Large Cap,2019-03-06,11246.2002
^CNX100,Nifty 100,Large Cap,2019-03-07,11244.0498
^CNX100,Nifty 100,Large Cap,2019-03-08,11225.0
^CNX100,Nifty 100,Large Cap,2019-03-11,11375.7002
^CNX100,Nifty 100,Large Cap,2019-03-12,11499.9502
^CNX100,Nifty 100,Large Cap,2019-03-13,11527.2002
^CNX100,Nifty 100,Large Cap,2019-03-14,11522.9004
^CNX100,Nifty 100,Large Cap,2019-03-15,11595.0498
^CNX100,Nifty 100,Large Cap,2019-03-18,11629.75
^CNX100,Nifty 100,Large Cap,2019-03-19,11696.5
^CNX100,Nifty 100,Large Cap,2019-03-20,11681.2998
^CNX100,Nifty 100,Large Cap,2019-03-22,11613.5498
^CNX100,Nifty 100,Large Cap,2019-03-25,11504.75
^CNX100,Nifty 100,Large Cap,2019-03-26,11632.6504
^CNX100,Nifty 100,Large Cap,2019-03-27,11595.6504
^CNX100,Nifty 100,Large Cap,2019-03-28,11719.3496
^CNX100,Nifty 100,Large Cap,2019-04-01,11832.6504
^CNX100,Nifty 100,Large Cap,2019-04-02,11861.4004
^CNX100,Nifty 100,Large Cap,2019-04-03,11794.5996
^CNX100,Nifty 100,Large Cap,2019-04-04,11753.5
^CNX100,Nifty 100,Large Cap,2019-04-05,11820.0996
^CNX100,Nifty 100,Large Cap,2019-04-08,11760.0996
^CNX100,Nifty 100,Large Cap,2019-04-09,11825.6504
^CNX100,Nifty 100,Large Cap,2019-04-10,11743.9004
^CNX100,Nifty 100,Large Cap,2019-04-11,11760.0
^CNX100,Nifty 100,Large Cap,2019-04-12,11807.8496
^CNX100,Nifty 100,Large Cap,2019-04-15,11856.4502
^CNX100,Nifty 100,Large Cap,2019-04-16,11950.0498
^CNX100,Nifty 100,Large Cap,2019-04-18,11913.3496
^CNX100,Nifty 100,Large Cap,2019-04-22,11745.9004
^CNX100,Nifty 100,Large Cap,2019-04-23,11727.6504
^CNX100,Nifty 100,Large Cap,2019-04-24,11869.5498
^CNX100,Nifty 100,Large Cap,2019-04-25,11787.4004
^CNX100,Nifty 100,Large Cap,2019-04-26,11886.7002
^CNX100,Nifty 100,Large Cap,2019-04-30,11874.25
^CNX100,Nifty 100,Large Cap,2019-05-02,11845.5996
^CNX100,Nifty 100,Large Cap,2019-05-03,11828.0498
^CNX100,Nifty 100,Large Cap,2019-05-06,11708.8496
^CNX100,Nifty 100,Large Cap,2019-05-07,11610.0996
^CNX100,Nifty 100,Large Cap,2019-05-08,11470.7998
^CNX100,Nifty 100,Large Cap,2019-05-09,11415.9004
^CNX100,Nifty 100,Large Cap,2019-05-10,11391.8496
^CNX100,Nifty 100,Large Cap,2019-05-13,11249.8496
^CNX100,Nifty 100,Large Cap,2019-05-14,11318.0
^CNX100,Nifty 100,Large Cap,2019-05-15,11253.8496
^CNX100,Nifty 100,Large Cap,2019-05-16,11341.5996
^CNX100,Nifty 100,Large Cap,2019-05-17,11485.8496
^CNX100,Nifty 100,Large Cap,2019-05-20,11903.9502
^CNX100,Nifty 100,Large Cap,2019-05-21,11786.2998
^CNX100,Nifty 100,Large Cap,2019-05-22,11811.2998
^CNX100,Nifty 100,Large Cap,2019-05-23,11745.5
^CNX100,Nifty 100,Large Cap,2019-05-24,11944.6504
^CNX100,Nifty 100,Large Cap,2019-05-27,12023.75
^CNX100,Nifty 100,Large Cap,2019-05-28,12033.0996
^CNX100,Nifty 100,Large Cap,2019-05-29,11962.3496
^CNX100,Nifty 100,Large Cap,2019-05-30,12038.2002
^CNX100,Nifty 100,Large Cap,2019-05-31,12028.25
^CNX100,Nifty 100,Large Cap,2019-06-03,12190.8496
^CNX100,Nifty 100,Large Cap,2019-06-04,12122.5996
^CNX100,Nifty 100,Large Cap,2019-06-06,11932.9502
^CNX100,Nifty 100,Large Cap,2019-06-07,11957.0498
^CNX100,Nifty 100,Large Cap,2019-06-10,12006.8496
^CNX100,Nifty 100,Large Cap,2019-06-11,12053.5996
^CNX100,Nifty 100,Large Cap,2019-06-12,11989.2002
^CNX100,Nifty 100,Large Cap,2019-06-13,11995.2002
^CNX100,Nifty 100,Large Cap,2019-06-14,11899.3496
^CNX100,Nifty 100,Large Cap,2019-06-17,11743.0
^CNX100,Nifty 100,Large Cap,2019-06-18,11761.6504
^CNX100,Nifty 100,Large Cap,2019-06-19,11753.0498
^CNX100,Nifty 100,Large Cap,2019-06-20,11901.1504
^CNX100,Nifty 100,Large Cap,2019-06-21,11802.4502
^CNX100,Nifty 100,Large Cap,2019-06-24,11782.9502
^CNX100,Nifty 100,Large Cap,2019-06-25,11871.9004
^CNX100,Nifty 100,Large Cap,2019-06-26,11928.8496
^CNX100,Nifty 100,Large Cap,2019-06-27,11931.3496
^CNX100,Nifty 100,Large Cap,2019-06-28,11882.0996
^CNX100,Nifty 100,Large Cap,2019-07-01,11957.5
^CNX100,Nifty 100,Large Cap,2019-07-02,12001.5996
^CNX100,Nifty 100,Large Cap,2019-07-03,12015.2002
^CNX100,Nifty 100,Large Cap,2019-07-04,12044.7998
^CNX100,Nifty 100,Large Cap,2019-07-05,11904.0498
^CNX100,Nifty 100,Large Cap,2019-07-08,11650.3496
^CNX100,Nifty 100,Large Cap,2019-07-09,11655.8496
^CNX100,Nifty 100,Large Cap,2019-07-10,11593.7998
^CNX100,Nifty 100,Large Cap,2019-07-11,11678.5996
^CNX100,Nifty 100,Large Cap,2019-07-12,11654.8496
^CNX100,Nifty 100,Large Cap,2019-07-15,11692.6504
^CNX100,Nifty 100,Large Cap,2019-07-16,11773.1504
^CNX100,Nifty 100,Large Cap,2019-07-17,11798.4502
^CNX100,Nifty 100,Large Cap,2019-07-18,11701.4004
^CNX100,Nifty 100,Large Cap,2019-07-19,11519.25
^CNX100,Nifty 100,Large Cap,2019-07-22,11456.25
^CNX100,Nifty 100,Large Cap,2019-07-23,11436.5498
^CNX100,Nifty 100,Large Cap,2019-07-24,11360.1504
^CNX100,Nifty 100,Large Cap,2019-07-25,11352.3496
^CNX100,Nifty 100,Large Cap,2019-07-26,11394.7002
^CNX100,Nifty 100,Large Cap,2019-07-29,11290.9004
^CNX100,Nifty 100,Large Cap,2019-07-30,11179.5498
^CNX100,Nifty 100,Large Cap,2019-07-31,11221.2002
^CNX100,Nifty 100,Large Cap,2019-08-01,11080.9004
^CNX100,Nifty 100,Large Cap,2019-08-02,11100.4502
^CNX100,Nifty 100,Large Cap,2019-08-05,10970.0498
^CNX100,Nifty 100,Large Cap,2019-08-06,11058.9004
^CNX100,Nifty 100,Large Cap,2019-08-07,10970.5498
^CNX100,Nifty 100,Large Cap,2019-08-08,11144.1504
^CNX100,Nifty 100,Large Cap,2019-08-09,11222.2002
^CNX100,Nifty 100,Large Cap,2019-08-13,11027.4004
^CNX100,Nifty 100,Large Cap,2019-08-14,11133.75
^CNX100,Nifty 100,Large Cap,2019-08-16,11154.5498
^CNX100,Nifty 100,Large Cap,2019-08-19,11158.9502
^CNX100,Nifty 100,Large Cap,2019-08-20,11115.5996
^CNX100,Nifty 100,Large Cap,2019-08-21,11012.0
^CNX100,Nifty 100,Large Cap,2019-08-22,10836.8496
^CNX100,Nifty 100,Large Cap,2019-08-23,10925.9004
^CNX100,Nifty 100,Large Cap,2019-08-26,11152.6504
^CNX100,Nifty 100,Large Cap,2019-08-27,11213.7002
^CNX100,Nifty 100,Large Cap,2019-08-28,11154.5498
^CNX100,Nifty 100,Large Cap,2019-08-29,11069.2998
^CNX100,Nifty 100,Large Cap,2019-08-30,11155.0996
^CNX100,Nifty 100,Large Cap,2019-09-03,10925.2002
^CNX100,Nifty 100,Large Cap,2019-09-04,10964.2998
^CNX100,Nifty 100,Large Cap,2019-09-05,10975.0
^CNX100,Nifty 100,Large Cap,2019-09-06,11068.1504
^CNX100,Nifty 100,Large Cap,2019-09-09,11122.9502
^CNX100,Nifty 100,Large Cap,2019-09-11,11161.6504
^CNX100,Nifty 100,Large Cap,2019-09-12,11113.5
^CNX100,Nifty 100,Large Cap,2019-09-13,11205.0996
^CNX100,Nifty 100,Large Cap,2019-09-16,11139.8496
^CNX100,Nifty 100,Large Cap,2019-09-17,10951.5498
^CNX100,Nifty 100,Large Cap,2019-09-18,10980.7998
^CNX100,Nifty 100,Large Cap,2019-09-19,10848.8496
^CNX100,Nifty 100,Large Cap,2019-09-20,11432.0
^CNX100,Nifty 100,Large Cap,2019-09-23,11746.25
^CNX100,Nifty 100,Large Cap,2019-09-24,11737.4502
^CNX100,Nifty 100,Large Cap,2019-09-25,11581.5996
^CNX100,Nifty 100,Large Cap,2019-09-26,11714.8496
^CNX100,Nifty 100,Large Cap,2019-09-27,11663.5
^CNX100,Nifty 100,Large Cap,2019-09-30,11613.2998
^CNX100,Nifty 100,Large Cap,2019-10-01,11497.5
^CNX100,Nifty 100,Large Cap,2019-10-03,11444.7998
^CNX100,Nifty 100,Large Cap,2019-10-04,11303.4004
^CNX100,Nifty 100,Large Cap,2019-10-07,11239.0498
^CNX100,Nifty 100,Large Cap,2019-10-09,11423.6504
^CNX100,Nifty 100,Large Cap,2019-10-10,11345.0
^CNX100,Nifty 100,Large Cap,2019-10-11,11412.9502
^CNX100,Nifty 100,Large Cap,2019-10-14,11455.7002
^CNX100,Nifty 100,Large Cap,2019-10-15,11544.4502
^CNX100,Nifty 100,Large Cap,2019-10-16,11588.6504
^CNX100,Nifty 100,Large Cap,2019-10-17,11718.3496
^CNX100,Nifty 100,Large Cap,2019-10-18,11806.2002
^CNX100,Nifty 100,Large Cap,2019-10-22,11749.9004
^CNX100,Nifty 100,Large Cap,2019-10-23,11762.4502
^CNX100,Nifty 100,Large Cap,2019-10-24,11738.25
^CNX100,Nifty 100,Large Cap,2019-10-25,11734.3496
^CNX100,Nifty 100,Large Cap,2019-10-29,11942.0498
^CNX100,Nifty 100,Large Cap,2019-10-30,12002.9502
^CNX100,Nifty 100,Large Cap,2019-10-31,12037.25
^CNX100,Nifty 100,Large Cap,2019-11-01,12047.7998
^CNX100,Nifty 100,Large Cap,2019-11-04,12089.1504
^CNX100,Nifty 100,Large Cap,2019-11-05,12056.1504
^CNX100,Nifty 100,Large Cap,2019-11-06,12104.2002
^CNX100,Nifty 100,Large Cap,2019-11-07,12152.9502
^CNX100,Nifty 100,Large Cap,2019-11-08,12044.8496
^CNX100,Nifty 100,Large Cap,2019-11-11,12053.2998
^CNX100,Nifty 100,Large Cap,2019-11-13,11980.6504
^CNX100,Nifty 100,Large Cap,2019-11-14,12001.0996
^CNX100,Nifty 100,Large Cap,2019-11-15,12022.7998
^CNX100,Nifty 100,Large Cap,2019-11-18,12010.9004
^CNX100,Nifty 100,Large Cap,2019-11-19,12054.7002
^CNX100,Nifty 100,Large Cap,2019-11-20,12116.2002
^CNX100,Nifty 100,Large Cap,2019-11-21,12082.7002
^CNX100,Nifty 100,Large Cap,2019-11-22,12031.2002
^CNX100,Nifty 100,Large Cap,2019-11-25,12192.6504
^CNX100,Nifty 100,Large Cap,2019-11-26,12150.7002
^CNX100,Nifty 100,Large Cap,2019-11-27,12217.5
^CNX100,Nifty 100,Large Cap,2019-11-28,12278.4502
^CNX100,Nifty 100,Large Cap,2019-11-29,12182.5996
^CNX100,Nifty 100,Large Cap,2019-12-02,12175.1504
^CNX100,Nifty 100,Large Cap,2019-12-03,12115.7998
^CNX100,Nifty 100,Large Cap,2019-12-04,12160.8496
^CNX100,Nifty 100,Large Cap,2019-12-05,12126.5
^CNX100,Nifty 100,Large Cap,2019-12-06,12024.9502
^CNX100,Nifty 100,Large Cap,2019-12-09,12033.2998
^CNX100,Nifty 100,Large Cap,2019-12-10,11945.7998
^CNX100,Nifty 100,Large Cap,2019-12-11,11999.9502
^CNX100,Nifty 100,Large Cap,2019-12-12,12065.8496
^CNX100,Nifty 100,Large Cap,2019-12-13,12182.7002
^CNX100,Nifty 100,Large Cap,2019-12-16,12144.8496
^CNX100,Nifty 100,Large Cap,2019-12-17,12248.9502
^CNX100,Nifty 100,Large Cap,2019-12-18,12304.25
^CNX100,Nifty 100,Large Cap,2019-12-19,12343.8496
^CNX100,Nifty 100,Large Cap,2019-12-20,12363.4004
^CNX100,Nifty 100,Large Cap,2019-12-23,12354.9502
^CNX100,Nifty 100,Large Cap,2019-12-24,12312.0996
^CNX100,Nifty 100,Large Cap,2019-12-26,12229.1504
^CNX100,Nifty 100,Large Cap,2019-12-27,12344.5996
^CNX100,Nifty 100,Large Cap,2019-12-30,12354.25
^CNX100,Nifty 100,Large Cap,2019-12-31,12267.75
^CNX100,Nifty 100,Large Cap,2020-01-01,12279.0498
^CNX100,Nifty 100,Large Cap,2020-01-02,12380.5
^CNX100,Nifty 100,Large Cap,2020-01-03,12328.5996
^CNX100,Nifty 100,Large Cap,2020-01-06,12090.5996
^CNX100,Nifty 100,Large Cap,2020-01-07,12154.9502
^CNX100,Nifty 100,Large Cap,2020-01-08,12131.4502
^CNX100,Nifty 100,Large Cap,2020-01-09,12319.7002
^CNX100,Nifty 100,Large Cap,2020-01-10,12359.7002
^CNX100,Nifty 100,Large Cap,2020-01-13,12436.4502
^CNX100,Nifty 100,Large Cap,2020-01-14,12468.5498
^CNX100,Nifty 100,Large Cap,2020-01-15,12458.8496
^CNX100,Nifty 100,Large Cap,2020-01-16,12470.5996
^CNX100,Nifty 100,Large Cap,2020-01-17,12471.1504
^CNX100,Nifty 100,Large Cap,2020-01-20,12343.2002
^CNX100,Nifty 100,Large Cap,2020-01-21,12287.25
^CNX100,Nifty 100,Large Cap,2020-01-22,12230.8496
^CNX100,Nifty 100,Large Cap,2020-01-23,12312.9004
^CNX100,Nifty 100,Large Cap,2020-01-24,12386.9502
^CNX100,Nifty 100,Large Cap,2020-01-27,12262.6504
^CNX100,Nifty 100,Large Cap,2020-01-28,12203.2002
^CNX100,Nifty 100,Large Cap,2020-01-29,12276.9502
^CNX100,Nifty 100,Large Cap,2020-01-30,12165.4004
^CNX100,Nifty 100,Large Cap,2020-01-31,12086.9004
^CNX100,Nifty 100,Large Cap,2020-02-03,11820.2998
^CNX100,Nifty 100,Large Cap,2020-02-04,12091.0
^CNX100,Nifty 100,Large Cap,2020-02-05,12212.0
^CNX100,Nifty 100,Large Cap,2020-02-06,12273.7002
^CNX100,Nifty 100,Large Cap,2020-02-07,12249.25
^CNX100,Nifty 100,Large Cap,2020-02-10,12185.3496
^CNX100,Nifty 100,Large Cap,2020-02-11,12246.2002
^CNX100,Nifty 100,Large Cap,2020-02-12,12327.7002
^CNX100,Nifty 100,Large Cap,2020-02-13,12301.75
^CNX100,Nifty 100,Large Cap,2020-02-14,12230.4502
^CNX100,Nifty 100,Large Cap,2020-02-17,12152.0
^CNX100,Nifty 100,Large Cap,2020-02-18,12098.9004
^CNX100,Nifty 100,Large Cap,2020-02-19,12248.2002
^CNX100,Nifty 100,Large Cap,2020-02-20,12211.2998
^CNX100,Nifty 100,Large Cap,2020-02-24,11957.0
^CNX100,Nifty 100,Large Cap,2020-02-25,11917.2998
^CNX100,Nifty 100,Large Cap,2020-02-26,11790.0996
^CNX100,Nifty 100,Large Cap,2020-02-27,11746.8496
^CNX100,Nifty 100,Large Cap,2020-02-28,11316.2998
^CNX100,Nifty 100,Large Cap,2020-03-02,11251.5498
^CNX100,Nifty 100,Large Cap,2020-03-03,11430.8496
^CNX100,Nifty 100,Large Cap,2020-03-04,11372.8496
^CNX100,Nifty 100,Large Cap,2020-03-05,11397.9004
^CNX100,Nifty 100,Large Cap,2020-03-06,11119.6504
^CNX100,Nifty 100,Large Cap,2020-03-09,10583.0498
^CNX100,Nifty 100,Large Cap,2020-03-11,10578.0
^CNX100,Nifty 100,Large Cap,2020-03-12,9693.9502
^CNX100,Nifty 100,Large Cap,2020-03-13,10050.25
^CNX100,Nifty 100,Large Cap,2020-03-16,9316.9502
^CNX100,Nifty 100,Large Cap,2020-03-17,9105.4004
^CNX100,Nifty 100,Large Cap,2020-03-18,8607.9502
^CNX100,Nifty 100,Large Cap,2020-03-19,8388.7002
^CNX100,Nifty 100,Large Cap,2020-03-20,8852.0498
^CNX100,Nifty 100,Large Cap,2020-03-23,7719.1001
^CNX100,Nifty 100,Large Cap,2020-03-24,7897.3999
^CNX100,Nifty 100,Large Cap,2020-03-25,8388.2002
^CNX100,Nifty 100,Large Cap,2020-03-26,8732.0996
^CNX100,Nifty 100,Large Cap,2020-03-27,8747.0498
^CNX100,Nifty 100,Large Cap,2020-03-30,8405.2998
^CNX100,Nifty 100,Large Cap,2020-03-31,8731.1504
^CNX100,Nifty 100,Large Cap,2020-04-01,8404.1504
^CNX100,Nifty 100,Large Cap,2020-04-03,8240.2002
^CNX100,Nifty 100,Large Cap,2020-04-07,8934.5996
^CNX100,Nifty 100,Large Cap,2020-04-08,8921.2998
^CNX100,Nifty 100,Large Cap,2020-04-09,9282.8496
^CNX100,Nifty 100,Large Cap,2020-04-13,9177.7002
^CNX100,Nifty 100,Large Cap,2020-04-15,9128.25
^CNX100,Nifty 100,Large Cap,2020-04-16,9197.0996
^CNX100,Nifty 100,Large Cap,2020-04-17,9453.5
^CNX100,Nifty 100,Large Cap,2020-04-20,9442.5996
^CNX100,Nifty 100,Large Cap,2020-04-21,9175.6504
^CNX100,Nifty 100,Large Cap,2020-04-22,9372.2998
^CNX100,Nifty 100,Large Cap,2020-04-23,9486.7002
^CNX100,Nifty 100,Large Cap,2020-04-24,9323.7002
^CNX100,Nifty 100,Large Cap,2020-04-27,9462.1504
^CNX100,Nifty 100,Large Cap,2020-04-28,9545.0498
^CNX100,Nifty 100,Large Cap,2020-04-29,9710.7002
^CNX100,Nifty 100,Large Cap,2020-04-30,10006.9004
^CNX100,Nifty 100,Large Cap,2020-05-04,9454.0498
^CNX100,Nifty 100,Large Cap,2020-05-05,9358.9004
^CNX100,Nifty 100,Large Cap,2020-05-06,9428.5498
^CNX100,Nifty 100,Large Cap,2020-05-07,9351.4502
^CNX100,Nifty 100,Large Cap,2020-05-08,9408.6504
^CNX100,Nifty 100,Large Cap,2020-05-11,9411.7002
^CNX100,Nifty 100,Large Cap,2020-05-12,9372.25
^CNX100,Nifty 100,Large Cap,2020-05-13,9552.6504
^CNX100,Nifty 100,Large Cap,2020-05-14,9333.0996
^CNX100,Nifty 100,Large Cap,2020-05-15,9320.5996
^CNX100,Nifty 100,Large Cap,2020-05-18,9004.4004
^CNX100,Nifty 100,Large Cap,2020-05-19,9060.1504
^CNX100,Nifty 100,Large Cap,2020-05-20,9249.1504
^CNX100,Nifty 100,Large Cap,2020-05-21,9299.7998
^CNX100,Nifty 100,Large Cap,2020-05-22,9226.7998
^CNX100,Nifty 100,Large Cap,2020-05-26,9219.5996
^CNX100,Nifty 100,Large Cap,2020-05-27,9471.5996
^CNX100,Nifty 100,Large Cap,2020-05-28,9648.2002
^CNX100,Nifty 100,Large Cap,2020-05-29,9759.4502
^CNX100,Nifty 100,Large Cap,2020-06-01,9996.4004
^CNX100,Nifty 100,Large Cap,2020-06-02,10139.75
^CNX100,Nifty 100,Large Cap,2020-06-03,10220.25
^CNX100,Nifty 100,Large Cap,2020-06-04,10198.0
^CNX100,Nifty 100,Large Cap,2020-06-05,10324.1504
^CNX100,Nifty 100,Large Cap,2020-06-08,10346.7002
^CNX100,Nifty 100,Large Cap,2020-06-09,10231.25
^CNX100,Nifty 100,Large Cap,2020-06-10,10291.7002
^CNX100,Nifty 100,Large Cap,2020-06-11,10082.0996
^CNX100,Nifty 100,Large Cap,2020-06-12,10158.2998
^CNX100,Nifty 100,Large Cap,2020-06-15,10005.7998
^CNX100,Nifty 100,Large Cap,2020-06-16,10097.3496
^CNX100,Nifty 100,Large Cap,2020-06-17,10069.75
^CNX100,Nifty 100,Large Cap,2020-06-18,10258.1504
^CNX100,Nifty 100,Large Cap,2020-06-19,10407.75
^CNX100,Nifty 100,Large Cap,2020-06-22,10494.3496
^CNX100,Nifty 100,Large Cap,2020-06-23,10660.7998
^CNX100,Nifty 100,Large Cap,2020-06-24,10499.9004
^CNX100,Nifty 100,Large Cap,2020-06-25,10486.5498
^CNX100,Nifty 100,Large Cap,2020-06-26,10570.9502
^CNX100,Nifty 100,Large Cap,2020-06-29,10496.8496
^CNX100,Nifty 100,Large Cap,2020-06-30,10486.9004
^CNX100,Nifty 100,Large Cap,2020-07-01,10598.9004
^CNX100,Nifty 100,Large Cap,2020-07-02,10716.0996
^CNX100,Nifty 100,Large Cap,2020-07-03,10776.2998
^CNX100,Nifty 100,Large Cap,2020-07-06,10919.25
^CNX100,Nifty 100,Large Cap,2020-07-07,10958.0
^CNX100,Nifty 100,Large Cap,2020-07-08,10870.9502
^CNX100,Nifty 100,Large Cap,2020-07-09,10962.7002
^CNX100,Nifty 100,Large Cap,2020-07-10,10919.7002
^CNX100,Nifty 100,Large Cap,2020-07-13,10953.75
^CNX100,Nifty 100,Large Cap,2020-07-14,10768.5996
^CNX100,Nifty 100,Large Cap,2020-07-15,10769.5996
^CNX100,Nifty 100,Large Cap,2020-07-16,10879.9004
^CNX100,Nifty 100,Large Cap,2020-07-17,11045.8496
^CNX100,Nifty 100,Large Cap,2020-07-20,11159.4502
^CNX100,Nifty 100,Large Cap,2020-07-21,11283.9004
^CNX100,Nifty 100,Large Cap,2020-07-22,11249.4502
^CNX100,Nifty 100,Large Cap,2020-07-23,11334.2998
^CNX100,Nifty 100,Large Cap,2020-07-24,11297.75
^CNX100,Nifty 100,Large Cap,2020-07-27,11231.2998
^CNX100,Nifty 100,Large Cap,2020-07-28,11388.4004
^CNX100,Nifty 100,Large Cap,2020-07-29,11310.8496
^CNX100,Nifty 100,Large Cap,2020-07-30,11231.2998
^CNX100,Nifty 100,Large Cap,2020-07-31,11222.9502
^CNX100,Nifty 100,Large Cap,2020-08-03,11056.0
^CNX100,Nifty 100,Large Cap,2020-08-04,11244.0996
^CNX100,Nifty 100,Large Cap,2020-08-05,11248.4004
^CNX100,Nifty 100,Large Cap,2020-08-06,11345.4502
^CNX100,Nifty 100,Large Cap,2020-08-07,11361.4004
^CNX100,Nifty 100,Large Cap,2020-08-10,11433.0
^CNX100,Nifty 100,Large Cap,2020-08-11,11471.25
^CNX100,Nifty 100,Large Cap,2020-08-12,11458.25
^CNX100,Nifty 100,Large Cap,2020-08-13,11458.9004
^CNX100,Nifty 100,Large Cap,2020-08-14,11337.5498
^CNX100,Nifty 100,Large Cap,2020-08-17,11402.8496
^CNX100,Nifty 100,Large Cap,2020-08-18,11541.9502
^CNX100,Nifty 100,Large Cap,2020-08-19,11564.5
^CNX100,Nifty 100,Large Cap,2020-08-20,11479.0
^CNX100,Nifty 100,Large Cap,2020-08-21,11535.7998
^CNX100,Nifty 100,Large Cap,2020-08-24,11619.1504
^CNX100,Nifty 100,Large Cap,2020-08-25,11625.5996
^CNX100,Nifty 100,Large Cap,2020-08-26,11694.3496
^CNX100,Nifty 100,Large Cap,2020-08-27,11709.4502
^CNX100,Nifty 100,Large Cap,2020-08-28,11791.5
^CNX100,Nifty 100,Large Cap,2020-08-31,11496.0498
^CNX100,Nifty 100,Large Cap,2020-09-01,11586.5996
^CNX100,Nifty 100,Large Cap,2020-09-02,11660.5996
^CNX100,Nifty 100,Large Cap,2020-09-03,11663.3496
^CNX100,Nifty 100,Large Cap,2020-09-04,11464.9502
^CNX100,Nifty 100,Large Cap,2020-09-07,11478.4004
^CNX100,Nifty 100,Large Cap,2020-09-08,11434.9004
^CNX100,Nifty 100,Large Cap,2020-09-09,11397.9502
^CNX100,Nifty 100,Large Cap,2020-09-10,11562.6504
^CNX100,Nifty 100,Large Cap,2020-09-11,11589.6504
^CNX100,Nifty 100,Large Cap,2020-09-14,11566.4502
^CNX100,Nifty 100,Large Cap,2020-09-15,11652.8496
^CNX100,Nifty 100,Large Cap,2020-09-16,11732.7002
^CNX100,Nifty 100,Large Cap,2020-09-17,11646.1504
^CNX100,Nifty 100,Large Cap,2020-09-18,11640.2002
^CNX100,Nifty 100,Large Cap,2020-09-21,11367.25
^CNX100,Nifty 100,Large Cap,2020-09-22,11264.5498
^CNX100,Nifty 100,Large Cap,2020-09-23,11241.5996
^CNX100,Nifty 100,Large Cap,2020-09-24,10922.25
^CNX100,Nifty 100,Large Cap,2020-09-25,11176.2998
^CNX100,Nifty 100,Large Cap,2020-09-28,11365.25
^CNX100,Nifty 100,Large Cap,2020-09-29,11353.6504
^CNX100,Nifty 100,Large Cap,2020-09-30,11385.2002
^CNX100,Nifty 100,Large Cap,2020-10-01,11545.9004
^CNX100,Nifty 100,Large Cap,2020-10-05,11625.5996
^CNX100,Nifty 100,Large Cap,2020-10-06,11770.75
^CNX100,Nifty 100,Large Cap,2020-10-07,11833.9004
^CNX100,Nifty 100,Large Cap,2020-10-08,11925.4004
^CNX100,Nifty 100,Large Cap,2020-10-09,11990.7002
^CNX100,Nifty 100,Large Cap,2020-10-12,11999.0498
^CNX100,Nifty 100,Large Cap,2020-10-13,11995.7002
^CNX100,Nifty 100,Large Cap,2020-10-14,12039.0498
^CNX100,Nifty 100,Large Cap,2020-10-15,11758.2002
^CNX100,Nifty 100,Large Cap,2020-10-16,11843.3496
^CNX100,Nifty 100,Large Cap,2020-10-19,11952.9004
^CNX100,Nifty 100,Large Cap,2020-10-20,11976.8496
^CNX100,Nifty 100,Large Cap,2020-10-21,12009.0
^CNX100,Nifty 100,Large Cap,2020-10-22,11971.7998
^CNX100,Nifty 100,Large Cap,2020-10-23,12006.0996
^CNX100,Nifty 100,Large Cap,2020-10-26,11842.7002
^CNX100,Nifty 100,Large Cap,2020-10-27,11971.9004
^CNX100,Nifty 100,Large Cap,2020-10-28,11819.0498
^CNX100,Nifty 100,Large Cap,2020-10-29,11774.4004
^CNX100,Nifty 100,Large Cap,2020-10-30,11748.9502
^CNX100,Nifty 100,Large Cap,2020-11-02,11777.8496
^CNX100,Nifty 100,Large Cap,2020-11-03,11913.3496
^CNX100,Nifty 100,Large Cap,2020-11-04,12007.0996
^CNX100,Nifty 100,Large Cap,2020-11-05,12217.9004
^CNX100,Nifty 100,Large Cap,2020-11-06,12349.1504
^CNX100,Nifty 100,Large Cap,2020-11-09,12545.4502
^CNX100,Nifty 100,Large Cap,2020-11-10,12683.3496
^CNX100,Nifty 100,Large Cap,2020-11-11,12805.5996
^CNX100,Nifty 100,Large Cap,2020-11-12,12764.0498
^CNX100,Nifty 100,Large Cap,2020-11-13,12804.25
^CNX100,Nifty 100,Large Cap,2020-11-17,12960.9004
^CNX100,Nifty 100,Large Cap,2020-11-18,13022.75
^CNX100,Nifty 100,Large Cap,2020-11-19,12864.8496
^CNX100,Nifty 100,Large Cap,2020-11-20,12962.4502
^CNX100,Nifty 100,Large Cap,2020-11-23,13036.6504
^CNX100,Nifty 100,Large Cap,2020-11-24,13158.2998
^CNX100,Nifty 100,Large Cap,2020-11-25,12959.7998
^CNX100,Nifty 100,Large Cap,2020-11-26,13087.75
^CNX100,Nifty 100,Large Cap,2020-11-27,13080.2998
^CNX100,Nifty 100,Large Cap,2020-12-01,13225.7002
^CNX100,Nifty 100,Large Cap,2020-12-02,13244.3496
^CNX100,Nifty 100,Large Cap,2020-12-03,13280.5
^CNX100,Nifty 100,Large Cap,2020-12-04,13396.5
^CNX100,Nifty 100,Large Cap,2020-12-07,13497.8496
^CNX100,Nifty 100,Large Cap,2020-12-08,13529.8496
^CNX100,Nifty 100,Large Cap,2020-12-09,13649.5996
^CNX100,Nifty 100,Large Cap,2020-12-10,13612.3496
^CNX100,Nifty 100,Large Cap,2020-12-11,13647.9004
^CNX100,Nifty 100,Large Cap,2020-12-14,13693.2002
^CNX100,Nifty 100,Large Cap,2020-12-15,13697.7002
^CNX100,Nifty 100,Large Cap,2020-12-16,13808.0498
^CNX100,Nifty 100,Large Cap,2020-12-17,13852.5498
^CNX100,Nifty 100,Large Cap,2020-12-18,13872.7998
^CNX100,Nifty 100,Large Cap,2020-12-21,13431.2998
^CNX100,Nifty 100,Large Cap,2020-12-22,13577.3496
^CNX100,Nifty 100,Large Cap,2020-12-23,13725.5498
^CNX100,Nifty 100,Large Cap,2020-12-24,13862.0996
^CNX100,Nifty 100,Large Cap,2020-12-28,13986.7002
^CNX100,Nifty 100,Large Cap,2020-12-29,14037.6504
^CNX100,Nifty 100,Large Cap,2020-12-30,14088.4502
^CNX100,Nifty 100,Large Cap,2020-12-31,14090.75
^CNX100,Nifty 100,Large Cap,2021-01-04,14267.0498
^CNX100,Nifty 100,Large Cap,2021-01-05,14355.9004
^CNX100,Nifty 100,Large Cap,2021-01-06,14305.6504
^CNX100,Nifty 100,Large Cap,2021-01-07,14305.5
^CNX100,Nifty 100,Large Cap,2021-01-08,14514.3496
^CNX100,Nifty 100,Large Cap,2021-01-11,14642.0498
^CNX100,Nifty 100,Large Cap,2021-01-12,14705.5
^CNX100,Nifty 100,Large Cap,2021-01-13,14694.9502
^CNX100,Nifty 100,Large Cap,2021-01-14,14731.1504
^CNX100,Nifty 100,Large Cap,2021-01-15,14558.7998
^CNX100,Nifty 100,Large Cap,2021-01-18,14390.0498
^CNX100,Nifty 100,Large Cap,2021-01-19,14632.2002
^CNX100,Nifty 100,Large Cap,2021-01-20,14751.2998
^CNX100,Nifty 100,Large Cap,2021-01-21,14686.5498
^CNX100,Nifty 100,Large Cap,2021-01-22,14479.5996
^CNX100,Nifty 100,Large Cap,2021-01-25,14348.4502
^CNX100,Nifty 100,Large Cap,2021-01-27,14085.8496
^CNX100,Nifty 100,Large Cap,2021-01-28,13947.25
^CNX100,Nifty 100,Large Cap,2021-01-29,13743.2998
^CNX100,Nifty 100,Large Cap,2021-02-01,14361.6504
^CNX100,Nifty 100,Large Cap,2021-02-02,14720.5498
^CNX100,Nifty 100,Large Cap,2021-02-03,14854.0
^CNX100,Nifty 100,Large Cap,2021-02-04,14977.1504
^CNX100,Nifty 100,Large Cap,2021-02-05,14988.9502
^CNX100,Nifty 100,Large Cap,2021-02-08,15177.9502
^CNX100,Nifty 100,Large Cap,2021-02-09,15171.25
^CNX100,Nifty 100,Large Cap,2021-02-10,15176.4004
^CNX100,Nifty 100,Large Cap,2021-02-11,15249.6504
^CNX100,Nifty 100,Large Cap,2021-02-12,15245.75
^CNX100,Nifty 100,Large Cap,2021-02-15,15399.2002
^CNX100,Nifty 100,Large Cap,2021-02-16,15406.0
^CNX100,Nifty 100,Large Cap,2021-02-17,15318.5
^CNX100,Nifty 100,Large Cap,2021-02-18,15249.5
^CNX100,Nifty 100,Large Cap,2021-02-19,15102.6504
^CNX100,Nifty 100,Large Cap,2021-02-22,14802.4502
^CNX100,Nifty 100,Large Cap,2021-02-23,14844.25
^CNX100,Nifty 100,Large Cap,2021-02-24,15094.8496
^CNX100,Nifty 100,Large Cap,2021-02-25,15209.0
^CNX100,Nifty 100,Large Cap,2021-02-26,14667.5996
^CNX100,Nifty 100,Large Cap,2021-03-01,14889.6504
^CNX100,Nifty 100,Large Cap,2021-03-02,15061.5996
^CNX100,Nifty 100,Large Cap,2021-03-03,15379.5
^CNX100,Nifty 100,Large Cap,2021-03-04,15238.75
^CNX100,Nifty 100,Large Cap,2021-03-05,15084.3496
^CNX100,Nifty 100,Large Cap,2021-03-08,15096.8496
^CNX100,Nifty 100,Large Cap,2021-03-09,15206.0
^CNX100,Nifty 100,Large Cap,2021-03-10,15284.8496
^CNX100,Nifty 100,Large Cap,2021-03-12,15140.1504
^CNX100,Nifty 100,Large Cap,2021-03-15,15040.8496
^CNX100,Nifty 100,Large Cap,2021-03-16,15033.2998
^CNX100,Nifty 100,Large Cap,2021-03-17,14828.8496
^CNX100,Nifty 100,Large Cap,2021-03-18,14662.5
^CNX100,Nifty 100,Large Cap,2021-03-19,14847.25
^CNX100,Nifty 100,Large Cap,2021-03-22,14859.7002
^CNX100,Nifty 100,Large Cap,2021-03-23,14952.0996
^CNX100,Nifty 100,Large Cap,2021-03-24,14690.0498
^CNX100,Nifty 100,Large Cap,2021-03-25,14450.5498
^CNX100,Nifty 100,Large Cap,2021-03-26,14633.5
^CNX100,Nifty 100,Large Cap,2021-03-30,14936.0498
^CNX100,Nifty 100,Large Cap,2021-03-31,14807.4502
^CNX100,Nifty 100,Large Cap,2021-04-01,14993.0498
^CNX100,Nifty 100,Large Cap,2021-04-05,14775.7002
^CNX100,Nifty 100,Large Cap,2021-04-06,14836.25
^CNX100,Nifty 100,Large Cap,2021-04-07,14973.9502
^CNX100,Nifty 100,Large Cap,2021-04-08,15036.1504
^CNX100,Nifty 100,Large Cap,2021-04-09,15004.1504
^CNX100,Nifty 100,Large Cap,2021-04-12,14450.0498
^CNX100,Nifty 100,Large Cap,2021-04-13,14639.4004
^CNX100,Nifty 100,Large Cap,2021-04-15,14719.25
^CNX100,Nifty 100,Large Cap,2021-04-16,14773.2002
^CNX100,Nifty 100,Large Cap,2021-04-19,14512.8496
^CNX100,Nifty 100,Large Cap,2021-04-20,14466.7998
^CNX100,Nifty 100,Large Cap,2021-04-22,14564.25
^CNX100,Nifty 100,Large Cap,2021-04-23,14510.9502
^CNX100,Nifty 100,Large Cap,2021-04-26,14645.9004
^CNX100,Nifty 100,Large Cap,2021-04-27,14807.75
^CNX100,Nifty 100,Large Cap,2021-04-28,15004.6504
^CNX100,Nifty 100,Large Cap,2021-04-29,15029.9502
^CNX100,Nifty 100,Large Cap,2021-04-30,14790.5996
^CNX100,Nifty 100,Large Cap,2021-05-03,14811.2002
^CNX100,Nifty 100,Large Cap,2021-05-04,14683.7002
^CNX100,Nifty 100,Large Cap,2021-05-05,14823.2002
^CNX100,Nifty 100,Large Cap,2021-05-06,14928.5996
^CNX100,Nifty 100,Large Cap,2021-05-07,15021.6504
^CNX100,Nifty 100,Large Cap,2021-05-10,15146.6504
^CNX100,Nifty 100,Large Cap,2021-05-11,15071.4004
^CNX100,Nifty 100,Large Cap,2021-05-12,14940.0
^CNX100,Nifty 100,Large Cap,2021-05-14,14893.2002
^CNX100,Nifty 100,Large Cap,2021-05-17,15134.1504
^CNX100,Nifty 100,Large Cap,2021-05-18,15325.0
^CNX100,Nifty 100,Large Cap,2021-05-19,15272.5498
^CNX100,Nifty 100,Large Cap,2021-05-20,15164.4502
^CNX100,Nifty 100,Large Cap,2021-05-21,15408.5498
^CNX100,Nifty 100,Large Cap,2021-05-24,15445.2002
^CNX100,Nifty 100,Large Cap,2021-05-25,15445.5996
^CNX100,Nifty 100,Large Cap,2021-05-26,15522.3496
^CNX100,Nifty 100,Large Cap,2021-05-27,15564.3496
^CNX100,Nifty 100,Large Cap,2021-05-28,15650.3496
^CNX100,Nifty 100,Large Cap,2021-05-31,15798.7002
^CNX100,Nifty 100,Large Cap,2021-06-01,15789.4004
^CNX100,Nifty 100,Large Cap,2021-06-02,15832.2002
^CNX100,Nifty 100,Large Cap,2021-06-03,15952.6504
^CNX100,Nifty 100,Large Cap,2021-06-04,15945.8496
^CNX100,Nifty 100,Large Cap,2021-06-07,16018.5996
^CNX100,Nifty 100,Large Cap,2021-06-08,16017.2002
^CNX100,Nifty 100,Large Cap,2021-06-09,15904.75
^CNX100,Nifty 100,Large Cap,2021-06-10,16021.5
^CNX100,Nifty 100,Large Cap,2021-06-11,16079.5996
^CNX100,Nifty 100,Large Cap,2021-06-14,16079.7002
^CNX100,Nifty 100,Large Cap,2021-06-15,16136.6504
^CNX100,Nifty 100,Large Cap,2021-06-16,16025.5498
^CNX100,Nifty 100,Large Cap,2021-06-17,15936.2002
^CNX100,Nifty 100,Large Cap,2021-06-18,15915.5498
^CNX100,Nifty 100,Large Cap,2021-06-21,15991.25
^CNX100,Nifty 100,Large Cap,2021-06-22,16026.9502
^CNX100,Nifty 100,Large Cap,2021-06-23,15933.1504
^CNX100,Nifty 100,Large Cap,2021-06-24,16011.5498
^CNX100,Nifty 100,Large Cap,2021-06-25,16087.2002
^CNX100,Nifty 100,Large Cap,2021-06-28,16055.2002
^CNX100,Nifty 100,Large Cap,2021-06-29,15992.0996
^CNX100,Nifty 100,Large Cap,2021-06-30,15959.4004
^CNX100,Nifty 100,Large Cap,2021-07-01,15928.0996
^CNX100,Nifty 100,Large Cap,2021-07-02,15957.0996
^CNX100,Nifty 100,Large Cap,2021-07-05,16066.9004
^CNX100,Nifty 100,Large Cap,2021-07-06,16054.9004
^CNX100,Nifty 100,Large Cap,2021-07-07,16117.4004
^CNX100,Nifty 100,Large Cap,2021-07-08,15981.9502
^CNX100,Nifty 100,Large Cap,2021-07-09,15952.4004
^CNX100,Nifty 100,Large Cap,2021-07-12,15955.9502
^CNX100,Nifty 100,Large Cap,2021-07-13,16055.5996
^CNX100,Nifty 100,Large Cap,2021-07-14,16091.5
^CNX100,Nifty 100,Large Cap,2021-07-15,16160.2002
^CNX100,Nifty 100,Large Cap,2021-07-16,16172.0498
^CNX100,Nifty 100,Large Cap,2021-07-19,16006.9004
^CNX100,Nifty 100,Large Cap,2021-07-20,15886.25
^CNX100,Nifty 100,Large Cap,2021-07-22,16094.25
^CNX100,Nifty 100,Large Cap,2021-07-23,16119.0996
^CNX100,Nifty 100,Large Cap,2021-07-26,16094.2002
^CNX100,Nifty 100,Large Cap,2021-07-27,16011.0498
^CNX100,Nifty 100,Large Cap,2021-07-28,15983.9004
^CNX100,Nifty 100,Large Cap,2021-07-29,16045.2002
^CNX100,Nifty 100,Large Cap,2021-07-30,16040.1504
^CNX100,Nifty 100,Large Cap,2021-08-02,16166.9502
^CNX100,Nifty 100,Large Cap,2021-08-03,16399.9492
^CNX100,Nifty 100,Large Cap,2021-08-04,16494.5508
^CNX100,Nifty 100,Large Cap,2021-08-05,16520.5
^CNX100,Nifty 100,Large Cap,2021-08-06,16476.5508
^CNX100,Nifty 100,Large Cap,2021-08-09,16483.4492
^CNX100,Nifty 100,Large Cap,2021-08-10,16493.8496
^CNX100,Nifty 100,Large Cap,2021-08-11,16490.1504
^CNX100,Nifty 100,Large Cap,2021-08-12,16569.3008
^CNX100,Nifty 100,Large Cap,2021-08-13,16716.1504
^CNX100,Nifty 100,Large Cap,2021-08-16,16748.0
^CNX100,Nifty 100,Large Cap,2021-08-17,16805.1504
^CNX100,Nifty 100,Large Cap,2021-08-18,16778.8008
^CNX100,Nifty 100,Large Cap,2021-08-20,16642.1504
^CNX100,Nifty 100,Large Cap,2021-08-23,16673.3496
^CNX100,Nifty 100,Large Cap,2021-08-24,16808.0
^CNX100,Nifty 100,Large Cap,2021-08-25,16830.0996
^CNX100,Nifty 100,Large Cap,2021-08-26,16841.5996
^CNX100,Nifty 100,Large Cap,2021-08-27,16930.8496
^CNX100,Nifty 100,Large Cap,2021-08-30,17164.1992
^CNX100,Nifty 100,Large Cap,2021-08-31,17373.0996
^CNX100,Nifty 100,Large Cap,2021-09-01,17343.3008
^CNX100,Nifty 100,Large Cap,2021-09-02,17504.5996
^CNX100,Nifty 100,Large Cap,2021-09-03,17597.4492
^CNX100,Nifty 100,Large Cap,2021-09-06,17641.0
^CNX100,Nifty 100,Large Cap,2021-09-07,17618.6992
^CNX100,Nifty 100,Large Cap,2021-09-08,17626.1992
^CNX100,Nifty 100,Large Cap,2021-09-09,17652.9004
^CNX100,Nifty 100,Large Cap,2021-09-13,17648.5996
^CNX100,Nifty 100,Large Cap,2021-09-14,17678.4492
^CNX100,Nifty 100,Large Cap,2021-09-15,17809.5
^CNX100,Nifty 100,Large Cap,2021-09-16,17925.0508
^CNX100,Nifty 100,Large Cap,2021-09-17,17864.5508
^CNX100,Nifty 100,Large Cap,2021-09-20,17654.0996
^CNX100,Nifty 100,Large Cap,2021-09-21,17817.9492
^CNX100,Nifty 100,Large Cap,2021-09-22,17817.6992
^CNX100,Nifty 100,Large Cap,2021-09-23,18085.8008
^CNX100,Nifty 100,Large Cap,2021-09-24,18090.1992
^CNX100,Nifty 100,Large Cap,2021-09-27,18085.5508
^CNX100,Nifty 100,Large Cap,2021-09-28,17973.1504
^CNX100,Nifty 100,Large Cap,2021-09-29,17926.0508
^CNX100,Nifty 100,Large Cap,2021-09-30,17845.0996
^CNX100,Nifty 100,Large Cap,2021-10-01,17778.5508
^CNX100,Nifty 100,Large Cap,2021-10-04,17956.75
^CNX100,Nifty 100,Large Cap,2021-10-05,18082.8008
^CNX100,Nifty 100,Large Cap,2021-10-06,17905.8496
^CNX100,Nifty 100,Large Cap,2021-10-07,18058.0
^CNX100,Nifty 100,Large Cap,2021-10-08,18141.6992
^CNX100,Nifty 100,Large Cap,2021-10-11,18198.9004
^CNX100,Nifty 100,Large Cap,2021-10-12,18258.8496
^CNX100,Nifty 100,Large Cap,2021-10-13,18433.1992
^CNX100,Nifty 100,Large Cap,2021-10-14,18610.3496
^CNX100,Nifty 100,Large Cap,2021-10-18,18734.9004
^CNX100,Nifty 100,Large Cap,2021-10-19,18646.1504
^CNX100,Nifty 100,Large Cap,2021-10-20,18467.75
^CNX100,Nifty 100,Large Cap,2021-10-21,18374.0996
^CNX100,Nifty 100,Large Cap,2021-10-22,18285.1504
^CNX100,Nifty 100,Large Cap,2021-10-25,18272.4004
^CNX100,Nifty 100,Large Cap,2021-10-26,18425.1504
^CNX100,Nifty 100,Large Cap,2021-10-27,18390.0508
^CNX100,Nifty 100,Large Cap,2021-10-28,18028.0996
^CNX100,Nifty 100,Large Cap,2021-10-29,17880.8008
^CNX100,Nifty 100,Large Cap,2021-11-01,18134.5996
^CNX100,Nifty 100,Large Cap,2021-11-02,18101.0
^CNX100,Nifty 100,Large Cap,2021-11-03,18066.9492
^CNX100,Nifty 100,Large Cap,2021-11-04,18156.1504
^CNX100,Nifty 100,Large Cap,2021-11-08,18320.6504
^CNX100,Nifty 100,Large Cap,2021-11-09,18309.0508
^CNX100,Nifty 100,Large Cap,2021-11-10,18291.75
^CNX100,Nifty 100,Large Cap,2021-11-11,18156.8008
^CNX100,Nifty 100,Large Cap,2021-11-12,18389.5
^CNX100,Nifty 100,Large Cap,2021-11-15,18401.6504
^CNX100,Nifty 100,Large Cap,2021-11-16,18301.4492
^CNX100,Nifty 100,Large Cap,2021-11-17,18211.3496
^CNX100,Nifty 100,Large Cap,2021-11-18,18059.5
^CNX100,Nifty 100,Large Cap,2021-11-22,17708.5508
^CNX100,Nifty 100,Large Cap,2021-11-23,17823.5
^CNX100,Nifty 100,Large Cap,2021-11-24,17733.0
^CNX100,Nifty 100,Large Cap,2021-11-25,17861.6504
^CNX100,Nifty 100,Large Cap,2021-11-26,17340.5
^CNX100,Nifty 100,Large Cap,2021-11-29,17339.1504
^CNX100,Nifty 100,Large Cap,2021-11-30,17270.25
^CNX100,Nifty 100,Large Cap,2021-12-01,17444.4492
^CNX100,Nifty 100,Large Cap,2021-12-02,17675.0
^CNX100,Nifty 100,Large Cap,2021-12-03,17493.6992
^CNX100,Nifty 100,Large Cap,2021-12-06,17197.5
^CNX100,Nifty 100,Large Cap,2021-12-07,17464.9492
^CNX100,Nifty 100,Large Cap,2021-12-08,17751.9004
^CNX100,Nifty 100,Large Cap,2021-12-09,17797.8008
^CNX100,Nifty 100,Large Cap,2021-12-10,17802.5996
^CNX100,Nifty 100,Large Cap,2021-12-13,17664.8496
^CNX100,Nifty 100,Large Cap,2021-12-14,17637.6992
^CNX100,Nifty 100,Large Cap,2021-12-15,17526.3496
^CNX100,Nifty 100,Large Cap,2021-12-16,17539.3008
^CNX100,Nifty 100,Large Cap,2021-12-17,17249.0
^CNX100,Nifty 100,Large Cap,2021-12-20,16856.1992
^CNX100,Nifty 100,Large Cap,2021-12-21,17037.75
^CNX100,Nifty 100,Large Cap,2021-12-22,17232.8008
^CNX100,Nifty 100,Large Cap,2021-12-23,17360.6504
^CNX100,Nifty 100,Large Cap,2021-12-24,17273.6504
^CNX100,Nifty 100,Large Cap,2021-12-27,17351.8008
^CNX100,Nifty 100,Large Cap,2021-12-28,17501.75
^CNX100,Nifty 100,Large Cap,2021-12-29,17478.8008
^CNX100,Nifty 100,Large Cap,2021-12-30,17449.3008
^CNX100,Nifty 100,Large Cap,2021-12-31,17618.8008
^CNX100,Nifty 100,Large Cap,2022-01-03,17874.0
^CNX100,Nifty 100,Large Cap,2022-01-04,18030.9492
^CNX100,Nifty 100,Large Cap,2022-01-05,18147.5
^CNX100,Nifty 100,Large Cap,2022-01-06,17985.5996
^CNX100,Nifty 100,Large Cap,2022-01-07,18053.9492
^CNX100,Nifty 100,Large Cap,2022-01-10,18229.0996
^CNX100,Nifty 100,Large Cap,2022-01-11,18275.1504
^CNX100,Nifty 100,Large Cap,2022-01-12,18430.25
^CNX100,Nifty 100,Large Cap,2022-01-13,18482.4492
^CNX100,Nifty 100,Large Cap,2022-01-14,18485.6992
^CNX100,Nifty 100,Large Cap,2022-01-17,18543.1992
^CNX100,Nifty 100,Large Cap,2022-01-18,18331.6992
^CNX100,Nifty 100,Large Cap,2022-01-19,18179.6992
^CNX100,Nifty 100,Large Cap,2022-01-20,18021.0996
^CNX100,Nifty 100,Large Cap,2022-01-21,17856.1504
^CNX100,Nifty 100,Large Cap,2022-01-24,17353.4492
^CNX100,Nifty 100,Large Cap,2022-01-25,17489.1504
^CNX100,Nifty 100,Large Cap,2022-01-27,17302.3496
^CNX100,Nifty 100,Large Cap,2022-01-28,17314.6992
^CNX100,Nifty 100,Large Cap,2022-01-31,17547.4004
^CNX100,Nifty 100,Large Cap,2022-02-01,17796.25
^CNX100,Nifty 100,Large Cap,2022-02-02,17998.75
^CNX100,Nifty 100,Large Cap,2022-02-03,17794.6992
^CNX100,Nifty 100,Large Cap,2022-02-04,17755.3008
^CNX100,Nifty 100,Large Cap,2022-02-07,17477.6504
^CNX100,Nifty 100,Large Cap,2022-02-08,17509.8008
^CNX100,Nifty 100,Large Cap,2022-02-09,17707.8496
^CNX100,Nifty 100,Large Cap,2022-02-10,17842.9004
^CNX100,Nifty 100,Large Cap,2022-02-11,17606.5996
^CNX100,Nifty 100,Large Cap,2022-02-14,17060.6992
^CNX100,Nifty 100,Large Cap,2022-02-15,17560.5508
^CNX100,Nifty 100,Large Cap,2022-02-16,17530.6504
^CNX100,Nifty 100,Large Cap,2022-02-17,17524.4492
^CNX100,Nifty 100,Large Cap,2022-02-18,17472.9004
^CNX100,Nifty 100,Large Cap,2022-02-21,17379.0996
^CNX100,Nifty 100,Large Cap,2022-02-22,17276.5
^CNX100,Nifty 100,Large Cap,2022-02-23,17273.4492
^CNX100,Nifty 100,Large Cap,2022-02-24,16428.0508
^CNX100,Nifty 100,Large Cap,2022-02-25,16872.3496
^CNX100,Nifty 100,Large Cap,2022-02-28,17016.5508
^CNX100,Nifty 100,Large Cap,2022-03-02,16855.6992
^CNX100,Nifty 100,Large Cap,2022-03-03,16761.5996
^CNX100,Nifty 100,Large Cap,2022-03-04,16482.8496
^CNX100,Nifty 100,Large Cap,2022-03-07,16086.9502
^CNX100,Nifty 100,Large Cap,2022-03-08,16251.6504
^CNX100,Nifty 100,Large Cap,2022-03-09,16571.5508
^CNX100,Nifty 100,Large Cap,2022-03-10,16835.5
^CNX100,Nifty 100,Large Cap,2022-03-11,16877.6992
^CNX100,Nifty 100,Large Cap,2022-03-14,17076.5996
^CNX100,Nifty 100,Large Cap,2022-03-15,16873.4492
^CNX100,Nifty 100,Large Cap,2022-03-16,17198.0
^CNX100,Nifty 100,Large Cap,2022-03-17,17505.4004
^CNX100,Nifty 100,Large Cap,2022-03-21,17323.6504
^CNX100,Nifty 100,Large Cap,2022-03-22,17499.1992
^CNX100,Nifty 100,Large Cap,2022-03-23,17446.0508
^CNX100,Nifty 100,Large Cap,2022-03-24,17429.9492
^CNX100,Nifty 100,Large Cap,2022-03-25,17370.5
^CNX100,Nifty 100,Large Cap,2022-03-28,17422.1504
^CNX100,Nifty 100,Large Cap,2022-03-29,17523.5996
^CNX100,Nifty 100,Large Cap,2022-03-30,17684.3008
^CNX100,Nifty 100,Large Cap,2022-03-31,17660.3496
^CNX100,Nifty 100,Large Cap,2022-04-01,17879.5
^CNX100,Nifty 100,Large Cap,2022-04-04,18256.0996
^CNX100,Nifty 100,Large Cap,2022-04-05,18195.0996
^CNX100,Nifty 100,Large Cap,2022-04-06,18075.0996
^CNX100,Nifty 100,Large Cap,2022-04-07,17920.8008
^CNX100,Nifty 100,Large Cap,2022-04-08,18089.3008
^CNX100,Nifty 100,Large Cap,2022-04-11,18032.4004
^CNX100,Nifty 100,Large Cap,2022-04-12,17877.5508
^CNX100,Nifty 100,Large Cap,2022-04-13,17835.1992
^CNX100,Nifty 100,Large Cap,2022-04-18,17565.9492
^CNX100,Nifty 100,Large Cap,2022-04-19,17330.4004
^CNX100,Nifty 100,Large Cap,2022-04-20,17496.6504
^CNX100,Nifty 100,Large Cap,2022-04-21,17750.1992
^CNX100,Nifty 100,Large Cap,2022-04-22,17541.0996
^CNX100,Nifty 100,Large Cap,2022-04-25,17300.3496
^CNX100,Nifty 100,Large Cap,2022-04-26,17577.8008
^CNX100,Nifty 100,Large Cap,2022-04-27,17398.5508
^CNX100,Nifty 100,Large Cap,2022-04-28,17615.4004
^CNX100,Nifty 100,Large Cap,2022-04-29,17457.1992
^CNX100,Nifty 100,Large Cap,2022-05-02,17419.4492
^CNX100,Nifty 100,Large Cap,2022-05-04,17004.0508
^CNX100,Nifty 100,Large Cap,2022-05-05,17016.5996
^CNX100,Nifty 100,Large Cap,2022-05-06,16729.5508
^CNX100,Nifty 100,Large Cap,2022-05-09,16581.8008
^CNX100,Nifty 100,Large Cap,2022-05-10,16466.25
^CNX100,Nifty 100,Large Cap,2022-05-11,16399.6992
^CNX100,Nifty 100,Large Cap,2022-05-12,16023.9004
^CNX100,Nifty 100,Large Cap,2022-05-13,15986.5
^CNX100,Nifty 100,Large Cap,2022-05-16,16079.0
^CNX100,Nifty 100,Large Cap,2022-05-17,16498.5
^CNX100,Nifty 100,Large Cap,2022-05-18,16485.8008
^CNX100,Nifty 100,Large Cap,2022-05-19,16047.3496
^CNX100,Nifty 100,Large Cap,2022-05-20,16476.6992
^CNX100,Nifty 100,Large Cap,2022-05-23,16409.75
^CNX100,Nifty 100,Large Cap,2022-05-24,16312.2998
^CNX100,Nifty 100,Large Cap,2022-05-25,16187.1504
^CNX100,Nifty 100,Large Cap,2022-05-26,16341.9004
^CNX100,Nifty 100,Large Cap,2022-05-27,16516.8008
^CNX100,Nifty 100,Large Cap,2022-05-30,16838.1504
^CNX100,Nifty 100,Large Cap,2022-05-31,16767.5
^CNX100,Nifty 100,Large Cap,2022-06-01,16688.9492
^CNX100,Nifty 100,Large Cap,2022-06-02,16794.75
^CNX100,Nifty 100,Large Cap,2022-06-03,16721.5
^CNX100,Nifty 100,Large Cap,2022-06-06,16701.1992
^CNX100,Nifty 100,Large Cap,2022-06-07,16550.6992
^CNX100,Nifty 100,Large Cap,2022-06-08,16492.1992
^CNX100,Nifty 100,Large Cap,2022-06-09,16616.4004
^CNX100,Nifty 100,Large Cap,2022-06-10,16353.5
^CNX100,Nifty 100,Large Cap,2022-06-13,15936.0498
^CNX100,Nifty 100,Large Cap,2022-06-14,15905.5996
^CNX100,Nifty 100,Large Cap,2022-06-15,15874.9004
^CNX100,Nifty 100,Large Cap,2022-06-16,15543.3496
^CNX100,Nifty 100,Large Cap,2022-06-17,15445.7998
^CNX100,Nifty 100,Large Cap,2022-06-20,15481.9502
^CNX100,Nifty 100,Large Cap,2022-06-21,15793.1504
^CNX100,Nifty 100,Large Cap,2022-06-22,15555.2998
^CNX100,Nifty 100,Large Cap,2022-06-23,15704.7998
^CNX100,Nifty 100,Large Cap,2022-06-24,15858.2998
^CNX100,Nifty 100,Large Cap,2022-06-27,15990.2998
^CNX100,Nifty 100,Large Cap,2022-06-28,16008.8496
^CNX100,Nifty 100,Large Cap,2022-06-29,15952.75
^CNX100,Nifty 100,Large Cap,2022-06-30,15929.4004
^CNX100,Nifty 100,Large Cap,2022-07-01,15925.9502
^CNX100,Nifty 100,Large Cap,2022-07-04,16018.1504
^CNX100,Nifty 100,Large Cap,2022-07-05,16001.5996
^CNX100,Nifty 100,Large Cap,2022-07-06,16196.25
^CNX100,Nifty 100,Large Cap,2022-07-07,16339.0996
^CNX100,Nifty 100,Large Cap,2022-07-08,16424.0
^CNX100,Nifty 100,Large Cap,2022-07-11,16465.0996
^CNX100,Nifty 100,Large Cap,2022-07-12,16323.5
^CNX100,Nifty 100,Large Cap,2022-07-13,16237.25
^CNX100,Nifty 100,Large Cap,2022-07-14,16213.0498
^CNX100,Nifty 100,Large Cap,2022-07-15,16317.2002
^CNX100,Nifty 100,Large Cap,2022-07-18,16548.1504
^CNX100,Nifty 100,Large Cap,2022-07-19,16614.0508
^CNX100,Nifty 100,Large Cap,2022-07-20,16773.6992
^CNX100,Nifty 100,Large Cap,2022-07-21,16881.6992
^CNX100,Nifty 100,Large Cap,2022-07-22,16970.6992
^CNX100,Nifty 100,Large Cap,2022-07-25,16892.0996
^CNX100,Nifty 100,Large Cap,2022-07-26,16733.3008
^CNX100,Nifty 100,Large Cap,2022-07-27,16889.5508
^CNX100,Nifty 100,Large Cap,2022-07-28,17169.6992
^CNX100,Nifty 100,Large Cap,2022-07-29,17400.75
^CNX100,Nifty 100,Large Cap,2022-08-01,17598.8008
^CNX100,Nifty 100,Large Cap,2022-08-02,17618.25
^CNX100,Nifty 100,Large Cap,2022-08-03,17646.0
^CNX100,Nifty 100,Large Cap,2022-08-04,17652.9492
^CNX100,Nifty 100,Large Cap,2022-08-05,17655.5
^CNX100,Nifty 100,Large Cap,2022-08-08,17784.8008
^CNX100,Nifty 100,Large Cap,2022-08-10,17784.9004
^CNX100,Nifty 100,Large Cap,2022-08-11,17913.9492
^CNX100,Nifty 100,Large Cap,2022-08-12,17956.8008
^CNX100,Nifty 100,Large Cap,2022-08-16,18107.25
^CNX100,Nifty 100,Large Cap,2022-08-17,18235.5508
^CNX100,Nifty 100,Large Cap,2022-08-18,18264.4004
^CNX100,Nifty 100,Large Cap,2022-08-19,18071.0996
^CNX100,Nifty 100,Large Cap,2022-08-22,17792.4492
^CNX100,Nifty 100,Large Cap,2022-08-23,17878.4004
^CNX100,Nifty 100,Large Cap,2022-08-24,17917.3008
^CNX100,Nifty 100,Large Cap,2022-08-25,17847.6504
^CNX100,Nifty 100,Large Cap,2022-08-26,17893.8008
^CNX100,Nifty 100,Large Cap,2022-08-29,17666.4492
^CNX100,Nifty 100,Large Cap,2022-08-30,18112.4004
^CNX100,Nifty 100,Large Cap,2022-09-01,17924.3008
^CNX100,Nifty 100,Large Cap,2022-09-02,17916.0
^CNX100,Nifty 100,Large Cap,2022-09-05,18021.6504
^CNX100,Nifty 100,Large Cap,2022-09-06,18031.3008
^CNX100,Nifty 100,Large Cap,2022-09-07,18008.0996
^CNX100,Nifty 100,Large Cap,2022-09-08,18168.8496
^CNX100,Nifty 100,Large Cap,2022-09-09,18198.0996
^CNX100,Nifty 100,Large Cap,2022-09-12,18319.8008
^CNX100,Nifty 100,Large Cap,2022-09-13,18453.6992
^CNX100,Nifty 100,Large Cap,2022-09-14,18405.5996
^CNX100,Nifty 100,Large Cap,2022-09-15,18316.9004
^CNX100,Nifty 100,Large Cap,2022-09-16,17938.0996
^CNX100,Nifty 100,Large Cap,2022-09-19,18025.25
^CNX100,Nifty 100,Large Cap,2022-09-20,18222.0996
^CNX100,Nifty 100,Large Cap,2022-09-21,18091.9004
^CNX100,Nifty 100,Large Cap,2022-09-22,18030.4004
^CNX100,Nifty 100,Large Cap,2022-09-23,17718.4492
^CNX100,Nifty 100,Large Cap,2022-09-26,17374.8008
^CNX100,Nifty 100,Large Cap,2022-09-27,17366.4004
^CNX100,Nifty 100,Large Cap,2022-09-28,17219.5508
^CNX100,Nifty 100,Large Cap,2022-09-29,17167.75
^CNX100,Nifty 100,Large Cap,2022-09-30,17438.5996
^CNX100,Nifty 100,Large Cap,2022-10-03,17190.9004
^CNX100,Nifty 100,Large Cap,2022-10-04,17589.3008
^CNX100,Nifty 100,Large Cap,2022-10-06,17662.8008
^CNX100,Nifty 100,Large Cap,2022-10-07,17641.4492
^CNX100,Nifty 100,Large Cap,2022-10-10,17553.1504
^CNX100,Nifty 100,Large Cap,2022-10-11,17285.8496
^CNX100,Nifty 100,Large Cap,2022-10-12,17423.4004
^CNX100,Nifty 100,Large Cap,2022-10-13,17302.1504
^CNX100,Nifty 100,Large Cap,2022-10-14,17432.5508
^CNX100,Nifty 100,Large Cap,2022-10-17,17560.5
^CNX100,Nifty 100,Large Cap,2022-10-18,17741.1992
^CNX100,Nifty 100,Large Cap,2022-10-19,17756.25
^CNX100,Nifty 100,Large Cap,2022-10-20,17829.4492
^CNX100,Nifty 100,Large Cap,2022-10-21,17808.8008
^CNX100,Nifty 100,Large Cap,2022-10-24,17951.3008
^CNX100,Nifty 100,Large Cap,2022-10-25,17887.4004
^CNX100,Nifty 100,Large Cap,2022-10-27,17989.0
^CNX100,Nifty 100,Large Cap,2022-10-28,18017.1992
^CNX100,Nifty 100,Large Cap,2022-10-31,18243.4004
^CNX100,Nifty 100,Large Cap,2022-11-01,18383.1992
^CNX100,Nifty 100,Large Cap,2022-11-02,18322.4004
^CNX100,Nifty 100,Large Cap,2022-11-03,18297.4004
^CNX100,Nifty 100,Large Cap,2022-11-04,18361.4492
^CNX100,Nifty 100,Large Cap,2022-11-07,18450.1504
^CNX100,Nifty 100,Large Cap,2022-11-09,18406.25
^CNX100,Nifty 100,Large Cap,2022-11-10,18267.0996
^CNX100,Nifty 100,Large Cap,2022-11-11,18573.3496
^CNX100,Nifty 100,Large Cap,2022-11-14,18568.4004
^CNX100,Nifty 100,Large Cap,2022-11-15,18635.4004
^CNX100,Nifty 100,Large Cap,2022-11-16,18615.5
^CNX100,Nifty 100,Large Cap,2022-11-17,18532.4492
^CNX100,Nifty 100,Large Cap,2022-11-18,18483.1992
^CNX100,Nifty 100,Large Cap,2022-11-21,18334.6504
^CNX100,Nifty 100,Large Cap,2022-11-22,18407.5
^CNX100,Nifty 100,Large Cap,2022-11-23,18433.8008
^CNX100,Nifty 100,Large Cap,2022-11-24,18627.25
^CNX100,Nifty 100,Large Cap,2022-11-25,18652.0508
^CNX100,Nifty 100,Large Cap,2022-11-28,18696.75
^CNX100,Nifty 100,Large Cap,2022-11-29,18758.3496
^CNX100,Nifty 100,Large Cap,2022-11-30,18919.5508
^CNX100,Nifty 100,Large Cap,2022-12-01,18973.0508
^CNX100,Nifty 100,Large Cap,2022-12-02,18870.25
^CNX100,Nifty 100,Large Cap,2022-12-05,18867.6504
^CNX100,Nifty 100,Large Cap,2022-12-06,18821.5508
^CNX100,Nifty 100,Large Cap,2022-12-07,18754.0
^CNX100,Nifty 100,Large Cap,2022-12-08,18802.0
^CNX100,Nifty 100,Large Cap,2022-12-09,18687.6504
^CNX100,Nifty 100,Large Cap,2022-12-12,18690.8008
^CNX100,Nifty 100,Large Cap,2022-12-13,18781.6504
^CNX100,Nifty 100,Large Cap,2022-12-14,18837.25
^CNX100,Nifty 100,Large Cap,2022-12-15,18604.4492
^CNX100,Nifty 100,Large Cap,2022-12-16,18446.3008
^CNX100,Nifty 100,Large Cap,2022-12-19,18604.5
^CNX100,Nifty 100,Large Cap,2022-12-20,18570.4004
^CNX100,Nifty 100,Large Cap,2022-12-21,18361.1504
^CNX100,Nifty 100,Large Cap,2022-12-22,18277.8496
^CNX100,Nifty 100,Large Cap,2022-12-23,17888.0508
^CNX100,Nifty 100,Large Cap,2022-12-27,18263.5508
^CNX100,Nifty 100,Large Cap,2022-12-28,18270.9492
^CNX100,Nifty 100,Large Cap,2022-12-29,18343.5996
^CNX100,Nifty 100,Large Cap,2022-12-30,18258.75
^CNX100,Nifty 100,Large Cap,2023-01-02,18334.3008
^CNX100,Nifty 100,Large Cap,2023-01-03,18376.5
^CNX100,Nifty 100,Large Cap,2023-01-04,18173.4492
^CNX100,Nifty 100,Large Cap,2023-01-05,18150.0
^CNX100,Nifty 100,Large Cap,2023-01-06,18013.9492
^CNX100,Nifty 100,Large Cap,2023-01-09,18248.5508
^CNX100,Nifty 100,Large Cap,2023-01-10,18081.0
^CNX100,Nifty 100,Large Cap,2023-01-11,18054.3008
^CNX100,Nifty 100,Large Cap,2023-01-12,18028.3008
^CNX100,Nifty 100,Large Cap,2023-01-13,18126.25
^CNX100,Nifty 100,Large Cap,2023-01-16,18074.1992
^CNX100,Nifty 100,Large Cap,2023-01-17,18216.4004
^CNX100,Nifty 100,Large Cap,2023-01-18,18307.4004
^CNX100,Nifty 100,Large Cap,2023-01-19,18244.75
^CNX100,Nifty 100,Large Cap,2023-01-20,18169.4492
^CNX100,Nifty 100,Large Cap,2023-01-23,18249.3496
^CNX100,Nifty 100,Large Cap,2023-01-24,18245.3496
^CNX100,Nifty 100,Large Cap,2023-01-25,17974.3496
^CNX100,Nifty 100,Large Cap,2023-01-27,17594.5
^CNX100,Nifty 100,Large Cap,2023-01-30,17571.8496
^CNX100,Nifty 100,Large Cap,2023-01-31,17601.0
^CNX100,Nifty 100,Large Cap,2023-02-01,17516.1504
^CNX100,Nifty 100,Large Cap,2023-02-02,17490.3008
^CNX100,Nifty 100,Large Cap,2023-02-03,17687.3496
^CNX100,Nifty 100,Large Cap,2023-02-06,17611.4492
^CNX100,Nifty 100,Large Cap,2023-02-07,17569.6992
^CNX100,Nifty 100,Large Cap,2023-02-08,17719.8496
^CNX100,Nifty 100,Large Cap,2023-02-09,17723.8496
^CNX100,Nifty 100,Large Cap,2023-02-10,17685.4492
^CNX100,Nifty 100,Large Cap,2023-02-13,17575.1504
^CNX100,Nifty 100,Large Cap,2023-02-14,17702.3496
^CNX100,Nifty 100,Large Cap,2023-02-15,17786.9004
^CNX100,Nifty 100,Large Cap,2023-02-16,17814.9004
^CNX100,Nifty 100,Large Cap,2023-02-17,17721.0508
^CNX100,Nifty 100,Large Cap,2023-02-20,17626.9004
^CNX100,Nifty 100,Large Cap,2023-02-21,17604.4004
^CNX100,Nifty 100,Large Cap,2023-02-22,17335.0
^CNX100,Nifty 100,Large Cap,2023-02-23,17286.3008
^CNX100,Nifty 100,Large Cap,2023-02-24,17242.1504
^CNX100,Nifty 100,Large Cap,2023-02-27,17156.1504
^CNX100,Nifty 100,Large Cap,2023-02-28,17083.8008
^CNX100,Nifty 100,Large Cap,2023-03-01,17238.4492
^CNX100,Nifty 100,Large Cap,2023-03-02,17129.6504
^CNX100,Nifty 100,Large Cap,2023-03-03,17385.9492
^CNX100,Nifty 100,Large Cap,2023-03-06,17506.3008
^CNX100,Nifty 100,Large Cap,2023-03-08,17552.9492
^CNX100,Nifty 100,Large Cap,2023-03-09,17398.3008
^CNX100,Nifty 100,Large Cap,2023-03-10,17244.3008
^CNX100,Nifty 100,Large Cap,2023-03-13,16997.3008
^CNX100,Nifty 100,Large Cap,2023-03-14,16887.0508
^CNX100,Nifty 100,Large Cap,2023-03-15,16825.0508
^CNX100,Nifty 100,Large Cap,2023-03-16,16852.25
^CNX100,Nifty 100,Large Cap,2023-03-17,16964.8008
^CNX100,Nifty 100,Large Cap,2023-03-20,16852.9004
^CNX100,Nifty 100,Large Cap,2023-03-21,16970.5
^CNX100,Nifty 100,Large Cap,2023-03-22,17026.1992
^CNX100,Nifty 100,Large Cap,2023-03-23,16958.1504
^CNX100,Nifty 100,Large Cap,2023-03-24,16831.8008
^CNX100,Nifty 100,Large Cap,2023-03-27,16849.3008
^CNX100,Nifty 100,Large Cap,2023-03-28,16795.3496
^CNX100,Nifty 100,Large Cap,2023-03-29,16918.0508
^CNX100,Nifty 100,Large Cap,2023-03-31,17186.1504
^CNX100,Nifty 100,Large Cap,2023-04-03,17224.75
^CNX100,Nifty 100,Large Cap,2023-04-05,17373.9492
^CNX100,Nifty 100,Large Cap,2023-04-06,17414.6504
^CNX100,Nifty 100,Large Cap,2023-04-10,17446.3008
^CNX100,Nifty 100,Large Cap,2023-04-11,17540.8008
^CNX100,Nifty 100,Large Cap,2023-04-12,17626.9004
^CNX100,Nifty 100,Large Cap,2023-04-13,17635.1504
^CNX100,Nifty 100,Large Cap,2023-04-17,17543.4492
^CNX100,Nifty 100,Large Cap,2023-04-18,17510.8496
^CNX100,Nifty 100,Large Cap,2023-04-19,17455.4492
^CNX100,Nifty 100,Large Cap,2023-04-20,17459.8496
^CNX100,Nifty 100,Large Cap,2023-04-21,17455.25
^CNX100,Nifty 100,Large Cap,2023-04-24,17564.4004
^CNX100,Nifty 100,Large Cap,2023-04-25,17600.0508
^CNX100,Nifty 100,Large Cap,2023-04-26,17645.5508
^CNX100,Nifty 100,Large Cap,2023-04-27,17739.9492
^CNX100,Nifty 100,Large Cap,2023-04-28,17903.9492
^CNX100,Nifty 100,Large Cap,2023-05-02,17989.3008
^CNX100,Nifty 100,Large Cap,2023-05-03,17941.0996
^CNX100,Nifty 100,Large Cap,2023-05-04,18099.75
^CNX100,Nifty 100,Large Cap,2023-05-05,17939.25
^CNX100,Nifty 100,Large Cap,2023-05-08,18118.5
^CNX100,Nifty 100,Large Cap,2023-05-09,18114.0508
^CNX100,Nifty 100,Large Cap,2023-05-10,18170.8496
^CNX100,Nifty 100,Large Cap,2023-05-11,18174.25
^CNX100,Nifty 100,Large Cap,2023-05-12,18181.9492
^CNX100,Nifty 100,Large Cap,2023-05-15,18258.0996
^CNX100,Nifty 100,Large Cap,2023-05-16,18162.25
^CNX100,Nifty 100,Large Cap,2023-05-17,18056.6992
^CNX100,Nifty 100,Large Cap,2023-05-18,17985.75
^CNX100,Nifty 100,Large Cap,2023-05-19,18060.3496
^CNX100,Nifty 100,Large Cap,2023-05-22,18180.9004
^CNX100,Nifty 100,Large Cap,2023-05-23,18219.8008
^CNX100,Nifty 100,Large Cap,2023-05-24,18170.0
^CNX100,Nifty 100,Large Cap,2023-05-25,18213.5996
^CNX100,Nifty 100,Large Cap,2023-05-26,18393.0508
^CNX100,Nifty 100,Large Cap,2023-05-29,18490.25
^CNX100,Nifty 100,Large Cap,2023-05-30,18516.9492
^CNX100,Nifty 100,Large Cap,2023-05-31,18438.3008
^CNX100,Nifty 100,Large Cap,2023-06-01,18405.6992
^CNX100,Nifty 100,Large Cap,2023-06-02,18457.0
^CNX100,Nifty 100,Large Cap,2023-06-05,18513.8496
^CNX100,Nifty 100,Large Cap,2023-06-06,18527.8496
^CNX100,Nifty 100,Large Cap,2023-06-07,18659.6504
^CNX100,Nifty 100,Large Cap,2023-06-08,18562.9492
^CNX100,Nifty 100,Large Cap,2023-06-09,18502.0996
^CNX100,Nifty 100,Large Cap,2023-06-12,18545.8008
^CNX100,Nifty 100,Large Cap,2023-06-13,18668.0
^CNX100,Nifty 100,Large Cap,2023-06-14,18705.25
^CNX100,Nifty 100,Large Cap,2023-06-15,18653.5996
^CNX100,Nifty 100,Large Cap,2023-06-16,18798.5508
^CNX100,Nifty 100,Large Cap,2023-06-19,18732.8008
^CNX100,Nifty 100,Large Cap,2023-06-20,18794.5996
^CNX100,Nifty 100,Large Cap,2023-06-21,18827.8008
^CNX100,Nifty 100,Large Cap,2023-06-22,18722.6992
^CNX100,Nifty 100,Large Cap,2023-06-23,18595.75
^CNX100,Nifty 100,Large Cap,2023-06-26,18632.75
^CNX100,Nifty 100,Large Cap,2023-06-27,18751.3008
^CNX100,Nifty 100,Large Cap,2023-06-28,18901.1992
^CNX100,Nifty 100,Large Cap,2023-06-30,19099.5508
^CNX100,Nifty 100,Large Cap,2023-07-03,19223.8496
^CNX100,Nifty 100,Large Cap,2023-07-04,19270.5508
^CNX100,Nifty 100,Large Cap,2023-07-05,19297.9492
^CNX100,Nifty 100,Large Cap,2023-07-06,19397.0996
^CNX100,Nifty 100,Large Cap,2023-07-07,19233.5996
^CNX100,Nifty 100,Large Cap,2023-07-10,19239.8008
^CNX100,Nifty 100,Large Cap,2023-07-11,19333.5996
^CNX100,Nifty 100,Large Cap,2023-07-12,19293.6992
^CNX100,Nifty 100,Large Cap,2023-07-13,19304.8496
^CNX100,Nifty 100,Large Cap,2023-07-14,19454.0
^CNX100,Nifty 100,Large Cap,2023-07-17,19584.8008
^CNX100,Nifty 100,Large Cap,2023-07-18,19605.8496
^CNX100,Nifty 100,Large Cap,2023-07-19,19690.6992
^CNX100,Nifty 100,Large Cap,2023-07-20,19811.9004
^CNX100,Nifty 100,Large Cap,2023-07-21,19602.5996
^CNX100,Nifty 100,Large Cap,2023-07-24,19540.4492
^CNX100,Nifty 100,Large Cap,2023-07-25,19566.9004
^CNX100,Nifty 100,Large Cap,2023-07-26,19662.0
^CNX100,Nifty 100,Large Cap,2023-07-27,19566.6992
^CNX100,Nifty 100,Large Cap,2023-07-28,19580.6504
^CNX100,Nifty 100,Large Cap,2023-07-31,19679.3496
^CNX100,Nifty 100,Large Cap,2023-08-01,19659.8496
^CNX100,Nifty 100,Large Cap,2023-08-02,19447.0996
^CNX100,Nifty 100,Large Cap,2023-08-03,19310.9004
^CNX100,Nifty 100,Large Cap,2023-08-04,19448.75
^CNX100,Nifty 100,Large Cap,2023-08-07,19521.8496
^CNX100,Nifty 100,Large Cap,2023-08-08,19497.4492
^CNX100,Nifty 100,Large Cap,2023-08-09,19554.75
^CNX100,Nifty 100,Large Cap,2023-08-10,19463.0996
^CNX100,Nifty 100,Large Cap,2023-08-11,19359.0
^CNX100,Nifty 100,Large Cap,2023-08-14,19330.8008
^CNX100,Nifty 100,Large Cap,2023-08-16,19358.0508
^CNX100,Nifty 100,Large Cap,2023-08-17,19264.5996
^CNX100,Nifty 100,Large Cap,2023-08-18,19209.3496
^CNX100,Nifty 100,Large Cap,2023-08-21,19303.4004
^CNX100,Nifty 100,Large Cap,2023-08-22,19325.4492
^CNX100,Nifty 100,Large Cap,2023-08-23,19362.5508
^CNX100,Nifty 100,Large Cap,2023-08-24,19323.3496
^CNX100,Nifty 100,Large Cap,2023-08-25,19193.9004
^CNX100,Nifty 100,Large Cap,2023-08-28,19243.6504
^CNX100,Nifty 100,Large Cap,2023-08-29,19291.25
^CNX100,Nifty 100,Large Cap,2023-08-30,19307.5
^CNX100,Nifty 100,Large Cap,2023-08-31,19204.8008
^CNX100,Nifty 100,Large Cap,2023-09-01,19382.9492
^CNX100,Nifty 100,Large Cap,2023-09-04,19485.5
^CNX100,Nifty 100,Large Cap,2023-09-05,19531.1992
^CNX100,Nifty 100,Large Cap,2023-09-06,19578.25
^CNX100,Nifty 100,Large Cap,2023-09-07,19690.5
^CNX100,Nifty 100,Large Cap,2023-09-08,19789.3008
^CNX100,Nifty 100,Large Cap,2023-09-11,19970.8008
^CNX100,Nifty 100,Large Cap,2023-09-12,19905.1992
^CNX100,Nifty 100,Large Cap,2023-09-13,19977.8008
^CNX100,Nifty 100,Large Cap,2023-09-14,20024.8008
^CNX100,Nifty 100,Large Cap,2023-09-15,20108.4004
^CNX100,Nifty 100,Large Cap,2023-09-18,20056.1504
^CNX100,Nifty 100,Large Cap,2023-09-20,19832.5996
^CNX100,Nifty 100,Large Cap,2023-09-21,19674.8008
^CNX100,Nifty 100,Large Cap,2023-09-22,19614.1992
^CNX100,Nifty 100,Large Cap,2023-09-25,19606.8496
^CNX100,Nifty 100,Large Cap,2023-09-26,19606.0508
^CNX100,Nifty 100,Large Cap,2023-09-27,19654.9492
^CNX100,Nifty 100,Large Cap,2023-09-28,19451.6504
^CNX100,Nifty 100,Large Cap,2023-09-29,19577.0508
^CNX100,Nifty 100,Large Cap,2023-10-03,19492.6992
^CNX100,Nifty 100,Large Cap,2023-10-04,19376.25
^CNX100,Nifty 100,Large Cap,2023-10-05,19476.0508
^CNX100,Nifty 100,Large Cap,2023-10-06,19584.4492
^CNX100,Nifty 100,Large Cap,2023-10-09,19428.9004
^CNX100,Nifty 100,Large Cap,2023-10-10,19616.5508
^CNX100,Nifty 100,Large Cap,2023-10-11,19736.8008
^CNX100,Nifty 100,Large Cap,2023-10-12,19728.0996
^CNX100,Nifty 100,Large Cap,2023-10-13,19691.6992
^CNX100,Nifty 100,Large Cap,2023-10-16,19680.6504
^CNX100,Nifty 100,Large Cap,2023-10-17,19758.9004
^CNX100,Nifty 100,Large Cap,2023-10-18,19611.3496
^CNX100,Nifty 100,Large Cap,2023-10-19,19562.3008
^CNX100,Nifty 100,Large Cap,2023-10-20,19468.4004
^CNX100,Nifty 100,Large Cap,2023-10-23,19189.0996
^CNX100,Nifty 100,Large Cap,2023-10-25,19034.4004
^CNX100,Nifty 100,Large Cap,2023-10-26,18780.5996
^CNX100,Nifty 100,Large Cap,2023-10-27,18996.0996
^CNX100,Nifty 100,Large Cap,2023-10-30,19080.8496
^CNX100,Nifty 100,Large Cap,2023-10-31,19035.3496
^CNX100,Nifty 100,Large Cap,2023-11-01,18942.3008
^CNX100,Nifty 100,Large Cap,2023-11-02,19107.25
^CNX100,Nifty 100,Large Cap,2023-11-03,19222.0996
^CNX100,Nifty 100,Large Cap,2023-11-06,19399.0996
^CNX100,Nifty 100,Large Cap,2023-11-07,19416.8008
^CNX100,Nifty 100,Large Cap,2023-11-08,19470.0996
^CNX100,Nifty 100,Large Cap,2023-11-09,19413.8008
^CNX100,Nifty 100,Large Cap,2023-11-10,19444.8008
^CNX100,Nifty 100,Large Cap,2023-11-13,19475.6992
^CNX100,Nifty 100,Large Cap,2023-11-15,19698.4004
^CNX100,Nifty 100,Large Cap,2023-11-16,19785.8496
^CNX100,Nifty 100,Large Cap,2023-11-17,19773.4492
^CNX100,Nifty 100,Large Cap,2023-11-20,19730.6992
^CNX100,Nifty 100,Large Cap,2023-11-21,19806.4004
^CNX100,Nifty 100,Large Cap,2023-11-22,19818.9004
^CNX100,Nifty 100,Large Cap,2023-11-23,19819.4004
^CNX100,Nifty 100,Large Cap,2023-11-24,19812.0996
^CNX100,Nifty 100,Large Cap,2023-11-28,19938.4004
^CNX100,Nifty 100,Large Cap,2023-11-29,20136.1992
^CNX100,Nifty 100,Large Cap,2023-11-30,20201.0
^CNX100,Nifty 100,Large Cap,2023-12-01,20339.4492
^CNX100,Nifty 100,Large Cap,2023-12-04,20757.9492
^CNX100,Nifty 100,Large Cap,2023-12-05,20949.25
^CNX100,Nifty 100,Large Cap,2023-12-06,21074.1504
^CNX100,Nifty 100,Large Cap,2023-12-07,21076.3496
^CNX100,Nifty 100,Large Cap,2023-12-08,21107.1992
^CNX100,Nifty 100,Large Cap,2023-12-11,21161.6992
^CNX100,Nifty 100,Large Cap,2023-12-12,21058.25
^CNX100,Nifty 100,Large Cap,2023-12-13,21099.5996
^CNX100,Nifty 100,Large Cap,2023-12-14,21364.3008
^CNX100,Nifty 100,Large Cap,2023-12-15,21595.5
^CNX100,Nifty 100,Large Cap,2023-12-18,21585.25
^CNX100,Nifty 100,Large Cap,2023-12-19,21622.9492
^CNX100,Nifty 100,Large Cap,2023-12-20,21267.3496
^CNX100,Nifty 100,Large Cap,2023-12-21,21402.1504
^CNX100,Nifty 100,Large Cap,2023-12-22,21508.8496
^CNX100,Nifty 100,Large Cap,2023-12-26,21617.0508
^CNX100,Nifty 100,Large Cap,2023-12-27,21815.4492
^CNX100,Nifty 100,Large Cap,2023-12-28,21931.75
^CNX100,Nifty 100,Large Cap,2023-12-29,21918.8008
^CNX100,Nifty 100,Large Cap,2024-01-02,21865.25
^CNX100,Nifty 100,Large Cap,2024-01-03,21771.4004
^CNX100,Nifty 100,Large Cap,2024-01-04,21934.4004
^CNX100,Nifty 100,Large Cap,2024-01-05,21974.5996
^CNX100,Nifty 100,Large Cap,2024-01-08,21770.75
^CNX100,Nifty 100,Large Cap,2024-01-09,21815.1504
^CNX100,Nifty 100,Large Cap,2024-01-10,21885.8008
^CNX100,Nifty 100,Large Cap,2024-01-11,21942.1504
^CNX100,Nifty 100,Large Cap,2024-01-12,22159.25
^CNX100,Nifty 100,Large Cap,2024-01-15,22338.75
^CNX100,Nifty 100,Large Cap,2024-01-16,22274.5996
^CNX100,Nifty 100,Large Cap,2024-01-17,21839.9492
^CNX100,Nifty 100,Large Cap,2024-01-18,21730.0996
^CNX100,Nifty 100,Large Cap,2024-01-19,21916.0
^CNX100,Nifty 100,Large Cap,2024-01-23,21506.8008
^CNX100,Nifty 100,Large Cap,2024-01-24,21746.0
^CNX100,Nifty 100,Large Cap,2024-01-25,21666.5
^CNX100,Nifty 100,Large Cap,2024-01-29,22041.5996
^CNX100,Nifty 100,Large Cap,2024-01-30,21846.1992
^CNX100,Nifty 100,Large Cap,2024-01-31,22051.5508
^CNX100,Nifty 100,Large Cap,2024-02-01,22039.5996
^CNX100,Nifty 100,Large Cap,2024-02-02,22199.0
^CNX100,Nifty 100,Large Cap,2024-02-05,22113.4004
^CNX100,Nifty 100,Large Cap,2024-02-06,22299.3008
^CNX100,Nifty 100,Large Cap,2024-02-07,22363.6992
^CNX100,Nifty 100,Large Cap,2024-02-08,22202.75
^CNX100,Nifty 100,Large Cap,2024-02-09,22247.5508
^CNX100,Nifty 100,Large Cap,2024-02-12,22042.0996
^CNX100,Nifty 100,Large Cap,2024-02-13,22181.5996
^CNX100,Nifty 100,Large Cap,2024-02-14,22313.4004
^CNX100,Nifty 100,Large Cap,2024-02-15,22405.5508
^CNX100,Nifty 100,Large Cap,2024-02-16,22540.9004
^CNX100,Nifty 100,Large Cap,2024-02-20,22685.6504
^CNX100,Nifty 100,Large Cap,2024-02-21,22547.5996
^CNX100,Nifty 100,Large Cap,2024-02-22,22725.4004
^CNX100,Nifty 100,Large Cap,2024-02-23,22734.3008
^CNX100,Nifty 100,Large Cap,2024-02-26,22667.75
^CNX100,Nifty 100,Large Cap,2024-02-27,22722.3008
^CNX100,Nifty 100,Large Cap,2024-02-28,22457.6504
^CNX100,Nifty 100,Large Cap,2024-02-29,22526.3008
^CNX100,Nifty 100,Large Cap,2024-03-01,22862.0508
^CNX100,Nifty 100,Large Cap,2024-03-04,22944.8008
^CNX100,Nifty 100,Large Cap,2024-03-05,22900.6504
^CNX100,Nifty 100,Large Cap,2024-03-06,22988.3496
^CNX100,Nifty 100,Large Cap,2024-03-07,23036.0508
^CNX100,Nifty 100,Large Cap,2024-03-11,22895.4492
^CNX100,Nifty 100,Large Cap,2024-03-12,22840.9004
^CNX100,Nifty 100,Large Cap,2024-03-13,22399.0
^CNX100,Nifty 100,Large Cap,2024-03-14,22623.6992
^CNX100,Nifty 100,Large Cap,2024-03-15,22494.6992
^CNX100,Nifty 100,Large Cap,2024-03-18,22541.1504
^CNX100,Nifty 100,Large Cap,2024-03-19,22274.6504
^CNX100,Nifty 100,Large Cap,2024-03-20,22307.75
^CNX100,Nifty 100,Large Cap,2024-03-21,22538.9004
^CNX100,Nifty 100,Large Cap,2024-03-22,22633.8008
^CNX100,Nifty 100,Large Cap,2024-03-26,22601.3496
^CNX100,Nifty 100,Large Cap,2024-03-27,22698.5
^CNX100,Nifty 100,Large Cap,2024-03-28,22920.6992
^CNX100,Nifty 100,Large Cap,2024-04-01,23107.1504
^CNX100,Nifty 100,Large Cap,2024-04-02,23138.5508
^CNX100,Nifty 100,Large Cap,2024-04-03,23136.5996
^CNX100,Nifty 100,Large Cap,2024-04-04,23206.0
^CNX100,Nifty 100,Large Cap,2024-04-05,23240.5508
^CNX100,Nifty 100,Large Cap,2024-04-08,23380.3008
^CNX100,Nifty 100,Large Cap,2024-04-09,23348.9004
^CNX100,Nifty 100,Large Cap,2024-04-10,23474.6992
^CNX100,Nifty 100,Large Cap,2024-04-12,23254.9004
^CNX100,Nifty 100,Large Cap,2024-04-15,22967.0996
^CNX100,Nifty 100,Large Cap,2024-04-16,22870.3008
^CNX100,Nifty 100,Large Cap,2024-04-18,22740.1992
^CNX100,Nifty 100,Large Cap,2024-04-19,22859.8008
^CNX100,Nifty 100,Large Cap,2024-04-22,23078.9004
^CNX100,Nifty 100,Large Cap,2024-04-23,23116.0
^CNX100,Nifty 100,Large Cap,2024-04-24,23167.8008
^CNX100,Nifty 100,Large Cap,2024-04-25,23329.8008
^CNX100,Nifty 100,Large Cap,2024-04-26,23232.0996
^CNX100,Nifty 100,Large Cap,2024-04-29,23443.8008
^CNX100,Nifty 100,Large Cap,2024-04-30,23436.5
^CNX100,Nifty 100,Large Cap,2024-05-02,23541.3008
^CNX100,Nifty 100,Large Cap,2024-05-03,23382.75
^CNX100,Nifty 100,Large Cap,2024-05-06,23297.75
^CNX100,Nifty 100,Large Cap,2024-05-07,23103.75
^CNX100,Nifty 100,Large Cap,2024-05-08,23166.0
^CNX100,Nifty 100,Large Cap,2024-05-09,22790.1992
^CNX100,Nifty 100,Large Cap,2024-05-10,22909.0996
^CNX100,Nifty 100,Large Cap,2024-05-13,22956.3496
^CNX100,Nifty 100,Large Cap,2024-05-14,23118.1992
^CNX100,Nifty 100,Large Cap,2024-05-15,23133.8496
^CNX100,Nifty 100,Large Cap,2024-05-16,23343.5508
^CNX100,Nifty 100,Large Cap,2024-05-17,23444.3008
^CNX100,Nifty 100,Large Cap,2024-05-21,23569.9004
^CNX100,Nifty 100,Large Cap,2024-05-22,23633.9004
^CNX100,Nifty 100,Large Cap,2024-05-23,23982.3496
^CNX100,Nifty 100,Large Cap,2024-05-24,23980.0996
^CNX100,Nifty 100,Large Cap,2024-05-27,23959.8496
^CNX100,Nifty 100,Large Cap,2024-05-28,23873.9004
^CNX100,Nifty 100,Large Cap,2024-05-29,23687.6992
^CNX100,Nifty 100,Large Cap,2024-05-30,23466.3008
^CNX100,Nifty 100,Large Cap,2024-05-31,23518.0508
^CNX100,Nifty 100,Large Cap,2024-06-03,24344.1992
^CNX100,Nifty 100,Large Cap,2024-06-04,22739.5996
^CNX100,Nifty 100,Large Cap,2024-06-05,23550.75
^CNX100,Nifty 100,Large Cap,2024-06-06,23806.9492
^CNX100,Nifty 100,Large Cap,2024-06-07,24266.0508
^CNX100,Nifty 100,Large Cap,2024-06-10,24271.1504
^CNX100,Nifty 100,Large Cap,2024-06-11,24271.0508
^CNX100,Nifty 100,Large Cap,2024-06-12,24348.8008
^CNX100,Nifty 100,Large Cap,2024-06-13,24449.5
^CNX100,Nifty 100,Large Cap,2024-06-14,24571.6504
^CNX100,Nifty 100,Large Cap,2024-06-18,24683.5508
^CNX100,Nifty 100,Large Cap,2024-06-19,24599.9004
^CNX100,Nifty 100,Large Cap,2024-06-20,24649.8496
^CNX100,Nifty 100,Large Cap,2024-06-21,24555.5
^CNX100,Nifty 100,Large Cap,2024-06-24,24621.5996
^CNX100,Nifty 100,Large Cap,2024-06-25,24757.8008
^CNX100,Nifty 100,Large Cap,2024-06-26,24867.1504
^CNX100,Nifty 100,Large Cap,2024-06-27,25026.5508
^CNX100,Nifty 100,Large Cap,2024-06-28,25007.25
^CNX100,Nifty 100,Large Cap,2024-07-01,25155.6992
^CNX100,Nifty 100,Large Cap,2024-07-02,25120.0996
^CNX100,Nifty 100,Large Cap,2024-07-03,25306.9004
^CNX100,Nifty 100,Large Cap,2024-07-04,25342.5508
^CNX100,Nifty 100,Large Cap,2024-07-05,25391.25
^CNX100,Nifty 100,Large Cap,2024-07-08,25393.5508
^CNX100,Nifty 100,Large Cap,2024-07-09,25515.0996
^CNX100,Nifty 100,Large Cap,2024-07-10,25425.6504
^CNX100,Nifty 100,Large Cap,2024-07-11,25433.75
^CNX100,Nifty 100,Large Cap,2024-07-12,25577.3008
^CNX100,Nifty 100,Large Cap,2024-07-15,25696.0508
^CNX100,Nifty 100,Large Cap,2024-07-16,25679.0996
^CNX100,Nifty 100,Large Cap,2024-07-18,25784.8008
^CNX100,Nifty 100,Large Cap,2024-07-19,25450.8496
^CNX100,Nifty 100,Large Cap,2024-07-22,25490.4004
^CNX100,Nifty 100,Large Cap,2024-07-23,25419.5996
^CNX100,Nifty 100,Large Cap,2024-07-24,25389.0
^CNX100,Nifty 100,Large Cap,2024-07-25,25407.5
^CNX100,Nifty 100,Large Cap,2024-07-26,25841.9004
^CNX100,Nifty 100,Large Cap,2024-07-29,25901.9492
^CNX100,Nifty 100,Large Cap,2024-07-30,25914.0996
^CNX100,Nifty 100,Large Cap,2024-07-31,26025.5996
^CNX100,Nifty 100,Large Cap,2024-08-01,26057.8008
^CNX100,Nifty 100,Large Cap,2024-08-02,25771.9004
^CNX100,Nifty 100,Large Cap,2024-08-05,25043.0508
^CNX100,Nifty 100,Large Cap,2024-08-06,24940.75
^CNX100,Nifty 100,Large Cap,2024-08-07,25349.0
^CNX100,Nifty 100,Large Cap,2024-08-08,25161.25
^CNX100,Nifty 100,Large Cap,2024-08-09,25425.4004
^CNX100,Nifty 100,Large Cap,2024-08-12,25386.0508
^CNX100,Nifty 100,Large Cap,2024-08-13,25155.1504
^CNX100,Nifty 100,Large Cap,2024-08-14,25160.6504
^CNX100,Nifty 100,Large Cap,2024-08-16,25578.5
^CNX100,Nifty 100,Large Cap,2024-08-19,25638.1992
^CNX100,Nifty 100,Large Cap,2024-08-20,25782.3496
^CNX100,Nifty 100,Large Cap,2024-08-21,25853.1992
^CNX100,Nifty 100,Large Cap,2024-08-22,25910.4492
^CNX100,Nifty 100,Large Cap,2024-08-23,25905.9492
^CNX100,Nifty 100,Large Cap,2024-08-26,26076.8008
^CNX100,Nifty 100,Large Cap,2024-08-27,26083.1504
^CNX100,Nifty 100,Large Cap,2024-08-28,26116.8008
^CNX100,Nifty 100,Large Cap,2024-08-29,26188.9004
^CNX100,Nifty 100,Large Cap,2024-08-30,26274.3496
^CNX100,Nifty 100,Large Cap,2024-09-02,26335.0
^CNX100,Nifty 100,Large Cap,2024-09-03,26341.6992
^CNX100,Nifty 100,Large Cap,2024-09-04,26275.75
^CNX100,Nifty 100,Large Cap,2024-09-05,26239.0996
^CNX100,Nifty 100,Large Cap,2024-09-06,25928.5508
^CNX100,Nifty 100,Large Cap,2024-09-09,26011.25
^CNX100,Nifty 100,Large Cap,2024-09-10,26115.1992
^CNX100,Nifty 100,Large Cap,2024-09-11,25987.8008
^CNX100,Nifty 100,Large Cap,2024-09-12,26461.0996
^CNX100,Nifty 100,Large Cap,2024-09-13,26419.9004
^CNX100,Nifty 100,Large Cap,2024-09-16,26453.4004
^CNX100,Nifty 100,Large Cap,2024-09-17,26471.3008
^CNX100,Nifty 100,Large Cap,2024-09-18,26420.1504
^CNX100,Nifty 100,Large Cap,2024-09-19,26425.25
^CNX100,Nifty 100,Large Cap,2024-09-20,26821.0
^CNX100,Nifty 100,Large Cap,2024-09-23,27024.0996
^CNX100,Nifty 100,Large Cap,2024-09-24,27027.5
^CNX100,Nifty 100,Large Cap,2024-09-25,27051.6504
^CNX100,Nifty 100,Large Cap,2024-09-26,27256.25
^CNX100,Nifty 100,Large Cap,2024-09-27,27253.8496
^CNX100,Nifty 100,Large Cap,2024-09-30,26890.1504
^CNX100,Nifty 100,Large Cap,2024-10-01,26885.25
^CNX100,Nifty 100,Large Cap,2024-10-03,26305.25
^CNX100,Nifty 100,Large Cap,2024-10-04,26056.0
^CNX100,Nifty 100,Large Cap,2024-10-07,25749.6504
^CNX100,Nifty 100,Large Cap,2024-10-08,26057.3496
^CNX100,Nifty 100,Large Cap,2024-10-09,26076.5996
^CNX100,Nifty 100,Large Cap,2024-10-10,26079.4492
^CNX100,Nifty 100,Large Cap,2024-10-11,26054.0996
^CNX100,Nifty 100,Large Cap,2024-10-14,26197.9004
^CNX100,Nifty 100,Large Cap,2024-10-15,26149.0996
^CNX100,Nifty 100,Large Cap,2024-10-16,26058.0996
^CNX100,Nifty 100,Large Cap,2024-10-17,25765.3496
^CNX100,Nifty 100,Large Cap,2024-10-18,25853.8008
^CNX100,Nifty 100,Large Cap,2024-10-21,25739.5
^CNX100,Nifty 100,Large Cap,2024-10-22,25348.0508
^CNX100,Nifty 100,Large Cap,2024-10-23,25320.6504
^CNX100,Nifty 100,Large Cap,2024-10-24,25275.5
^CNX100,Nifty 100,Large Cap,2024-10-25,25022.1992
^CNX100,Nifty 100,Large Cap,2024-10-28,25175.1992
^CNX100,Nifty 100,Large Cap,2024-10-29,25321.3008
^CNX100,Nifty 100,Large Cap,2024-10-30,25195.0508
^CNX100,Nifty 100,Large Cap,2024-10-31,25059.5
^CNX100,Nifty 100,Large Cap,2024-11-01,25184.5996
^CNX100,Nifty 100,Large Cap,2024-11-04,24857.75
^CNX100,Nifty 100,Large Cap,2024-11-05,25060.8008
^CNX100,Nifty 100,Large Cap,2024-11-06,25403.1504
^CNX100,Nifty 100,Large Cap,2024-11-07,25110.6992
^CNX100,Nifty 100,Large Cap,2024-11-08,25002.9492
^CNX100,Nifty 100,Large Cap,2024-11-11,25013.3008
^CNX100,Nifty 100,Large Cap,2024-11-12,24715.5508
^CNX100,Nifty 100,Large Cap,2024-11-13,24347.0
^CNX100,Nifty 100,Large Cap,2024-11-14,24366.0508
^CNX100,Nifty 100,Large Cap,2024-11-18,24301.0
^CNX100,Nifty 100,Large Cap,2024-11-19,24374.6992
^CNX100,Nifty 100,Large Cap,2024-11-21,24135.0996
^CNX100,Nifty 100,Large Cap,2024-11-22,24655.3496
^CNX100,Nifty 100,Large Cap,2024-11-25,24993.6504
^CNX100,Nifty 100,Large Cap,2024-11-26,24983.0996
^CNX100,Nifty 100,Large Cap,2024-11-27,25115.1504
^CNX100,Nifty 100,Large Cap,2024-11-28,24836.25
^CNX100,Nifty 100,Large Cap,2024-11-29,25053.9492
^CNX100,Nifty 100,Large Cap,2024-12-02,25198.1504
^CNX100,Nifty 100,Large Cap,2024-12-03,25393.25
^CNX100,Nifty 100,Large Cap,2024-12-04,25428.4004
^CNX100,Nifty 100,Large Cap,2024-12-05,25657.8496
^CNX100,Nifty 100,Large Cap,2024-12-06,25663.9004
^CNX100,Nifty 100,Large Cap,2024-12-09,25594.1992
^CNX100,Nifty 100,Large Cap,2024-12-10,25600.1992
^CNX100,Nifty 100,Large Cap,2024-12-11,25635.0508
^CNX100,Nifty 100,Large Cap,2024-12-12,25546.4004
^CNX100,Nifty 100,Large Cap,2024-12-13,25724.5996
^CNX100,Nifty 100,Large Cap,2024-12-16,25652.8496
^CNX100,Nifty 100,Large Cap,2024-12-17,25321.6504
^CNX100,Nifty 100,Large Cap,2024-12-18,25137.5996
^CNX100,Nifty 100,Large Cap,2024-12-19,24884.9492
^CNX100,Nifty 100,Large Cap,2024-12-20,24448.8496
^CNX100,Nifty 100,Large Cap,2024-12-23,24599.75
^CNX100,Nifty 100,Large Cap,2024-12-24,24572.5
^CNX100,Nifty 100,Large Cap,2024-12-26,24611.3496
^CNX100,Nifty 100,Large Cap,2024-12-27,24632.0
^CNX100,Nifty 100,Large Cap,2024-12-30,24500.75
^CNX100,Nifty 100,Large Cap,2024-12-31,24495.5508
^CNX100,Nifty 100,Large Cap,2025-01-02,25028.8008
^CNX100,Nifty 100,Large Cap,2025-01-03,24879.8496
^CNX100,Nifty 100,Large Cap,2025-01-06,24404.5996
^CNX100,Nifty 100,Large Cap,2025-01-07,24478.0996
^CNX100,Nifty 100,Large Cap,2025-01-08,24426.0
^CNX100,Nifty 100,Large Cap,2025-01-09,24232.3008
^CNX100,Nifty 100,Large Cap,2025-01-10,24064.75
^CNX100,Nifty 100,Large Cap,2025-01-13,23586.8008
^CNX100,Nifty 100,Large Cap,2025-01-14,23770.5996
^CNX100,Nifty 100,Large Cap,2025-01-15,23839.25
^CNX100,Nifty 100,Large Cap,2025-01-16,23984.5508
^CNX100,Nifty 100,Large Cap,2025-01-17,23926.0
^CNX100,Nifty 100,Large Cap,2025-01-20,24048.8008
^CNX100,Nifty 100,Large Cap,2025-01-21,23664.75
^CNX100,Nifty 100,Large Cap,2025-01-22,23738.4004
^CNX100,Nifty 100,Large Cap,2025-01-23,23823.25
^CNX100,Nifty 100,Large Cap,2025-01-24,23660.1992
^CNX100,Nifty 100,Large Cap,2025-01-27,23319.9492
^CNX100,Nifty 100,Large Cap,2025-01-28,23440.0508
^CNX100,Nifty 100,Large Cap,2025-01-29,23696.25
^CNX100,Nifty 100,Large Cap,2025-01-30,23772.5
^CNX100,Nifty 100,Large Cap,2025-01-31,24053.4492
^CNX100,Nifty 100,Large Cap,2025-02-03,23896.1504
^CNX100,Nifty 100,Large Cap,2025-02-04,24279.6504
^CNX100,Nifty 100,Large Cap,2025-02-05,24271.3496
^CNX100,Nifty 100,Large Cap,2025-02-06,24161.0
^CNX100,Nifty 100,Large Cap,2025-02-07,24125.5
^CNX100,Nifty 100,Large Cap,2025-02-10,23897.0
^CNX100,Nifty 100,Large Cap,2025-02-11,23530.8008
^CNX100,Nifty 100,Large Cap,2025-02-12,23508.3496
^CNX100,Nifty 100,Large Cap,2025-02-13,23504.8496
^CNX100,Nifty 100,Large Cap,2025-02-14,23325.1504
^CNX100,Nifty 100,Large Cap,2025-02-17,23343.1504
^CNX100,Nifty 100,Large Cap,2025-02-18,23331.4004
^CNX100,Nifty 100,Large Cap,2025-02-19,23368.5508
^CNX100,Nifty 100,Large Cap,2025-02-20,23411.4004
^CNX100,Nifty 100,Large Cap,2025-02-21,23274.0508
^CNX100,Nifty 100,Large Cap,2025-02-24,23021.6992
^CNX100,Nifty 100,Large Cap,2025-02-25,22987.1504
^CNX100,Nifty 100,Large Cap,2025-02-27,22948.3008
^CNX100,Nifty 100,Large Cap,2025-02-28,22479.4492
^CNX100,Nifty 100,Large Cap,2025-03-03,22514.1992
^CNX100,Nifty 100,Large Cap,2025-03-04,22504.9004
^CNX100,Nifty 100,Large Cap,2025-03-05,22818.8008
^CNX100,Nifty 100,Large Cap,2025-03-06,23038.8008
^CNX100,Nifty 100,Large Cap,2025-03-07,23027.6992
^CNX100,Nifty 100,Large Cap,2025-03-10,22890.75
^CNX100,Nifty 100,Large Cap,2025-03-11,22942.6992
^CNX100,Nifty 100,Large Cap,2025-03-12,22919.9004
^CNX100,Nifty 100,Large Cap,2025-03-13,22837.8496
^CNX100,Nifty 100,Large Cap,2025-03-17,22960.8008
^CNX100,Nifty 100,Large Cap,2025-03-18,23340.4004
^CNX100,Nifty 100,Large Cap,2025-03-19,23468.3496
^CNX100,Nifty 100,Large Cap,2025-03-20,23730.6992
^CNX100,Nifty 100,Large Cap,2025-03-21,23902.0996
^CNX100,Nifty 100,Large Cap,2025-03-24,24214.1992
^CNX100,Nifty 100,Large Cap,2025-03-25,24159.9004
^CNX100,Nifty 100,Large Cap,2025-03-26,23990.4004
^CNX100,Nifty 100,Large Cap,2025-03-27,24145.0508
^CNX100,Nifty 100,Large Cap,2025-03-28,24057.3496
^CNX100,Nifty 100,Large Cap,2025-04-01,23713.8008
^CNX100,Nifty 100,Large Cap,2025-04-02,23901.8496
^CNX100,Nifty 100,Large Cap,2025-04-03,23833.3008
^CNX100,Nifty 100,Large Cap,2025-04-04,23433.25
^CNX100,Nifty 100,Large Cap,2025-04-07,22677.9004
^CNX100,Nifty 100,Large Cap,2025-04-08,23077.6504
^CNX100,Nifty 100,Large Cap,2025-04-09,22952.4492
^CNX100,Nifty 100,Large Cap,2025-04-11,23369.25
^CNX100,Nifty 100,Large Cap,2025-04-15,23917.4004
^CNX100,Nifty 100,Large Cap,2025-04-16,24037.25
^CNX100,Nifty 100,Large Cap,2025-04-17,24418.3496
^CNX100,Nifty 100,Large Cap,2025-04-21,24725.8008
^CNX100,Nifty 100,Large Cap,2025-04-22,24770.4492
^CNX100,Nifty 100,Large Cap,2025-04-23,24937.0
^CNX100,Nifty 100,Large Cap,2025-04-24,24860.9004
^CNX100,Nifty 100,Large Cap,2025-04-25,24581.3008
^CNX100,Nifty 100,Large Cap,2025-04-28,24874.0
^CNX100,Nifty 100,Large Cap,2025-04-29,24870.4004
^CNX100,Nifty 100,Large Cap,2025-04-30,24843.8008
^CNX100,Nifty 100,Large Cap,2025-05-02,24849.1992
^CNX100,Nifty 100,Large Cap,2025-05-05,25010.1992
^CNX100,Nifty 100,Large Cap,2025-05-06,24837.4492
^CNX100,Nifty 100,Large Cap,2025-05-07,24887.1992
^CNX100,Nifty 100,Large Cap,2025-05-08,24678.0
^CNX100,Nifty 100,Large Cap,2025-05-09,24437.5508
^CNX100,Nifty 100,Large Cap,2025-05-12,25381.4004
^CNX100,Nifty 100,Large Cap,2025-05-13,25087.0996
^CNX100,Nifty 100,Large Cap,2025-05-14,25193.3008
^CNX100,Nifty 100,Large Cap,2025-05-15,25573.0508
^CNX100,Nifty 100,Large Cap,2025-05-16,25593.0996
^CNX100,Nifty 100,Large Cap,2025-05-19,25551.5
^CNX100,Nifty 100,Large Cap,2025-05-20,25248.6504
^CNX100,Nifty 100,Large Cap,2025-05-21,25409.0996
^CNX100,Nifty 100,Large Cap,2025-05-22,25221.9004
^CNX100,Nifty 100,Large Cap,2025-05-23,25453.0
^CNX100,Nifty 100,Large Cap,2025-05-26,25596.5
^CNX100,Nifty 100,Large Cap,2025-05-27,25436.3496
^CNX100,Nifty 100,Large Cap,2025-05-28,25361.0996
^CNX100,Nifty 100,Large Cap,2025-05-29,25436.3008
^CNX100,Nifty 100,Large Cap,2025-05-30,25344.25
^CNX100,Nifty 100,Large Cap,2025-06-02,25333.6504
^CNX100,Nifty 100,Large Cap,2025-06-03,25162.0508
^CNX100,Nifty 100,Large Cap,2025-06-04,25240.6504
^CNX100,Nifty 100,Large Cap,2025-06-05,25369.75
^CNX100,Nifty 100,Large Cap,2025-06-06,25638.8008
^CNX100,Nifty 100,Large Cap,2025-06-09,25779.4492
^CNX100,Nifty 100,Large Cap,2025-06-10,25785.5
^CNX100,Nifty 100,Large Cap,2025-06-11,25807.0996
^CNX100,Nifty 100,Large Cap,2025-06-12,25511.5508
^CNX100,Nifty 100,Large Cap,2025-06-13,25331.3496
^CNX100,Nifty 100,Large Cap,2025-06-16,25556.75
^CNX100,Nifty 100,Large Cap,2025-06-17,25446.6992
^CNX100,Nifty 100,Large Cap,2025-06-18,25398.0508
^CNX100,Nifty 100,Large Cap,2025-06-19,25320.4492
^CNX100,Nifty 100,Large Cap,2025-06-20,25648.8008
^CNX100,Nifty 100,Large Cap,2025-06-23,25532.9492
^CNX100,Nifty 100,Large Cap,2025-06-24,25631.5996
^CNX100,Nifty 100,Large Cap,2025-06-25,25822.3496
^CNX100,Nifty 100,Large Cap,2025-06-26,26121.0996
^CNX100,Nifty 100,Large Cap,2025-06-27,26223.5996
^CNX100,Nifty 100,Large Cap,2025-06-30,26139.5
^CNX100,Nifty 100,Large Cap,2025-07-01,26156.0996
^CNX100,Nifty 100,Large Cap,2025-07-02,26068.0508
^CNX100,Nifty 100,Large Cap,2025-07-03,26003.0
^CNX100,Nifty 100,Large Cap,2025-07-04,26066.6504
^CNX100,Nifty 100,Large Cap,2025-07-07,26074.5508
^CNX100,Nifty 100,Large Cap,2025-07-08,26126.0508
^CNX100,Nifty 100,Large Cap,2025-07-09,26084.0
^CNX100,Nifty 100,Large Cap,2025-07-10,25971.3496
^CNX100,Nifty 100,Large Cap,2025-07-11,25760.8008
^CNX100,Nifty 100,Large Cap,2025-07-14,25724.1504
^CNX100,Nifty 100,Large Cap,2025-07-15,25849.1504
^CNX100,Nifty 100,Large Cap,2025-07-16,25872.1992
^CNX100,Nifty 100,Large Cap,2025-07-17,25776.4492
^CNX100,Nifty 100,Large Cap,2025-07-18,25623.5
^CNX100,Nifty 100,Large Cap,2025-07-21,25745.3496
^CNX100,Nifty 100,Large Cap,2025-07-22,25703.9004
^CNX100,Nifty 100,Large Cap,2025-07-23,25846.0
^CNX100,Nifty 100,Large Cap,2025-07-24,25701.9004
^CNX100,Nifty 100,Large Cap,2025-07-25,25442.0996
^CNX100,Nifty 100,Large Cap,2025-07-28,25285.0
^CNX100,Nifty 100,Large Cap,2025-07-29,25443.6504
^CNX100,Nifty 100,Large Cap,2025-07-30,25476.0508
^CNX100,Nifty 100,Large Cap,2025-07-31,25380.5
^CNX100,Nifty 100,Large Cap,2025-08-01,25149.5996
^CNX100,Nifty 100,Large Cap,2025-08-04,25330.1992
^CNX100,Nifty 100,Large Cap,2025-08-05,25257.9492
^CNX100,Nifty 100,Large Cap,2025-08-06,25156.3496
^CNX100,Nifty 100,Large Cap,2025-08-07,25185.1504
^CNX100,Nifty 100,Large Cap,2025-08-08,24934.0508
^CNX100,Nifty 100,Large Cap,2025-08-11,25172.1992
^CNX100,Nifty 100,Large Cap,2025-08-12,25085.4004
^CNX100,Nifty 100,Large Cap,2025-08-13,25223.25
^CNX100,Nifty 100,Large Cap,2025-08-14,25226.25
^CNX100,Nifty 100,Large Cap,2025-08-18,25492.3496
^CNX100,Nifty 100,Large Cap,2025-08-19,25613.3008
^CNX100,Nifty 100,Large Cap,2025-08-20,25689.3008
^CNX100,Nifty 100,Large Cap,2025-08-21,25705.0996
^CNX100,Nifty 100,Large Cap,2025-08-22,25495.5996
^CNX100,Nifty 100,Large Cap,2025-08-25,25589.6992
^CNX100,Nifty 100,Large Cap,2025-08-26,25313.5
^CNX100,Nifty 100,Large Cap,2025-08-28,25078.5
^CNX100,Nifty 100,Large Cap,2025-08-29,25003.0508
^CNX100,Nifty 100,Large Cap,2025-09-01,25231.1992
^CNX100,Nifty 100,Large Cap,2025-09-02,25215.0508
^CNX100,Nifty 100,Large Cap,2025-09-03,25358.9004
^CNX100,Nifty 100,Large Cap,2025-09-04,25355.1504
^CNX100,Nifty 100,Large Cap,2025-09-05,25356.8496
^CNX100,Nifty 100,Large Cap,2025-09-08,25402.0
^CNX100,Nifty 100,Large Cap,2025-09-09,25489.1992
^CNX100,Nifty 100,Large Cap,2025-09-10,25596.9492
^CNX100,Nifty 100,Large Cap,2025-09-11,25638.75
^CNX100,Nifty 100,Large Cap,2025-09-12,25745.0996
^CNX100,Nifty 100,Large Cap,2025-09-15,25733.5508
^CNX100,Nifty 100,Large Cap,2025-09-16,25903.5508
^CNX100,Nifty 100,Large Cap,2025-09-17,25990.4492
^CNX100,Nifty 100,Large Cap,2025-09-18,26081.8496
^CNX100,Nifty 100,Large Cap,2025-09-19,26025.8496
^CNX100,Nifty 100,Large Cap,2025-09-22,25934.5
^CNX100,Nifty 100,Large Cap,2025-09-23,25886.0
^CNX100,Nifty 100,Large Cap,2025-09-24,25736.3496
^CNX100,Nifty 100,Large Cap,2025-09-25,25562.0
^CNX100,Nifty 100,Large Cap,2025-09-26,25287.0996
^CNX100,Nifty 100,Large Cap,2025-09-29,25314.8496
^CNX100,Nifty 100,Large Cap,2025-09-30,25295.1504
^CNX100,Nifty 100,Large Cap,2025-10-01,25502.9492
^CNX100,Nifty 100,Large Cap,2025-10-03,25569.3008
^CNX100,Nifty 100,Large Cap,2025-10-06,25740.9492
^CNX100,Nifty 100,Large Cap,2025-10-07,25772.25
^CNX100,Nifty 100,Large Cap,2025-10-08,25685.9004
^CNX100,Nifty 100,Large Cap,2025-10-09,25825.6992
^CNX100,Nifty 100,Large Cap,2025-10-10,25924.75
^CNX100,Nifty 100,Large Cap,2025-10-13,25867.75
^CNX100,Nifty 100,Large Cap,2025-10-14,25775.1504
^CNX100,Nifty 100,Large Cap,2025-10-15,25984.0508
^CNX100,Nifty 100,Large Cap,2025-10-16,26229.1992
^CNX100,Nifty 100,Large Cap,2025-10-17,26329.8008
^CNX100,Nifty 100,Large Cap,2025-10-20,26449.75
^CNX100,Nifty 100,Large Cap,2025-10-21,26475.8496
^CNX100,Nifty 100,Large Cap,2025-10-23,26490.0508
^CNX100,Nifty 100,Large Cap,2025-10-24,26402.8008
^CNX100,Nifty 100,Large Cap,2025-10-27,26565.0
^CNX100,Nifty 100,Large Cap,2025-10-28,26517.4492
^CNX100,Nifty 100,Large Cap,2025-10-29,26679.25
^CNX100,Nifty 100,Large Cap,2025-10-30,26518.8496
^CNX100,Nifty 100,Large Cap,2025-10-31,26369.5
^CNX100,Nifty 100,Large Cap,2025-11-03,26445.8496
^CNX100,Nifty 100,Large Cap,2025-11-04,26284.4492
^CNX100,Nifty 100,Large Cap,2025-11-06,26154.9492
^CNX100,Nifty 100,Large Cap,2025-11-07,26144.1992
^CNX100,Nifty 100,Large Cap,2025-11-10,26230.8008
^CNX100,Nifty 100,Large Cap,2025-11-11,26340.0
^CNX100,Nifty 100,Large Cap,2025-11-12,26500.0
^CNX100,Nifty 100,Large Cap,2025-11-13,26505.5996
^CNX100,Nifty 100,Large Cap,2025-11-14,26528.0
^CNX100,Nifty 100,Large Cap,2025-11-17,26639.4004
^CNX100,Nifty 100,Large Cap,2025-11-18,26519.0
^CNX100,Nifty 100,Large Cap,2025-11-19,26640.5
^CNX100,Nifty 100,Large Cap,2025-11-20,26755.5
^CNX100,Nifty 100,Large Cap,2025-11-21,26593.1992
^CNX100,Nifty 100,Large Cap,2025-11-24,26458.25
^CNX100,Nifty 100,Large Cap,2025-11-25,26405.3008
^CNX100,Nifty 100,Large Cap,2025-11-26,26743.0508
^CNX100,Nifty 100,Large Cap,2025-11-27,26744.3496
^CNX100,Nifty 100,Large Cap,2025-11-28,26737.8008
^CNX100,Nifty 100,Large Cap,2025-12-01,26719.75
^CNX100,Nifty 100,Large Cap,2025-12-02,26592.8496
^CNX100,Nifty 100,Large Cap,2025-12-03,26506.0996
^CNX100,Nifty 100,Large Cap,2025-12-04,26557.0
^CNX100,Nifty 100,Large Cap,2025-12-05,26696.9004
^CNX100,Nifty 100,Large Cap,2025-12-08,26415.5508
^CNX100,Nifty 100,Large Cap,2025-12-09,26337.3496
^CNX100,Nifty 100,Large Cap,2025-12-10,26259.25
^CNX100,Nifty 100,Large Cap,2025-12-11,26402.4492
^CNX100,Nifty 100,Large Cap,2025-12-12,26565.0996
^CNX100,Nifty 100,Large Cap,2025-12-15,26555.3496
^CNX100,Nifty 100,Large Cap,2025-12-16,26394.5
^CNX100,Nifty 100,Large Cap,2025-12-17,26342.6504
^CNX100,Nifty 100,Large Cap,2025-12-18,26324.6504
^CNX100,Nifty 100,Large Cap,2025-12-19,26488.0
^CNX100,Nifty 100,Large Cap,2025-12-22,26693.1992
^CNX100,Nifty 100,Large Cap,2025-12-23,26713.1504
^CNX100,Nifty 100,Large Cap,2025-12-24,26674.5
^CNX100,Nifty 100,Large Cap,2025-12-26,26589.3496
^CNX100,Nifty 100,Large Cap,2025-12-29,26483.4492
^CNX100,Nifty 100,Large Cap,2025-12-30,26482.5508
^CNX100,Nifty 100,Large Cap,2025-12-31,26689.3008
^CNX100,Nifty 100,Large Cap,2026-01-02,26925.3008
^CNX100,Nifty 100,Large Cap,2026-01-05,26858.1504
^CNX100,Nifty 100,Large Cap,2026-01-06,26808.75
^CNX100,Nifty 100,Large Cap,2026-01-07,26781.8008
^CNX100,Nifty 100,Large Cap,2026-01-08,26462.5996
^CNX100,Nifty 100,Large Cap,2026-01-09,26252.9492
^CNX100,Nifty 100,Large Cap,2026-01-12,26357.4004
^CNX100,Nifty 100,Large Cap,2026-01-13,26296.75
^CNX100,Nifty 100,Large Cap,2026-01-14,26256.3008
^CNX100,Nifty 100,Large Cap,2026-01-16,26285.3008
^CNX100,Nifty 100,Large Cap,2026-01-19,26181.9492
^CNX100,Nifty 100,Large Cap,2026-01-20,25780.9492
^CNX100,Nifty 100,Large Cap,2026-01-21,25701.4004
^CNX100,Nifty 100,Large Cap,2026-01-22,25860.25
^CNX100,Nifty 100,Large Cap,2026-01-23,25570.5
^CNX100,Nifty 100,Large Cap,2026-01-27,25706.1504
^CNX100,Nifty 100,Large Cap,2026-01-28,25943.8008
^CNX100,Nifty 100,Large Cap,2026-01-29,26021.6992
^CNX100,Nifty 100,Large Cap,2026-01-30,25902.0
^CNX100,Nifty 100,Large Cap,2026-02-02,25655.3496
^CNX100,Nifty 100,Large Cap,2026-02-03,26313.1992
^CNX100,Nifty 100,Large Cap,2026-02-04,26382.6992
^CNX100,Nifty 100,Large Cap,2026-02-05,26248.3008
^CNX100,Nifty 100,Large Cap,2026-02-06,26297.3008
^CNX100,Nifty 100,Large Cap,2026-02-09,26487.8008
^CNX100,Nifty 100,Large Cap,2026-02-10,26552.0996
^CNX100,Nifty 100,Large Cap,2026-02-11,26592.3008
^CNX100,Nifty 100,Large Cap,2026-02-12,26448.0508
^CNX100,Nifty 100,Large Cap,2026-02-13,26092.4004
^CNX100,Nifty 100,Large Cap,2026-02-16,26315.3496
^CNX100,Nifty 100,Large Cap,2026-02-17,26375.0996
^CNX100,Nifty 100,Large Cap,2026-02-18,26484.5996
^CNX100,Nifty 100,Large Cap,2026-02-19,26090.6992
^CNX100,Nifty 100,Large Cap,2026-02-20,26217.3008
^CNX100,Nifty 100,Large Cap,2026-02-23,26355.4004
^CNX100,Nifty 100,Large Cap,2026-02-24,26112.1992
^CNX100,Nifty 100,Large Cap,2026-02-25,26200.5
^CNX100,Nifty 100,Large Cap,2026-02-26,26226.8496
^CNX100,Nifty 100,Large Cap,2026-02-27,25897.5508
^CNX100,Nifty 100,Large Cap,2026-03-02,25563.5
^CNX100,Nifty 100,Large Cap,2026-03-04,25118.25
^CNX100,Nifty 100,Large Cap,2026-03-05,25420.0996
^CNX100,Nifty 100,Large Cap,2026-03-06,25134.9004
^CNX100,Nifty 100,Large Cap,2026-03-09,24685.6504
^CNX100,Nifty 100,Large Cap,2026-03-10,24957.8008
^CNX100,Nifty 100,Large Cap,2026-03-11,24574.5508
^CNX100,Nifty 100,Large Cap,2026-03-12,24375.0996
^CNX100,Nifty 100,Large Cap,2026-03-13,23849.25
^CNX100,Nifty 100,Large Cap,2026-03-16,24055.4004
^CNX100,Nifty 100,Large Cap,2026-03-17,24237.8008
^CNX100,Nifty 100,Large Cap,2026-03-18,24446.4492
^CNX100,Nifty 100,Large Cap,2026-03-19,23651.9492
^CNX100,Nifty 100,Large Cap,2026-03-20,23766.0996
^CNX100,Nifty 100,Large Cap,2026-03-23,23098.25
^CNX100,Nifty 100,Large Cap,2026-03-24,23499.3008
^CNX100,Nifty 100,Large Cap,2026-03-25,23915.1504
^CNX100,Nifty 100,Large Cap,2026-03-27,23400.0508
^CNX100,Nifty 100,Large Cap,2026-03-30,22875.5
^CNX100,Nifty 100,Large Cap,2026-04-01,23272.75
^CNX100,Nifty 100,Large Cap,2026-04-02,23304.1992
^CNX100,Nifty 100,Large Cap,2026-04-06,23579.4492
^CNX100,Nifty 100,Large Cap,2026-04-07,23730.25
^CNX100,Nifty 100,Large Cap,2026-04-08,24666.6992
^CNX100,Nifty 100,Large Cap,2026-04-09,24486.5
^CNX100,Nifty 100,Large Cap,2026-04-10,24809.8008
^CNX100,Nifty 100,Large Cap,2026-04-13,24599.6504
^CNX100,Nifty 100,Large Cap,2026-04-15,25023.6992
^CNX100,Nifty 100,Large Cap,2026-04-16,25042.3008
^CNX100,Nifty 100,Large Cap,2026-04-17,25238.9004
^CNX100,Nifty 100,Large Cap,2026-04-20,25252.9004
^CNX100,Nifty 100,Large Cap,2026-04-21,25464.0
^CNX100,Nifty 100,Large Cap,2026-04-22,25329.9492
^CNX100,Nifty 100,Large Cap,2026-04-23,25094.9492
^CNX100,Nifty 100,Large Cap,2026-04-24,24827.3008
^CNX100,Nifty 100,Large Cap,2026-04-27,25052.25
^CNX100,Nifty 100,Large Cap,2026-04-28,24955.0
^CNX100,Nifty 100,Large Cap,2026-04-29,25106.0996
^CNX100,Nifty 100,Large Cap,2026-04-30,24896.0
^CNX100,Nifty 100,Large Cap,2026-05-04,25041.0996
^CNX100,Nifty 100,Large Cap,2026-05-05,24990.3008
^CNX100,Nifty 100,Large Cap,2026-05-06,25312.5996
^CNX100,Nifty 100,Large Cap,2026-05-07,25319.5
^CNX100,Nifty 100,Large Cap,2026-05-08,25168.5996
^CNX100,Nifty 100,Large Cap,2026-05-11,24784.8008
^CNX100,Nifty 100,Large Cap,2026-05-12,24303.0508
^CNX100,Nifty 100,Large Cap,2026-05-13,24369.0508
^CNX100,Nifty 100,Large Cap,2026-05-14,24654.4004
^CNX100,Nifty 100,Large Cap,2026-05-15,24572.1504
^CNX100,Nifty 100,Large Cap,2026-05-18,24534.25
^CNX100,Nifty 100,Large Cap,2026-05-19,24531.6992
^CNX100,Nifty 100,Large Cap,2026-05-20,24590.5996
^CNX100,Nifty 100,Large Cap,2026-05-21,24596.4004
^CNX100,Nifty 100,Large Cap,2026-05-22,24669.3008
^CNX100,Nifty 100,Large Cap,2026-05-25,25001.6992
^CNX100,Nifty 100,Large Cap,2026-05-26,24910.0996
^CNX100,Nifty 100,Large Cap,2026-05-27,24970.8496
^CNX100,Nifty 100,Large Cap,2026-05-29,24608.4492
^CNX100,Nifty 100,Large Cap,2026-06-01,24393.0508
^CNX100,Nifty 100,Large Cap,2026-06-02,24491.3008
^CNX100,Nifty 100,Large Cap,2026-06-03,24408.3008
^CNX100,Nifty 100,Large Cap,2026-06-04,24427.6992
^CNX100,Nifty 100,Large Cap,2026-06-05,24397.3008
^CNX100,Nifty 100,Large Cap,2026-06-08,24111.0996
^CNX100,Nifty 100,Large Cap,2026-06-09,24275.5996
^CNX100,Nifty 100,Large Cap,2026-06-10,24200.75
^CNX100,Nifty 100,Large Cap,2026-06-11,24104.6992
^CNX100,Nifty 100,Large Cap,2026-06-12,24602.25
^CNX100,Nifty 100,Large Cap,2026-06-15,24907.8496
^CNX100,Nifty 100,Large Cap,2026-06-16,25029.9004
^CNX100,Nifty 100,Large Cap,2026-06-17,25141.8008
^CNX100,Nifty 100,Large Cap,2026-06-18,25233.6504
^CNX100,Nifty 100,Large Cap,2026-06-19,25086.6504
^CNX100,Nifty 100,Large Cap,2026-06-22,25209.5508
^CNX100,Nifty 100,Large Cap,2026-06-23,24907.8008
^CNX100,Nifty 100,Large Cap,2026-06-24,25075.9492
^CNX100,Nifty 100,Large Cap,2026-06-25,25114.0996
^CNX100,Nifty 100,Large Cap,2026-06-29,24976.6992
^CNX100,Nifty 100,Large Cap,2026-06-30,24915.5996
^CNX100,Nifty 100,Large Cap,2026-07-01,25065.0996
^CNX100,Nifty 100,Large Cap,2026-07-02,25230.1992
^CNX100,Nifty 100,Large Cap,2026-07-03,25301.9004
^CNX100,Nifty 100,Large Cap,2026-07-06,25464.4492
^CNX100,Nifty 100,Large Cap,2026-07-07,25409.6504
^CNX100,Nifty 100,Large Cap,2026-07-08,24883.0508
^CNX100,Nifty 100,Large Cap,2026-07-09,24989.25
^CNX100,Nifty 100,Large Cap,2026-07-10,25255.0996
^CNX100,Nifty 100,Large Cap,2026-07-13,25240.8008
^CNX100,Nifty 100,Large Cap,2026-07-14,25088.6504
^CNX100,Nifty 100,Large Cap,2026-07-15,25130.0996
^CNX100,Nifty 100,Large Cap,2026-07-16,25109.1992
^CNX100,Nifty 100,Large Cap,2026-07-17,25327.6504
^CNX100,Nifty 100,Large Cap,2026-07-20,25286.4492
^CNX100,Nifty 100,Large Cap,2026-07-21,25263.4492
^CNX100,Nifty 100,Large Cap,2026-07-22,25069.6504
^CNX100,Nifty 100,Large Cap,2026-07-23,24932.5
^CNX100,Nifty 100,Large Cap,2026-07-24,24840.75
^CNX100,Nifty 100,Large Cap,2026-07-27,25088.5996
^CNX100,Nifty 100,Large Cap,2026-07-28,25046.9492
^CNX100,Nifty 100,Large Cap,2026-07-29,25307.0508
^CNX100,Nifty 100,Large Cap,2026-07-30,25368.75
^CNX100,Nifty 100,Large Cap,2026-07-31,25486.3496
^CNX100,Nifty 100,Large Cap,2026-08-03,25880.4492
^CNX100,Nifty 100,Large Cap,2026-08-04,25719.1504
^CNX100,Nifty 100,Large Cap,2026-08-05,25744.0508
^CNX100,Nifty 100,Large Cap,2026-08-06,25757.4004
^CNX100,Nifty 100,Large Cap,2026-08-07,25712.6992
^CNX100,Nifty 100,Large Cap,2026-08-10,25728.3008
^CNX100,Nifty 100,Large Cap,2026-08-11,25625.4004
^CNX100,Nifty 100,Large Cap,2026-08-12,25601.1992
^CNX100,Nifty 100,Large Cap,2026-08-13,25565.6504
^CNX100,Nifty 100,Large Cap,2026-08-14,25524.8496
^CNX100,Nifty 100,Large Cap,2026-08-17,25457.3008
^CNX100,Nifty 100,Large Cap,2026-08-18,25333.6504
^CNX100,Nifty 100,Large Cap,2026-08-19,25242.25
^CNX100,Nifty 100,Large Cap,2026-08-20,25391.8496
^CNX100,Nifty 100,Large Cap,2026-08-21,25396.0508
^CNX100,Nifty 100,Large Cap,2026-08-24,25369.9492
^CNX100,Nifty 100,Large Cap,2026-08-25,25499.5
^CNX100,Nifty 100,Large Cap,2026-08-26,25390.9492
^CNX100,Nifty 100,Large Cap,2026-08-27,25281.5996
^CNX100,Nifty 100,Large Cap,2026-08-28,25341.75
^CNX100,Nifty 100,Large Cap,2026-08-31,25235.0508
^CNX100,Nifty 100,Large Cap,2026-09-01,25157.4004
^CNX100,Nifty 100,Large Cap,2026-09-02,25041.6504
^CNX100,Nifty 100,Large Cap,2026-09-03,25013.4492
^CNX100,Nifty 100,Large Cap,2026-09-04,25023.1504
^CNX100,Nifty 100,Large Cap,2026-09-07,24902.5996
^CNX100,Nifty 100,Large Cap,2026-09-08,24803.9004
^CNX100,Nifty 100,Large Cap,2026-09-09,24624.3008
^CNX100,Nifty 100,Large Cap,2026-09-10,24643.0508
^CNX100,Nifty 100,Large Cap,2026-09-11,24546.5508
^CNX100,Nifty 100,Large Cap,2026-09-15,24193.0
^CNX100,Nifty 100,Large Cap,2026-09-16,24282.9492
^CNX100,Nifty 100,Large Cap,2026-09-17,24377.75
^CNX100,Nifty 100,Large Cap,2026-09-18,24498.75
^CNX100,Nifty 100,Large Cap,2026-09-21,24560.3496
^CNX100,Nifty 100,Large Cap,2026-09-23,24612.25
^CNX100,Nifty 100,Large Cap,2026-09-24,24216.1992
^CRSLDX,Nifty 500,Flexi Cap / Multi Cap / ELSS / Focused,2016-09-26,7479.75
^CRSLDX,Nifty 500,Flexi Cap / Multi Cap / ELSS / Focused,2016-09-27,7469.9502
^CRSLDX,Nifty 500,Flexi Cap / Multi Cap / ELSS / Focused,2016-09-28,7514.9502
^CRSLDX,Nifty 500,Flexi Cap / Multi Cap / ELSS / Focused,2016-09-29,7336.8501
^CRSLDX,Nifty 500,Flexi Cap / Multi Cap / ELSS / Focused,2016-09-30,7394.8501
^CRSLDX,Nifty 500,Flexi Cap / Multi Cap / ELSS / Focused,2016-10-03,7532.25
^CRSLDX,Nifty 500,Flexi Cap / Multi Cap / ELSS / Focused,2016-10-04,7567.7002
^CRSLDX,Nifty 500,Flexi Cap / Multi Cap / ELSS / Focused,2016-10-05,7565.5
^CRSLDX,Nifty 500,Flexi Cap / Multi Cap / ELSS / Focused,2016-10-06,7537.25
^CRSLDX,Nifty 500,Flexi Cap / Multi Cap / ELSS / Focused,2016-10-07,7527.2002
^CRSLDX,Nifty 500,Flexi Cap / Multi Cap / ELSS / Focused,2016-10-10,7532.7002
^CRSLDX,Nifty 500,Flexi Cap / Multi Cap / ELSS / Focused,2016-10-13,7418.3501
^CRSLDX,Nifty 500,Flexi Cap / Multi Cap / ELSS / Focused,2016-10-14,7439.8501
^CRSLDX,Nifty 500,Flexi Cap / Multi Cap / ELSS / Focused,2016-10-17,7384.5
^CRSLDX,Nifty 500,Flexi Cap / Multi Cap / ELSS / Focused,2016-10-18,7512.2998
^CRSLDX,Nifty 500,Flexi Cap / Multi Cap / ELSS / Focused,2016-10-19,7507.7002
^CRSLDX,Nifty 500,Flexi Cap / Multi Cap / ELSS / Focused,2016-10-20,7538.7998
^CRSLDX,Nifty 500,Flexi Cap / Multi Cap / ELSS / Focused,2016-10-21,7541.7002
^CRSLDX,Nifty 500,Flexi Cap / Multi Cap / ELSS / Focused,2016-10-24,7551.5498
^CRSLDX,Nifty 500,Flexi Cap / Multi Cap / ELSS / Focused,2016-10-25,7541.5
^CRSLDX,Nifty 500,Flexi Cap / Multi Cap / ELSS / Focused,2016-10-26,7476.75
^CRSLDX,Nifty 500,Flexi Cap / Multi Cap / ELSS / Focused,2016-10-27,7452.1499
^CRSLDX,Nifty 500,Flexi Cap / Multi Cap / ELSS / Focused,2016-10-28,7494.1001
^CRSLDX,Nifty 500,Flexi Cap / Multi Cap / ELSS / Focused,2016-11-01,7502.2002
^CRSLDX,Nifty 500,Flexi Cap / Multi Cap / ELSS / Focused,2016-11-02,7391.3999
^CRSLDX,Nifty 500,Flexi Cap / Multi Cap / ELSS / Focused,2016-11-03,7344.1001
^CRSLDX,Nifty 500,Flexi Cap / Multi Cap / ELSS / Focused,2016-11-04,7274.1001
^CRSLDX,Nifty 500,Flexi Cap / Multi Cap / ELSS / Focused,2016-11-07,7330.9502
^CRSLDX,Nifty 500,Flexi Cap / Multi Cap / ELSS / Focused,2016-11-08,7366.0498
^CRSLDX,Nifty 500,Flexi Cap / Multi Cap / ELSS / Focused,2016-11-09,7247.4502
^CRSLDX,Nifty 500,Flexi Cap / Multi Cap / ELSS / Focused,2016-11-10,7342.2998
^CRSLDX,Nifty 500,Flexi Cap / Multi Cap / ELSS / Focused,2016-11-11,7126.5
^CRSLDX,Nifty 500,Flexi Cap / Multi Cap / ELSS / Focused,2016-11-15,6916.4502
^CRSLDX,Nifty 500,Flexi Cap / Multi Cap / ELSS / Focused,2016-11-16,6928.1001
^CRSLDX,Nifty 500,Flexi Cap / Multi Cap / ELSS / Focused,2016-11-17,6903.4502
^CRSLDX,Nifty 500,Flexi Cap / Multi Cap / ELSS / Focused,2016-11-18,6908.5
^CRSLDX,Nifty 500,Flexi Cap / Multi Cap / ELSS / Focused,2016-11-21,6761.5498
^CRSLDX,Nifty 500,Flexi Cap / Multi Cap / ELSS / Focused,2016-11-22,6835.2998
^CRSLDX,Nifty 500,Flexi Cap / Multi Cap / ELSS / Focused,2016-11-23,6882.6499
^CRSLDX,Nifty 500,Flexi Cap / Multi Cap / ELSS / Focused,2016-11-24,6837.5
^CRSLDX,Nifty 500,Flexi Cap / Multi Cap / ELSS / Focused,2016-11-25,6960.75
^CRSLDX,Nifty 500,Flexi Cap / Multi Cap / ELSS / Focused,2016-11-28,6983.3999
^CRSLDX,Nifty 500,Flexi Cap / Multi Cap / ELSS / Focused,2016-11-29,7003.6001
^CRSLDX,Nifty 500,Flexi Cap / Multi Cap / ELSS / Focused,2016-11-30,7079.3999
^CRSLDX,Nifty 500,Flexi Cap / Multi Cap / ELSS / Focused,2016-12-01,7040.25
^CRSLDX,Nifty 500,Flexi Cap / Multi Cap / ELSS / Focused,2016-12-02,6947.2998
^CRSLDX,Nifty 500,Flexi Cap / Multi Cap / ELSS / Focused,2016-12-05,6984.25
^CRSLDX,Nifty 500,Flexi Cap / Multi Cap / ELSS / Focused,2016-12-06,7001.6001
^CRSLDX,Nifty 500,Flexi Cap / Multi Cap / ELSS / Focused,2016-12-07,6971.2002
^CRSLDX,Nifty 500,Flexi Cap / Multi Cap / ELSS / Focused,2016-12-08,7089.25
^CRSLDX,Nifty 500,Flexi Cap / Multi Cap / ELSS / Focused,2016-12-09,7101.1499
^CRSLDX,Nifty 500,Flexi Cap / Multi Cap / ELSS / Focused,2016-12-12,7023.2002
^CRSLDX,Nifty 500,Flexi Cap / Multi Cap / ELSS / Focused,2016-12-13,7045.3501
^CRSLDX,Nifty 500,Flexi Cap / Multi Cap / ELSS / Focused,2016-12-14,7004.6499
^CRSLDX,Nifty 500,Flexi Cap / Multi Cap / ELSS / Focused,2016-12-15,6989.25
^CRSLDX,Nifty 500,Flexi Cap / Multi Cap / ELSS / Focused,2016-12-16,6976.5
^CRSLDX,Nifty 500,Flexi Cap / Multi Cap / ELSS / Focused,2016-12-19,6943.3501
^CRSLDX,Nifty 500,Flexi Cap / Multi Cap / ELSS / Focused,2016-12-20,6908.1001
^CRSLDX,Nifty 500,Flexi Cap / Multi Cap / ELSS / Focused,2016-12-21,6896.0
^CRSLDX,Nifty 500,Flexi Cap / Multi Cap / ELSS / Focused,2016-12-22,6816.3501
^CRSLDX,Nifty 500,Flexi Cap / Multi Cap / ELSS / Focused,2016-12-23,6814.8999
^CRSLDX,Nifty 500,Flexi Cap / Multi Cap / ELSS / Focused,2016-12-26,6724.4502
^CRSLDX,Nifty 500,Flexi Cap / Multi Cap / ELSS / Focused,2016-12-27,6832.0
^CRSLDX,Nifty 500,Flexi Cap / Multi Cap / ELSS / Focused,2016-12-28,6847.3999
^CRSLDX,Nifty 500,Flexi Cap / Multi Cap / ELSS / Focused,2016-12-29,6915.4502
^CRSLDX,Nifty 500,Flexi Cap / Multi Cap / ELSS / Focused,2016-12-30,6982.7998
^CRSLDX,Nifty 500,Flexi Cap / Multi Cap / ELSS / Focused,2017-01-02,7002.5
^CRSLDX,Nifty 500,Flexi Cap / Multi Cap / ELSS / Focused,2017-01-03,7028.75
^CRSLDX,Nifty 500,Flexi Cap / Multi Cap / ELSS / Focused,2017-01-04,7030.75
^CRSLDX,Nifty 500,Flexi Cap / Multi Cap / ELSS / Focused,2017-01-05,7106.8999
^CRSLDX,Nifty 500,Flexi Cap / Multi Cap / ELSS / Focused,2017-01-06,7083.1001
^CRSLDX,Nifty 500,Flexi Cap / Multi Cap / ELSS / Focused,2017-01-09,7085.1499
^CRSLDX,Nifty 500,Flexi Cap / Multi Cap / ELSS / Focused,2017-01-10,7132.2002
^CRSLDX,Nifty 500,Flexi Cap / Multi Cap / ELSS / Focused,2017-01-11,7214.1499
^CRSLDX,Nifty 500,Flexi Cap / Multi Cap / ELSS / Focused,2017-01-12,7231.8501
^CRSLDX,Nifty 500,Flexi Cap / Multi Cap / ELSS / Focused,2017-01-13,7228.2998
^CRSLDX,Nifty 500,Flexi Cap / Multi Cap / ELSS / Focused,2017-01-16,7247.9502
^CRSLDX,Nifty 500,Flexi Cap / Multi Cap / ELSS / Focused,2017-01-17,7243.6499
^CRSLDX,Nifty 500,Flexi Cap / Multi Cap / ELSS / Focused,2017-01-18,7269.0
^CRSLDX,Nifty 500,Flexi Cap / Multi Cap / ELSS / Focused,2017-01-19,7287.75
^CRSLDX,Nifty 500,Flexi Cap / Multi Cap / ELSS / Focused,2017-01-20,7202.75
^CRSLDX,Nifty 500,Flexi Cap / Multi Cap / ELSS / Focused,2017-01-23,7242.5498
^CRSLDX,Nifty 500,Flexi Cap / Multi Cap / ELSS / Focused,2017-01-24,7315.25
^CRSLDX,Nifty 500,Flexi Cap / Multi Cap / ELSS / Focused,2017-01-25,7417.7002
^CRSLDX,Nifty 500,Flexi Cap / Multi Cap / ELSS / Focused,2017-01-27,7455.1499
^CRSLDX,Nifty 500,Flexi Cap / Multi Cap / ELSS / Focused,2017-01-30,7452.1499
^CRSLDX,Nifty 500,Flexi Cap / Multi Cap / ELSS / Focused,2017-01-31,7379.2998
^CRSLDX,Nifty 500,Flexi Cap / Multi Cap / ELSS / Focused,2017-02-01,7516.0498
^CRSLDX,Nifty 500,Flexi Cap / Multi Cap / ELSS / Focused,2017-02-02,7547.1001
^CRSLDX,Nifty 500,Flexi Cap / Multi Cap / ELSS / Focused,2017-02-03,7569.8999
^CRSLDX,Nifty 500,Flexi Cap / Multi Cap / ELSS / Focused,2017-02-06,7628.1001
^CRSLDX,Nifty 500,Flexi Cap / Multi Cap / ELSS / Focused,2017-02-07,7603.2002
^CRSLDX,Nifty 500,Flexi Cap / Multi Cap / ELSS / Focused,2017-02-08,7614.75
^CRSLDX,Nifty 500,Flexi Cap / Multi Cap / ELSS / Focused,2017-02-09,7623.6001
^CRSLDX,Nifty 500,Flexi Cap / Multi Cap / ELSS / Focused,2017-02-10,7631.25
^CRSLDX,Nifty 500,Flexi Cap / Multi Cap / ELSS / Focused,2017-02-13,7626.9502
^CRSLDX,Nifty 500,Flexi Cap / Multi Cap / ELSS / Focused,2017-02-14,7605.0498
^CRSLDX,Nifty 500,Flexi Cap / Multi Cap / ELSS / Focused,2017-02-15,7531.6001
^CRSLDX,Nifty 500,Flexi Cap / Multi Cap / ELSS / Focused,2017-02-16,7599.4502
^CRSLDX,Nifty 500,Flexi Cap / Multi Cap / ELSS / Focused,2017-02-17,7638.0
^CRSLDX,Nifty 500,Flexi Cap / Multi Cap / ELSS / Focused,2017-02-20,7691.8501
^CRSLDX,Nifty 500,Flexi Cap / Multi Cap / ELSS / Focused,2017-02-21,7725.25
^CRSLDX,Nifty 500,Flexi Cap / Multi Cap / ELSS / Focused,2017-02-22,7721.6001
^CRSLDX,Nifty 500,Flexi Cap / Multi Cap / ELSS / Focused,2017-02-23,7729.6499
^CRSLDX,Nifty 500,Flexi Cap / Multi Cap / ELSS / Focused,2017-02-27,7706.5
^CRSLDX,Nifty 500,Flexi Cap / Multi Cap / ELSS / Focused,2017-02-28,7709.1001
^CRSLDX,Nifty 500,Flexi Cap / Multi Cap / ELSS / Focused,2017-03-01,7754.7002
^CRSLDX,Nifty 500,Flexi Cap / Multi Cap / ELSS / Focused,2017-03-02,7691.6499
^CRSLDX,Nifty 500,Flexi Cap / Multi Cap / ELSS / Focused,2017-03-03,7696.2002
^CRSLDX,Nifty 500,Flexi Cap / Multi Cap / ELSS / Focused,2017-03-06,7745.3999
^CRSLDX,Nifty 500,Flexi Cap / Multi Cap / ELSS / Focused,2017-03-07,7735.2998
^CRSLDX,Nifty 500,Flexi Cap / Multi Cap / ELSS / Focused,2017-03-08,7710.9502
^CRSLDX,Nifty 500,Flexi Cap / Multi Cap / ELSS / Focused,2017-03-09,7710.0
^CRSLDX,Nifty 500,Flexi Cap / Multi Cap / ELSS / Focused,2017-03-10,7710.8999
^CRSLDX,Nifty 500,Flexi Cap / Multi Cap / ELSS / Focused,2017-03-14,7835.6499
^CRSLDX,Nifty 500,Flexi Cap / Multi Cap / ELSS / Focused,2017-03-15,7854.75
^CRSLDX,Nifty 500,Flexi Cap / Multi Cap / ELSS / Focused,2017-03-16,7928.5498
^CRSLDX,Nifty 500,Flexi Cap / Multi Cap / ELSS / Focused,2017-03-17,7933.1001
^CRSLDX,Nifty 500,Flexi Cap / Multi Cap / ELSS / Focused,2017-03-20,7918.6001
^CRSLDX,Nifty 500,Flexi Cap / Multi Cap / ELSS / Focused,2017-03-21,7909.2002
^CRSLDX,Nifty 500,Flexi Cap / Multi Cap / ELSS / Focused,2017-03-22,7830.1001
^CRSLDX,Nifty 500,Flexi Cap / Multi Cap / ELSS / Focused,2017-03-23,7885.7002
^CRSLDX,Nifty 500,Flexi Cap / Multi Cap / ELSS / Focused,2017-03-24,7905.2998
^CRSLDX,Nifty 500,Flexi Cap / Multi Cap / ELSS / Focused,2017-03-27,7865.2998
^CRSLDX,Nifty 500,Flexi Cap / Multi Cap / ELSS / Focused,2017-03-28,7912.1001
^CRSLDX,Nifty 500,Flexi Cap / Multi Cap / ELSS / Focused,2017-03-29,7945.2998
^CRSLDX,Nifty 500,Flexi Cap / Multi Cap / ELSS / Focused,2017-03-30,7976.8999
^CRSLDX,Nifty 500,Flexi Cap / Multi Cap / ELSS / Focused,2017-03-31,7995.0498
^CRSLDX,Nifty 500,Flexi Cap / Multi Cap / ELSS / Focused,2017-04-03,8053.1499
^CRSLDX,Nifty 500,Flexi Cap / Multi Cap / ELSS / Focused,2017-04-05,8095.1001
^CRSLDX,Nifty 500,Flexi Cap / Multi Cap / ELSS / Focused,2017-04-06,8092.1001
^CRSLDX,Nifty 500,Flexi Cap / Multi Cap / ELSS / Focused,2017-04-07,8045.3501
^CRSLDX,Nifty 500,Flexi Cap / Multi Cap / ELSS / Focused,2017-04-10,8052.1001
^CRSLDX,Nifty 500,Flexi Cap / Multi Cap / ELSS / Focused,2017-04-11,8107.1001
^CRSLDX,Nifty 500,Flexi Cap / Multi Cap / ELSS / Focused,2017-04-12,8078.8501
^CRSLDX,Nifty 500,Flexi Cap / Multi Cap / ELSS / Focused,2017-04-13,8044.8999
^CRSLDX,Nifty 500,Flexi Cap / Multi Cap / ELSS / Focused,2017-04-17,8042.6001
^CRSLDX,Nifty 500,Flexi Cap / Multi Cap / ELSS / Focused,2017-04-18,8003.1499
^CRSLDX,Nifty 500,Flexi Cap / Multi Cap / ELSS / Focused,2017-04-19,8021.0
^CRSLDX,Nifty 500,Flexi Cap / Multi Cap / ELSS / Focused,2017-04-20,8063.1001
^CRSLDX,Nifty 500,Flexi Cap / Multi Cap / ELSS / Focused,2017-04-21,8057.7002
^CRSLDX,Nifty 500,Flexi Cap / Multi Cap / ELSS / Focused,2017-04-24,8137.3501
^CRSLDX,Nifty 500,Flexi Cap / Multi Cap / ELSS / Focused,2017-04-25,8216.7002
^CRSLDX,Nifty 500,Flexi Cap / Multi Cap / ELSS / Focused,2017-04-26,8230.8496
^CRSLDX,Nifty 500,Flexi Cap / Multi Cap / ELSS / Focused,2017-04-27,8222.2002
^CRSLDX,Nifty 500,Flexi Cap / Multi Cap / ELSS / Focused,2017-04-28,8214.2998
^CRSLDX,Nifty 500,Flexi Cap / Multi Cap / ELSS / Focused,2017-05-02,8231.3496
^CRSLDX,Nifty 500,Flexi Cap / Multi Cap / ELSS / Focused,2017-05-03,8227.7002
^CRSLDX,Nifty 500,Flexi Cap / Multi Cap / ELSS / Focused,2017-05-04,8265.7998
^CRSLDX,Nifty 500,Flexi Cap / Multi Cap / ELSS / Focused,2017-05-05,8193.25
^CRSLDX,Nifty 500,Flexi Cap / Multi Cap / ELSS / Focused,2017-05-08,8226.0996
^CRSLDX,Nifty 500,Flexi Cap / Multi Cap / ELSS / Focused,2017-05-09,8242.7002
^CRSLDX,Nifty 500,Flexi Cap / Multi Cap / ELSS / Focused,2017-05-10,8320.2002
^CRSLDX,Nifty 500,Flexi Cap / Multi Cap / ELSS / Focused,2017-05-11,8331.0
^CRSLDX,Nifty 500,Flexi Cap / Multi Cap / ELSS / Focused,2017-05-12,8299.2002
^CRSLDX,Nifty 500,Flexi Cap / Multi Cap / ELSS / Focused,2017-05-15,8351.2998
^CRSLDX,Nifty 500,Flexi Cap / Multi Cap / ELSS / Focused,2017-05-16,8398.9502
^CRSLDX,Nifty 500,Flexi Cap / Multi Cap / ELSS / Focused,2017-05-17,8396.0
^CRSLDX,Nifty 500,Flexi Cap / Multi Cap / ELSS / Focused,2017-05-18,8279.1504
^CRSLDX,Nifty 500,Flexi Cap / Multi Cap / ELSS / Focused,2017-05-19,8258.2002
^CRSLDX,Nifty 500,Flexi Cap / Multi Cap / ELSS / Focused,2017-05-22,8235.0498
^CRSLDX,Nifty 500,Flexi Cap / Multi Cap / ELSS / Focused,2017-05-23,8159.1499
^CRSLDX,Nifty 500,Flexi Cap / Multi Cap / ELSS / Focused,2017-05-24,8106.6001
^CRSLDX,Nifty 500,Flexi Cap / Multi Cap / ELSS / Focused,2017-05-25,8233.9004
^CRSLDX,Nifty 500,Flexi Cap / Multi Cap / ELSS / Focused,2017-05-26,8331.8496
^CRSLDX,Nifty 500,Flexi Cap / Multi Cap / ELSS / Focused,2017-05-29,8299.5
^CRSLDX,Nifty 500,Flexi Cap / Multi Cap / ELSS / Focused,2017-05-30,8328.9502
^CRSLDX,Nifty 500,Flexi Cap / Multi Cap / ELSS / Focused,2017-05-31,8350.9502
^CRSLDX,Nifty 500,Flexi Cap / Multi Cap / ELSS / Focused,2017-06-01,8367.1504
^CRSLDX,Nifty 500,Flexi Cap / Multi Cap / ELSS / Focused,2017-06-02,8406.5498
^CRSLDX,Nifty 500,Flexi Cap / Multi Cap / ELSS / Focused,2017-06-05,8435.75
^CRSLDX,Nifty 500,Flexi Cap / Multi Cap / ELSS / Focused,2017-06-06,8397.2002
^CRSLDX,Nifty 500,Flexi Cap / Multi Cap / ELSS / Focused,2017-06-07,8431.5
^CRSLDX,Nifty 500,Flexi Cap / Multi Cap / ELSS / Focused,2017-06-08,8429.1504
^CRSLDX,Nifty 500,Flexi Cap / Multi Cap / ELSS / Focused,2017-06-09,8452.75
^CRSLDX,Nifty 500,Flexi Cap / Multi Cap / ELSS / Focused,2017-06-12,8408.7002
^CRSLDX,Nifty 500,Flexi Cap / Multi Cap / ELSS / Focused,2017-06-13,8408.0
^CRSLDX,Nifty 500,Flexi Cap / Multi Cap / ELSS / Focused,2017-06-14,8420.7998
^CRSLDX,Nifty 500,Flexi Cap / Multi Cap / ELSS / Focused,2017-06-15,8400.2002
^CRSLDX,Nifty 500,Flexi Cap / Multi Cap / ELSS / Focused,2017-06-16,8411.4502
^CRSLDX,Nifty 500,Flexi Cap / Multi Cap / ELSS / Focused,2017-06-19,8453.0996
^CRSLDX,Nifty 500,Flexi Cap / Multi Cap / ELSS / Focused,2017-06-20,8454.0
^CRSLDX,Nifty 500,Flexi Cap / Multi Cap / ELSS / Focused,2017-06-21,8443.5996
^CRSLDX,Nifty 500,Flexi Cap / Multi Cap / ELSS / Focused,2017-06-22,8423.8496
^CRSLDX,Nifty 500,Flexi Cap / Multi Cap / ELSS / Focused,2017-06-23,8355.0996
^CRSLDX,Nifty 500,Flexi Cap / Multi Cap / ELSS / Focused,2017-06-27,8285.5
^CRSLDX,Nifty 500,Flexi Cap / Multi Cap / ELSS / Focused,2017-06-28,8279.7002
^CRSLDX,Nifty 500,Flexi Cap / Multi Cap / ELSS / Focused,2017-06-29,8301.0996
^CRSLDX,Nifty 500,Flexi Cap / Multi Cap / ELSS / Focused,2017-06-30,8331.5996
^CRSLDX,Nifty 500,Flexi Cap / Multi Cap / ELSS / Focused,2017-07-03,8416.4004
^CRSLDX,Nifty 500,Flexi Cap / Multi Cap / ELSS / Focused,2017-07-04,8410.7002
^CRSLDX,Nifty 500,Flexi Cap / Multi Cap / ELSS / Focused,2017-07-05,8451.5
^CRSLDX,Nifty 500,Flexi Cap / Multi Cap / ELSS / Focused,2017-07-06,8481.75
^CRSLDX,Nifty 500,Flexi Cap / Multi Cap / ELSS / Focused,2017-07-07,8479.4502
^CRSLDX,Nifty 500,Flexi Cap / Multi Cap / ELSS / Focused,2017-07-10,8556.9502
^CRSLDX,Nifty 500,Flexi Cap / Multi Cap / ELSS / Focused,2017-07-11,8544.9004
^CRSLDX,Nifty 500,Flexi Cap / Multi Cap / ELSS / Focused,2017-07-12,8585.5
^CRSLDX,Nifty 500,Flexi Cap / Multi Cap / ELSS / Focused,2017-07-13,8646.2998
^CRSLDX,Nifty 500,Flexi Cap / Multi Cap / ELSS / Focused,2017-07-14,8640.7002
^CRSLDX,Nifty 500,Flexi Cap / Multi Cap / ELSS / Focused,2017-07-17,8659.5
^CRSLDX,Nifty 500,Flexi Cap / Multi Cap / ELSS / Focused,2017-07-18,8589.7998
^CRSLDX,Nifty 500,Flexi Cap / Multi Cap / ELSS / Focused,2017-07-19,8662.1504
^CRSLDX,Nifty 500,Flexi Cap / Multi Cap / ELSS / Focused,2017-07-20,8641.5996
^CRSLDX,Nifty 500,Flexi Cap / Multi Cap / ELSS / Focused,2017-07-21,8669.75
^CRSLDX,Nifty 500,Flexi Cap / Multi Cap / ELSS / Focused,2017-07-24,8702.8496
^CRSLDX,Nifty 500,Flexi Cap / Multi Cap / ELSS / Focused,2017-07-25,8710.5996
^CRSLDX,Nifty 500,Flexi Cap / Multi Cap / ELSS / Focused,2017-07-26,8748.75
^CRSLDX,Nifty 500,Flexi Cap / Multi Cap / ELSS / Focused,2017-07-27,8737.0996
^CRSLDX,Nifty 500,Flexi Cap / Multi Cap / ELSS / Focused,2017-07-28,8747.4502
^CRSLDX,Nifty 500,Flexi Cap / Multi Cap / ELSS / Focused,2017-07-31,8793.2998
^CRSLDX,Nifty 500,Flexi Cap / Multi Cap / ELSS / Focused,2017-08-01,8812.5996
^CRSLDX,Nifty 500,Flexi Cap / Multi Cap / ELSS / Focused,2017-08-02,8786.8496
^CRSLDX,Nifty 500,Flexi Cap / Multi Cap / ELSS / Focused,2017-08-03,8729.2998
^CRSLDX,Nifty 500,Flexi Cap / Multi Cap / ELSS / Focused,2017-08-04,8776.2002
^CRSLDX,Nifty 500,Flexi Cap / Multi Cap / ELSS / Focused,2017-08-07,8806.4502
^CRSLDX,Nifty 500,Flexi Cap / Multi Cap / ELSS / Focused,2017-08-08,8726.8496
^CRSLDX,Nifty 500,Flexi Cap / Multi Cap / ELSS / Focused,2017-08-09,8637.1504
^CRSLDX,Nifty 500,Flexi Cap / Multi Cap / ELSS / Focused,2017-08-10,8497.75
^CRSLDX,Nifty 500,Flexi Cap / Multi Cap / ELSS / Focused,2017-08-11,8427.7002
^CRSLDX,Nifty 500,Flexi Cap / Multi Cap / ELSS / Focused,2017-08-14,8541.5
^CRSLDX,Nifty 500,Flexi Cap / Multi Cap / ELSS / Focused,2017-08-16,8635.7002
^CRSLDX,Nifty 500,Flexi Cap / Multi Cap / ELSS / Focused,2017-08-17,8643.2998
^CRSLDX,Nifty 500,Flexi Cap / Multi Cap / ELSS / Focused,2017-08-18,8594.25
^CRSLDX,Nifty 500,Flexi Cap / Multi Cap / ELSS / Focused,2017-08-21,8509.4004
^CRSLDX,Nifty 500,Flexi Cap / Multi Cap / ELSS / Focused,2017-08-22,8499.2998
^CRSLDX,Nifty 500,Flexi Cap / Multi Cap / ELSS / Focused,2017-08-23,8585.0
^CRSLDX,Nifty 500,Flexi Cap / Multi Cap / ELSS / Focused,2017-08-24,8605.75
^CRSLDX,Nifty 500,Flexi Cap / Multi Cap / ELSS / Focused,2017-08-28,8669.5996
^CRSLDX,Nifty 500,Flexi Cap / Multi Cap / ELSS / Focused,2017-08-29,8571.7998
^CRSLDX,Nifty 500,Flexi Cap / Multi Cap / ELSS / Focused,2017-08-30,8663.1504
^CRSLDX,Nifty 500,Flexi Cap / Multi Cap / ELSS / Focused,2017-08-31,8694.9502
^CRSLDX,Nifty 500,Flexi Cap / Multi Cap / ELSS / Focused,2017-09-01,8755.25
^CRSLDX,Nifty 500,Flexi Cap / Multi Cap / ELSS / Focused,2017-09-04,8700.3496
^CRSLDX,Nifty 500,Flexi Cap / Multi Cap / ELSS / Focused,2017-09-05,8747.2002
^CRSLDX,Nifty 500,Flexi Cap / Multi Cap / ELSS / Focused,2017-09-06,8732.4004
^CRSLDX,Nifty 500,Flexi Cap / Multi Cap / ELSS / Focused,2017-09-07,8757.1504
^CRSLDX,Nifty 500,Flexi Cap / Multi Cap / ELSS / Focused,2017-09-08,8749.9502
^CRSLDX,Nifty 500,Flexi Cap / Multi Cap / ELSS / Focused,2017-09-11,8810.9502
^CRSLDX,Nifty 500,Flexi Cap / Multi Cap / ELSS / Focused,2017-09-12,8890.6504
^CRSLDX,Nifty 500,Flexi Cap / Multi Cap / ELSS / Focused,2017-09-13,8866.8496
^CRSLDX,Nifty 500,Flexi Cap / Multi Cap / ELSS / Focused,2017-09-14,8884.9502
^CRSLDX,Nifty 500,Flexi Cap / Multi Cap / ELSS / Focused,2017-09-15,8887.5996
^CRSLDX,Nifty 500,Flexi Cap / Multi Cap / ELSS / Focused,2017-09-18,8946.9004
^CRSLDX,Nifty 500,Flexi Cap / Multi Cap / ELSS / Focused,2017-09-19,8951.75
^CRSLDX,Nifty 500,Flexi Cap / Multi Cap / ELSS / Focused,2017-09-20,8938.4004
^CRSLDX,Nifty 500,Flexi Cap / Multi Cap / ELSS / Focused,2017-09-21,8911.2002
^CRSLDX,Nifty 500,Flexi Cap / Multi Cap / ELSS / Focused,2017-09-22,8738.0
^CRSLDX,Nifty 500,Flexi Cap / Multi Cap / ELSS / Focused,2017-09-25,8638.2998
^CRSLDX,Nifty 500,Flexi Cap / Multi Cap / ELSS / Focused,2017-09-26,8654.5996
^CRSLDX,Nifty 500,Flexi Cap / Multi Cap / ELSS / Focused,2017-09-27,8520.9502
^CRSLDX,Nifty 500,Flexi Cap / Multi Cap / ELSS / Focused,2017-09-28,8557.0996
^CRSLDX,Nifty 500,Flexi Cap / Multi Cap / ELSS / Focused,2017-09-29,8600.0
^CRSLDX,Nifty 500,Flexi Cap / Multi Cap / ELSS / Focused,2017-10-03,8662.4004
^CRSLDX,Nifty 500,Flexi Cap / Multi Cap / ELSS / Focused,2017-10-04,8706.8496
^CRSLDX,Nifty 500,Flexi Cap / Multi Cap / ELSS / Focused,2017-10-05,8706.4502
^CRSLDX,Nifty 500,Flexi Cap / Multi Cap / ELSS / Focused,2017-10-06,8787.4004
^CRSLDX,Nifty 500,Flexi Cap / Multi Cap / ELSS / Focused,2017-10-09,8798.2998
^CRSLDX,Nifty 500,Flexi Cap / Multi Cap / ELSS / Focused,2017-10-10,8836.4004
^CRSLDX,Nifty 500,Flexi Cap / Multi Cap / ELSS / Focused,2017-10-11,8792.4004
^CRSLDX,Nifty 500,Flexi Cap / Multi Cap / ELSS / Focused,2017-10-12,8890.0498
^CRSLDX,Nifty 500,Flexi Cap / Multi Cap / ELSS / Focused,2017-10-13,8937.2002
^CRSLDX,Nifty 500,Flexi Cap / Multi Cap / ELSS / Focused,2017-10-16,8985.25
^CRSLDX,Nifty 500,Flexi Cap / Multi Cap / ELSS / Focused,2017-10-17,9002.3496
^CRSLDX,Nifty 500,Flexi Cap / Multi Cap / ELSS / Focused,2017-10-18,8984.6504
^CRSLDX,Nifty 500,Flexi Cap / Multi Cap / ELSS / Focused,2017-10-19,8937.6504
^CRSLDX,Nifty 500,Flexi Cap / Multi Cap / ELSS / Focused,2017-10-23,8972.9004
^CRSLDX,Nifty 500,Flexi Cap / Multi Cap / ELSS / Focused,2017-10-24,8993.7998
^CRSLDX,Nifty 500,Flexi Cap / Multi Cap / ELSS / Focused,2017-10-25,9065.1504
^CRSLDX,Nifty 500,Flexi Cap / Multi Cap / ELSS / Focused,2017-10-26,9106.75
^CRSLDX,Nifty 500,Flexi Cap / Multi Cap / ELSS / Focused,2017-10-27,9104.4502
^CRSLDX,Nifty 500,Flexi Cap / Multi Cap / ELSS / Focused,2017-10-30,9165.0996
^CRSLDX,Nifty 500,Flexi Cap / Multi Cap / ELSS / Focused,2017-10-31,9153.5996
^CRSLDX,Nifty 500,Flexi Cap / Multi Cap / ELSS / Focused,2017-11-01,9234.8496
^CRSLDX,Nifty 500,Flexi Cap / Multi Cap / ELSS / Focused,2017-11-02,9237.75
^CRSLDX,Nifty 500,Flexi Cap / Multi Cap / ELSS / Focused,2017-11-03,9260.6504
^CRSLDX,Nifty 500,Flexi Cap / Multi Cap / ELSS / Focused,2017-11-06,9273.0996
^CRSLDX,Nifty 500,Flexi Cap / Multi Cap / ELSS / Focused,2017-11-07,9169.5498
^CRSLDX,Nifty 500,Flexi Cap / Multi Cap / ELSS / Focused,2017-11-08,9117.5498
^CRSLDX,Nifty 500,Flexi Cap / Multi Cap / ELSS / Focused,2017-11-09,9147.2998
^CRSLDX,Nifty 500,Flexi Cap / Multi Cap / ELSS / Focused,2017-11-10,9154.9502
^CRSLDX,Nifty 500,Flexi Cap / Multi Cap / ELSS / Focused,2017-11-13,9082.4502
^CRSLDX,Nifty 500,Flexi Cap / Multi Cap / ELSS / Focused,2017-11-14,9051.5
^CRSLDX,Nifty 500,Flexi Cap / Multi Cap / ELSS / Focused,2017-11-15,8973.75
^CRSLDX,Nifty 500,Flexi Cap / Multi Cap / ELSS / Focused,2017-11-16,9065.0
^CRSLDX,Nifty 500,Flexi Cap / Multi Cap / ELSS / Focused,2017-11-17,9137.0996
^CRSLDX,Nifty 500,Flexi Cap / Multi Cap / ELSS / Focused,2017-11-20,9161.9004
^CRSLDX,Nifty 500,Flexi Cap / Multi Cap / ELSS / Focused,2017-11-21,9185.4004
^CRSLDX,Nifty 500,Flexi Cap / Multi Cap / ELSS / Focused,2017-11-22,9195.7002
^CRSLDX,Nifty 500,Flexi Cap / Multi Cap / ELSS / Focused,2017-11-23,9207.4004
^CRSLDX,Nifty 500,Flexi Cap / Multi Cap / ELSS / Focused,2017-11-24,9246.0498
^CRSLDX,Nifty 500,Flexi Cap / Multi Cap / ELSS / Focused,2017-11-27,9267.5
^CRSLDX,Nifty 500,Flexi Cap / Multi Cap / ELSS / Focused,2017-11-28,9254.2998
^CRSLDX,Nifty 500,Flexi Cap / Multi Cap / ELSS / Focused,2017-11-29,9244.7002
^CRSLDX,Nifty 500,Flexi Cap / Multi Cap / ELSS / Focused,2017-11-30,9154.5
^CRSLDX,Nifty 500,Flexi Cap / Multi Cap / ELSS / Focused,2017-12-01,9060.4004
^CRSLDX,Nifty 500,Flexi Cap / Multi Cap / ELSS / Focused,2017-12-04,9059.3496
^CRSLDX,Nifty 500,Flexi Cap / Multi Cap / ELSS / Focused,2017-12-05,9056.5996
^CRSLDX,Nifty 500,Flexi Cap / Multi Cap / ELSS / Focused,2017-12-06,8988.5498
^CRSLDX,Nifty 500,Flexi Cap / Multi Cap / ELSS / Focused,2017-12-07,9103.0498
^CRSLDX,Nifty 500,Flexi Cap / Multi Cap / ELSS / Focused,2017-12-08,9190.5498
^CRSLDX,Nifty 500,Flexi Cap / Multi Cap / ELSS / Focused,2017-12-11,9231.9004
^CRSLDX,Nifty 500,Flexi Cap / Multi Cap / ELSS / Focused,2017-12-12,9156.5
^CRSLDX,Nifty 500,Flexi Cap / Multi Cap / ELSS / Focused,2017-12-13,9101.7998
^CRSLDX,Nifty 500,Flexi Cap / Multi Cap / ELSS / Focused,2017-12-14,9133.6504
^CRSLDX,Nifty 500,Flexi Cap / Multi Cap / ELSS / Focused,2017-12-15,9216.75
^CRSLDX,Nifty 500,Flexi Cap / Multi Cap / ELSS / Focused,2017-12-18,9270.8496
^CRSLDX,Nifty 500,Flexi Cap / Multi Cap / ELSS / Focused,2017-12-19,9360.4502
^CRSLDX,Nifty 500,Flexi Cap / Multi Cap / ELSS / Focused,2017-12-20,9363.4502
^CRSLDX,Nifty 500,Flexi Cap / Multi Cap / ELSS / Focused,2017-12-21,9387.75
^CRSLDX,Nifty 500,Flexi Cap / Multi Cap / ELSS / Focused,2017-12-22,9431.5
^CRSLDX,Nifty 500,Flexi Cap / Multi Cap / ELSS / Focused,2017-12-26,9470.3496
^CRSLDX,Nifty 500,Flexi Cap / Multi Cap / ELSS / Focused,2017-12-27,9438.25
^CRSLDX,Nifty 500,Flexi Cap / Multi Cap / ELSS / Focused,2017-12-28,9435.8496
^CRSLDX,Nifty 500,Flexi Cap / Multi Cap / ELSS / Focused,2017-12-29,9490.6504
^CRSLDX,Nifty 500,Flexi Cap / Multi Cap / ELSS / Focused,2018-01-01,9434.5
^CRSLDX,Nifty 500,Flexi Cap / Multi Cap / ELSS / Focused,2018-01-02,9417.8496
^CRSLDX,Nifty 500,Flexi Cap / Multi Cap / ELSS / Focused,2018-01-03,9439.3496
^CRSLDX,Nifty 500,Flexi Cap / Multi Cap / ELSS / Focused,2018-01-04,9505.75
^CRSLDX,Nifty 500,Flexi Cap / Multi Cap / ELSS / Focused,2018-01-05,9573.4502
^CRSLDX,Nifty 500,Flexi Cap / Multi Cap / ELSS / Focused,2018-01-08,9639.25
^CRSLDX,Nifty 500,Flexi Cap / Multi Cap / ELSS / Focused,2018-01-09,9640.75
^CRSLDX,Nifty 500,Flexi Cap / Multi Cap / ELSS / Focused,2018-01-10,9630.5996
^CRSLDX,Nifty 500,Flexi Cap / Multi Cap / ELSS / Focused,2018-01-11,9650.2998
^CRSLDX,Nifty 500,Flexi Cap / Multi Cap / ELSS / Focused,2018-01-12,9665.2002
^CRSLDX,Nifty 500,Flexi Cap / Multi Cap / ELSS / Focused,2018-01-15,9699.8496
^CRSLDX,Nifty 500,Flexi Cap / Multi Cap / ELSS / Focused,2018-01-16,9612.5996
^CRSLDX,Nifty 500,Flexi Cap / Multi Cap / ELSS / Focused,2018-01-17,9686.5996
^CRSLDX,Nifty 500,Flexi Cap / Multi Cap / ELSS / Focused,2018-01-18,9646.7998
^CRSLDX,Nifty 500,Flexi Cap / Multi Cap / ELSS / Focused,2018-01-19,9723.0996
^CRSLDX,Nifty 500,Flexi Cap / Multi Cap / ELSS / Focused,2018-01-22,9787.2998
^CRSLDX,Nifty 500,Flexi Cap / Multi Cap / ELSS / Focused,2018-01-23,9877.2002
^CRSLDX,Nifty 500,Flexi Cap / Multi Cap / ELSS / Focused,2018-01-24,9853.9004
^CRSLDX,Nifty 500,Flexi Cap / Multi Cap / ELSS / Focused,2018-01-25,9810.0
^CRSLDX,Nifty 500,Flexi Cap / Multi Cap / ELSS / Focused,2018-01-29,9819.4502
^CRSLDX,Nifty 500,Flexi Cap / Multi Cap / ELSS / Focused,2018-01-30,9743.0498
^CRSLDX,Nifty 500,Flexi Cap / Multi Cap / ELSS / Focused,2018-01-31,9697.9004
^CRSLDX,Nifty 500,Flexi Cap / Multi Cap / ELSS / Focused,2018-02-01,9687.0498
^CRSLDX,Nifty 500,Flexi Cap / Multi Cap / ELSS / Focused,2018-02-02,9409.7998
^CRSLDX,Nifty 500,Flexi Cap / Multi Cap / ELSS / Focused,2018-02-05,9344.4004
^CRSLDX,Nifty 500,Flexi Cap / Multi Cap / ELSS / Focused,2018-02-06,9190.5498
^CRSLDX,Nifty 500,Flexi Cap / Multi Cap / ELSS / Focused,2018-02-07,9206.3496
^CRSLDX,Nifty 500,Flexi Cap / Multi Cap / ELSS / Focused,2018-02-08,9322.5996
^CRSLDX,Nifty 500,Flexi Cap / Multi Cap / ELSS / Focused,2018-02-09,9251.0996
^CRSLDX,Nifty 500,Flexi Cap / Multi Cap / ELSS / Focused,2018-02-12,9348.4502
^CRSLDX,Nifty 500,Flexi Cap / Multi Cap / ELSS / Focused,2018-02-14,9326.7002
^CRSLDX,Nifty 500,Flexi Cap / Multi Cap / ELSS / Focused,2018-02-15,9323.5996
^CRSLDX,Nifty 500,Flexi Cap / Multi Cap / ELSS / Focused,2018-02-16,9235.5996
^CRSLDX,Nifty 500,Flexi Cap / Multi Cap / ELSS / Focused,2018-02-19,9159.9502
^CRSLDX,Nifty 500,Flexi Cap / Multi Cap / ELSS / Focused,2018-02-20,9151.0498
^CRSLDX,Nifty 500,Flexi Cap / Multi Cap / ELSS / Focused,2018-02-21,9167.5996
^CRSLDX,Nifty 500,Flexi Cap / Multi Cap / ELSS / Focused,2018-02-22,9138.5
^CRSLDX,Nifty 500,Flexi Cap / Multi Cap / ELSS / Focused,2018-02-23,9251.3496
^CRSLDX,Nifty 500,Flexi Cap / Multi Cap / ELSS / Focused,2018-02-26,9332.6504
^CRSLDX,Nifty 500,Flexi Cap / Multi Cap / ELSS / Focused,2018-02-27,9302.25
^CRSLDX,Nifty 500,Flexi Cap / Multi Cap / ELSS / Focused,2018-02-28,9261.9004
^CRSLDX,Nifty 500,Flexi Cap / Multi Cap / ELSS / Focused,2018-03-01,9225.3496
^CRSLDX,Nifty 500,Flexi Cap / Multi Cap / ELSS / Focused,2018-03-05,9136.0996
^CRSLDX,Nifty 500,Flexi Cap / Multi Cap / ELSS / Focused,2018-03-06,9039.7998
^CRSLDX,Nifty 500,Flexi Cap / Multi Cap / ELSS / Focused,2018-03-07,8936.8496
^CRSLDX,Nifty 500,Flexi Cap / Multi Cap / ELSS / Focused,2018-03-08,9000.7002
^CRSLDX,Nifty 500,Flexi Cap / Multi Cap / ELSS / Focused,2018-03-09,8986.4004
^CRSLDX,Nifty 500,Flexi Cap / Multi Cap / ELSS / Focused,2018-03-12,9121.75
^CRSLDX,Nifty 500,Flexi Cap / Multi Cap / ELSS / Focused,2018-03-13,9157.9004
^CRSLDX,Nifty 500,Flexi Cap / Multi Cap / ELSS / Focused,2018-03-14,9151.5498
^CRSLDX,Nifty 500,Flexi Cap / Multi Cap / ELSS / Focused,2018-03-15,9133.9004
^CRSLDX,Nifty 500,Flexi Cap / Multi Cap / ELSS / Focused,2018-03-16,9004.4502
^CRSLDX,Nifty 500,Flexi Cap / Multi Cap / ELSS / Focused,2018-03-19,8894.2002
^CRSLDX,Nifty 500,Flexi Cap / Multi Cap / ELSS / Focused,2018-03-20,8920.4502
^CRSLDX,Nifty 500,Flexi Cap / Multi Cap / ELSS / Focused,2018-03-21,8949.0996
^CRSLDX,Nifty 500,Flexi Cap / Multi Cap / ELSS / Focused,2018-03-22,8904.0
^CRSLDX,Nifty 500,Flexi Cap / Multi Cap / ELSS / Focused,2018-03-23,8800.7998
^CRSLDX,Nifty 500,Flexi Cap / Multi Cap / ELSS / Focused,2018-03-26,8914.3496
^CRSLDX,Nifty 500,Flexi Cap / Multi Cap / ELSS / Focused,2018-03-27,8978.0996
^CRSLDX,Nifty 500,Flexi Cap / Multi Cap / ELSS / Focused,2018-03-28,8912.0996
^CRSLDX,Nifty 500,Flexi Cap / Multi Cap / ELSS / Focused,2018-04-02,9023.5996
^CRSLDX,Nifty 500,Flexi Cap / Multi Cap / ELSS / Focused,2018-04-03,9074.8496
^CRSLDX,Nifty 500,Flexi Cap / Multi Cap / ELSS / Focused,2018-04-04,8975.5996
^CRSLDX,Nifty 500,Flexi Cap / Multi Cap / ELSS / Focused,2018-04-05,9146.1504
^CRSLDX,Nifty 500,Flexi Cap / Multi Cap / ELSS / Focused,2018-04-06,9172.0498
^CRSLDX,Nifty 500,Flexi Cap / Multi Cap / ELSS / Focused,2018-04-09,9205.2002
^CRSLDX,Nifty 500,Flexi Cap / Multi Cap / ELSS / Focused,2018-04-10,9219.1504
^CRSLDX,Nifty 500,Flexi Cap / Multi Cap / ELSS / Focused,2018-04-11,9230.8496
^CRSLDX,Nifty 500,Flexi Cap / Multi Cap / ELSS / Focused,2018-04-12,9247.25
^CRSLDX,Nifty 500,Flexi Cap / Multi Cap / ELSS / Focused,2018-04-13,9267.6504
^CRSLDX,Nifty 500,Flexi Cap / Multi Cap / ELSS / Focused,2018-04-16,9311.2998
^CRSLDX,Nifty 500,Flexi Cap / Multi Cap / ELSS / Focused,2018-04-17,9330.2998
^CRSLDX,Nifty 500,Flexi Cap / Multi Cap / ELSS / Focused,2018-04-18,9311.5996
^CRSLDX,Nifty 500,Flexi Cap / Multi Cap / ELSS / Focused,2018-04-19,9356.4004
^CRSLDX,Nifty 500,Flexi Cap / Multi Cap / ELSS / Focused,2018-04-20,9347.6504
^CRSLDX,Nifty 500,Flexi Cap / Multi Cap / ELSS / Focused,2018-04-23,9373.4004
^CRSLDX,Nifty 500,Flexi Cap / Multi Cap / ELSS / Focused,2018-04-24,9390.4004
^CRSLDX,Nifty 500,Flexi Cap / Multi Cap / ELSS / Focused,2018-04-25,9349.9502
^CRSLDX,Nifty 500,Flexi Cap / Multi Cap / ELSS / Focused,2018-04-26,9381.3496
^CRSLDX,Nifty 500,Flexi Cap / Multi Cap / ELSS / Focused,2018-04-27,9443.6504
^CRSLDX,Nifty 500,Flexi Cap / Multi Cap / ELSS / Focused,2018-04-30,9496.5
^CRSLDX,Nifty 500,Flexi Cap / Multi Cap / ELSS / Focused,2018-05-02,9444.5
^CRSLDX,Nifty 500,Flexi Cap / Multi Cap / ELSS / Focused,2018-05-03,9388.6504
^CRSLDX,Nifty 500,Flexi Cap / Multi Cap / ELSS / Focused,2018-05-04,9339.75
^CRSLDX,Nifty 500,Flexi Cap / Multi Cap / ELSS / Focused,2018-05-07,9418.7998
^CRSLDX,Nifty 500,Flexi Cap / Multi Cap / ELSS / Focused,2018-05-08,9419.8496
^CRSLDX,Nifty 500,Flexi Cap / Multi Cap / ELSS / Focused,2018-05-09,9418.9004
^CRSLDX,Nifty 500,Flexi Cap / Multi Cap / ELSS / Focused,2018-05-10,9360.9502
^CRSLDX,Nifty 500,Flexi Cap / Multi Cap / ELSS / Focused,2018-05-11,9416.3496
^CRSLDX,Nifty 500,Flexi Cap / Multi Cap / ELSS / Focused,2018-05-14,9389.9502
^CRSLDX,Nifty 500,Flexi Cap / Multi Cap / ELSS / Focused,2018-05-15,9365.9004
^CRSLDX,Nifty 500,Flexi Cap / Multi Cap / ELSS / Focused,2018-05-16,9328.7002
^CRSLDX,Nifty 500,Flexi Cap / Multi Cap / ELSS / Focused,2018-05-17,9304.4502
^CRSLDX,Nifty 500,Flexi Cap / Multi Cap / ELSS / Focused,2018-05-18,9209.2002
^CRSLDX,Nifty 500,Flexi Cap / Multi Cap / ELSS / Focused,2018-05-21,9108.7002
^CRSLDX,Nifty 500,Flexi Cap / Multi Cap / ELSS / Focused,2018-05-22,9145.6504
^CRSLDX,Nifty 500,Flexi Cap / Multi Cap / ELSS / Focused,2018-05-23,9069.7998
^CRSLDX,Nifty 500,Flexi Cap / Multi Cap / ELSS / Focused,2018-05-24,9115.5498
^CRSLDX,Nifty 500,Flexi Cap / Multi Cap / ELSS / Focused,2018-05-25,9215.5498
^CRSLDX,Nifty 500,Flexi Cap / Multi Cap / ELSS / Focused,2018-05-28,9307.5498
^CRSLDX,Nifty 500,Flexi Cap / Multi Cap / ELSS / Focused,2018-05-29,9270.5996
^CRSLDX,Nifty 500,Flexi Cap / Multi Cap / ELSS / Focused,2018-05-30,9255.0
^CRSLDX,Nifty 500,Flexi Cap / Multi Cap / ELSS / Focused,2018-05-31,9315.3496
^CRSLDX,Nifty 500,Flexi Cap / Multi Cap / ELSS / Focused,2018-06-01,9255.0996
^CRSLDX,Nifty 500,Flexi Cap / Multi Cap / ELSS / Focused,2018-06-04,9175.9004
^CRSLDX,Nifty 500,Flexi Cap / Multi Cap / ELSS / Focused,2018-06-05,9110.5
^CRSLDX,Nifty 500,Flexi Cap / Multi Cap / ELSS / Focused,2018-06-06,9205.9004
^CRSLDX,Nifty 500,Flexi Cap / Multi Cap / ELSS / Focused,2018-06-07,9300.0996
^CRSLDX,Nifty 500,Flexi Cap / Multi Cap / ELSS / Focused,2018-06-08,9316.25
^CRSLDX,Nifty 500,Flexi Cap / Multi Cap / ELSS / Focused,2018-06-11,9332.4004
^CRSLDX,Nifty 500,Flexi Cap / Multi Cap / ELSS / Focused,2018-06-12,9386.4502
^CRSLDX,Nifty 500,Flexi Cap / Multi Cap / ELSS / Focused,2018-06-13,9386.4004
^CRSLDX,Nifty 500,Flexi Cap / Multi Cap / ELSS / Focused,2018-06-14,9356.6504
^CRSLDX,Nifty 500,Flexi Cap / Multi Cap / ELSS / Focused,2018-06-15,9343.7002
^CRSLDX,Nifty 500,Flexi Cap / Multi Cap / ELSS / Focused,2018-06-18,9318.5498
^CRSLDX,Nifty 500,Flexi Cap / Multi Cap / ELSS / Focused,2018-06-19,9234.5
^CRSLDX,Nifty 500,Flexi Cap / Multi Cap / ELSS / Focused,2018-06-20,9276.4004
^CRSLDX,Nifty 500,Flexi Cap / Multi Cap / ELSS / Focused,2018-06-21,9240.25
^CRSLDX,Nifty 500,Flexi Cap / Multi Cap / ELSS / Focused,2018-06-22,9296.6504
^CRSLDX,Nifty 500,Flexi Cap / Multi Cap / ELSS / Focused,2018-06-25,9234.4004
^CRSLDX,Nifty 500,Flexi Cap / Multi Cap / ELSS / Focused,2018-06-26,9231.7998
^CRSLDX,Nifty 500,Flexi Cap / Multi Cap / ELSS / Focused,2018-06-27,9129.25
^CRSLDX,Nifty 500,Flexi Cap / Multi Cap / ELSS / Focused,2018-06-28,9036.9502
^CRSLDX,Nifty 500,Flexi Cap / Multi Cap / ELSS / Focused,2018-06-29,9162.4502
^CRSLDX,Nifty 500,Flexi Cap / Multi Cap / ELSS / Focused,2018-07-02,9109.0
^CRSLDX,Nifty 500,Flexi Cap / Multi Cap / ELSS / Focused,2018-07-03,9149.4004
^CRSLDX,Nifty 500,Flexi Cap / Multi Cap / ELSS / Focused,2018-07-04,9194.5498
^CRSLDX,Nifty 500,Flexi Cap / Multi Cap / ELSS / Focused,2018-07-05,9166.5996
^CRSLDX,Nifty 500,Flexi Cap / Multi Cap / ELSS / Focused,2018-07-06,9194.5
^CRSLDX,Nifty 500,Flexi Cap / Multi Cap / ELSS / Focused,2018-07-09,9277.9502
^CRSLDX,Nifty 500,Flexi Cap / Multi Cap / ELSS / Focused,2018-07-10,9359.4004
^CRSLDX,Nifty 500,Flexi Cap / Multi Cap / ELSS / Focused,2018-07-11,9344.25
^CRSLDX,Nifty 500,Flexi Cap / Multi Cap / ELSS / Focused,2018-07-12,9380.9004
^CRSLDX,Nifty 500,Flexi Cap / Multi Cap / ELSS / Focused,2018-07-13,9349.0498
^CRSLDX,Nifty 500,Flexi Cap / Multi Cap / ELSS / Focused,2018-07-16,9231.25
^CRSLDX,Nifty 500,Flexi Cap / Multi Cap / ELSS / Focused,2018-07-17,9315.25
^CRSLDX,Nifty 500,Flexi Cap / Multi Cap / ELSS / Focused,2018-07-18,9269.5498
^CRSLDX,Nifty 500,Flexi Cap / Multi Cap / ELSS / Focused,2018-07-19,9236.2998
^CRSLDX,Nifty 500,Flexi Cap / Multi Cap / ELSS / Focused,2018-07-20,9286.0996
^CRSLDX,Nifty 500,Flexi Cap / Multi Cap / ELSS / Focused,2018-07-23,9363.8496
^CRSLDX,Nifty 500,Flexi Cap / Multi Cap / ELSS / Focused,2018-07-24,9450.6504
^CRSLDX,Nifty 500,Flexi Cap / Multi Cap / ELSS / Focused,2018-07-25,9449.9004
^CRSLDX,Nifty 500,Flexi Cap / Multi Cap / ELSS / Focused,2018-07-26,9487.9004
^CRSLDX,Nifty 500,Flexi Cap / Multi Cap / ELSS / Focused,2018-07-27,9579.0498
^CRSLDX,Nifty 500,Flexi Cap / Multi Cap / ELSS / Focused,2018-07-30,9618.7002
^CRSLDX,Nifty 500,Flexi Cap / Multi Cap / ELSS / Focused,2018-07-31,9650.5996
^CRSLDX,Nifty 500,Flexi Cap / Multi Cap / ELSS / Focused,2018-08-01,9651.7002
^CRSLDX,Nifty 500,Flexi Cap / Multi Cap / ELSS / Focused,2018-08-02,9588.7998
^CRSLDX,Nifty 500,Flexi Cap / Multi Cap / ELSS / Focused,2018-08-03,9685.7002
^CRSLDX,Nifty 500,Flexi Cap / Multi Cap / ELSS / Focused,2018-08-06,9709.3496
^CRSLDX,Nifty 500,Flexi Cap / Multi Cap / ELSS / Focused,2018-08-07,9704.7998
^CRSLDX,Nifty 500,Flexi Cap / Multi Cap / ELSS / Focused,2018-08-08,9744.75
^CRSLDX,Nifty 500,Flexi Cap / Multi Cap / ELSS / Focused,2018-08-09,9769.0996
^CRSLDX,Nifty 500,Flexi Cap / Multi Cap / ELSS / Focused,2018-08-10,9724.4502
^CRSLDX,Nifty 500,Flexi Cap / Multi Cap / ELSS / Focused,2018-08-13,9656.5
^CRSLDX,Nifty 500,Flexi Cap / Multi Cap / ELSS / Focused,2018-08-14,9726.1504
^CRSLDX,Nifty 500,Flexi Cap / Multi Cap / ELSS / Focused,2018-08-16,9685.6504
^CRSLDX,Nifty 500,Flexi Cap / Multi Cap / ELSS / Focused,2018-08-17,9770.2002
^CRSLDX,Nifty 500,Flexi Cap / Multi Cap / ELSS / Focused,2018-08-20,9839.75
^CRSLDX,Nifty 500,Flexi Cap / Multi Cap / ELSS / Focused,2018-08-21,9862.5
^CRSLDX,Nifty 500,Flexi Cap / Multi Cap / ELSS / Focused,2018-08-23,9872.5498
^CRSLDX,Nifty 500,Flexi Cap / Multi Cap / ELSS / Focused,2018-08-24,9850.7998
^CRSLDX,Nifty 500,Flexi Cap / Multi Cap / ELSS / Focused,2018-08-27,9958.7998
^CRSLDX,Nifty 500,Flexi Cap / Multi Cap / ELSS / Focused,2018-08-28,9985.9004
^CRSLDX,Nifty 500,Flexi Cap / Multi Cap / ELSS / Focused,2018-08-29,9973.6504
^CRSLDX,Nifty 500,Flexi Cap / Multi Cap / ELSS / Focused,2018-08-30,9975.2002
^CRSLDX,Nifty 500,Flexi Cap / Multi Cap / ELSS / Focused,2018-08-31,9992.0
^CRSLDX,Nifty 500,Flexi Cap / Multi Cap / ELSS / Focused,2018-09-03,9921.6504
^CRSLDX,Nifty 500,Flexi Cap / Multi Cap / ELSS / Focused,2018-09-04,9806.0498
^CRSLDX,Nifty 500,Flexi Cap / Multi Cap / ELSS / Focused,2018-09-05,9764.5498
^CRSLDX,Nifty 500,Flexi Cap / Multi Cap / ELSS / Focused,2018-09-06,9815.4502
^CRSLDX,Nifty 500,Flexi Cap / Multi Cap / ELSS / Focused,2018-09-07,9875.2002
^CRSLDX,Nifty 500,Flexi Cap / Multi Cap / ELSS / Focused,2018-09-10,9740.0996
^CRSLDX,Nifty 500,Flexi Cap / Multi Cap / ELSS / Focused,2018-09-11,9607.0996
^CRSLDX,Nifty 500,Flexi Cap / Multi Cap / ELSS / Focused,2018-09-12,9660.5996
^CRSLDX,Nifty 500,Flexi Cap / Multi Cap / ELSS / Focused,2018-09-14,9792.75
^CRSLDX,Nifty 500,Flexi Cap / Multi Cap / ELSS / Focused,2018-09-17,9696.4502
^CRSLDX,Nifty 500,Flexi Cap / Multi Cap / ELSS / Focused,2018-09-18,9594.25
^CRSLDX,Nifty 500,Flexi Cap / Multi Cap / ELSS / Focused,2018-09-19,9545.7002
^CRSLDX,Nifty 500,Flexi Cap / Multi Cap / ELSS / Focused,2018-09-21,9425.5498
^CRSLDX,Nifty 500,Flexi Cap / Multi Cap / ELSS / Focused,2018-09-24,9243.1504
^CRSLDX,Nifty 500,Flexi Cap / Multi Cap / ELSS / Focused,2018-09-25,9303.3496
^CRSLDX,Nifty 500,Flexi Cap / Multi Cap / ELSS / Focused,2018-09-26,9302.25
^CRSLDX,Nifty 500,Flexi Cap / Multi Cap / ELSS / Focused,2018-09-27,9202.3496
^CRSLDX,Nifty 500,Flexi Cap / Multi Cap / ELSS / Focused,2018-09-28,9116.0
^CRSLDX,Nifty 500,Flexi Cap / Multi Cap / ELSS / Focused,2018-10-01,9165.5
^CRSLDX,Nifty 500,Flexi Cap / Multi Cap / ELSS / Focused,2018-10-03,9056.7002
^CRSLDX,Nifty 500,Flexi Cap / Multi Cap / ELSS / Focused,2018-10-04,8854.8496
^CRSLDX,Nifty 500,Flexi Cap / Multi Cap / ELSS / Focused,2018-10-05,8624.9502
^CRSLDX,Nifty 500,Flexi Cap / Multi Cap / ELSS / Focused,2018-10-08,8602.5996
^CRSLDX,Nifty 500,Flexi Cap / Multi Cap / ELSS / Focused,2018-10-09,8562.9502
^CRSLDX,Nifty 500,Flexi Cap / Multi Cap / ELSS / Focused,2018-10-10,8748.5
^CRSLDX,Nifty 500,Flexi Cap / Multi Cap / ELSS / Focused,2018-10-11,8565.5996
^CRSLDX,Nifty 500,Flexi Cap / Multi Cap / ELSS / Focused,2018-10-12,8767.0996
^CRSLDX,Nifty 500,Flexi Cap / Multi Cap / ELSS / Focused,2018-10-15,8812.0
^CRSLDX,Nifty 500,Flexi Cap / Multi Cap / ELSS / Focused,2018-10-16,8893.7998
^CRSLDX,Nifty 500,Flexi Cap / Multi Cap / ELSS / Focused,2018-10-17,8758.5996
^CRSLDX,Nifty 500,Flexi Cap / Multi Cap / ELSS / Focused,2018-10-19,8640.6504
^CRSLDX,Nifty 500,Flexi Cap / Multi Cap / ELSS / Focused,2018-10-22,8576.9502
^CRSLDX,Nifty 500,Flexi Cap / Multi Cap / ELSS / Focused,2018-10-23,8489.9004
^CRSLDX,Nifty 500,Flexi Cap / Multi Cap / ELSS / Focused,2018-10-24,8555.6504
^CRSLDX,Nifty 500,Flexi Cap / Multi Cap / ELSS / Focused,2018-10-25,8473.5
^CRSLDX,Nifty 500,Flexi Cap / Multi Cap / ELSS / Focused,2018-10-26,8417.25
^CRSLDX,Nifty 500,Flexi Cap / Multi Cap / ELSS / Focused,2018-10-29,8610.0996
^CRSLDX,Nifty 500,Flexi Cap / Multi Cap / ELSS / Focused,2018-10-30,8600.2998
^CRSLDX,Nifty 500,Flexi Cap / Multi Cap / ELSS / Focused,2018-10-31,8753.4502
^CRSLDX,Nifty 500,Flexi Cap / Multi Cap / ELSS / Focused,2018-11-01,8772.5
^CRSLDX,Nifty 500,Flexi Cap / Multi Cap / ELSS / Focused,2018-11-02,8899.4004
^CRSLDX,Nifty 500,Flexi Cap / Multi Cap / ELSS / Focused,2018-11-05,8877.9004
^CRSLDX,Nifty 500,Flexi Cap / Multi Cap / ELSS / Focused,2018-11-06,8870.2998
^CRSLDX,Nifty 500,Flexi Cap / Multi Cap / ELSS / Focused,2018-11-07,8929.8496
^CRSLDX,Nifty 500,Flexi Cap / Multi Cap / ELSS / Focused,2018-11-09,8946.3496
^CRSLDX,Nifty 500,Flexi Cap / Multi Cap / ELSS / Focused,2018-11-12,8859.25
^CRSLDX,Nifty 500,Flexi Cap / Multi Cap / ELSS / Focused,2018-11-13,8923.5498
^CRSLDX,Nifty 500,Flexi Cap / Multi Cap / ELSS / Focused,2018-11-14,8921.4502
^CRSLDX,Nifty 500,Flexi Cap / Multi Cap / ELSS / Focused,2018-11-15,8954.6504
^CRSLDX,Nifty 500,Flexi Cap / Multi Cap / ELSS / Focused,2018-11-16,8993.25
^CRSLDX,Nifty 500,Flexi Cap / Multi Cap / ELSS / Focused,2018-11-19,9052.75
^CRSLDX,Nifty 500,Flexi Cap / Multi Cap / ELSS / Focused,2018-11-20,8960.1504
^CRSLDX,Nifty 500,Flexi Cap / Multi Cap / ELSS / Focused,2018-11-21,8940.2998
^CRSLDX,Nifty 500,Flexi Cap / Multi Cap / ELSS / Focused,2018-11-22,8879.0
^CRSLDX,Nifty 500,Flexi Cap / Multi Cap / ELSS / Focused,2018-11-26,8943.0
^CRSLDX,Nifty 500,Flexi Cap / Multi Cap / ELSS / Focused,2018-11-27,8983.9004
^CRSLDX,Nifty 500,Flexi Cap / Multi Cap / ELSS / Focused,2018-11-28,8993.25
^CRSLDX,Nifty 500,Flexi Cap / Multi Cap / ELSS / Focused,2018-11-29,9081.8496
^CRSLDX,Nifty 500,Flexi Cap / Multi Cap / ELSS / Focused,2018-11-30,9109.1504
^CRSLDX,Nifty 500,Flexi Cap / Multi Cap / ELSS / Focused,2018-12-03,9126.9004
^CRSLDX,Nifty 500,Flexi Cap / Multi Cap / ELSS / Focused,2018-12-04,9116.4502
^CRSLDX,Nifty 500,Flexi Cap / Multi Cap / ELSS / Focused,2018-12-05,9029.4502
^CRSLDX,Nifty 500,Flexi Cap / Multi Cap / ELSS / Focused,2018-12-06,8883.25
^CRSLDX,Nifty 500,Flexi Cap / Multi Cap / ELSS / Focused,2018-12-07,8940.6504
^CRSLDX,Nifty 500,Flexi Cap / Multi Cap / ELSS / Focused,2018-12-10,8769.5996
^CRSLDX,Nifty 500,Flexi Cap / Multi Cap / ELSS / Focused,2018-12-11,8845.1504
^CRSLDX,Nifty 500,Flexi Cap / Multi Cap / ELSS / Focused,2018-12-12,9021.5996
^CRSLDX,Nifty 500,Flexi Cap / Multi Cap / ELSS / Focused,2018-12-13,9077.2998
^CRSLDX,Nifty 500,Flexi Cap / Multi Cap / ELSS / Focused,2018-12-14,9091.2998
^CRSLDX,Nifty 500,Flexi Cap / Multi Cap / ELSS / Focused,2018-12-17,9153.9502
^CRSLDX,Nifty 500,Flexi Cap / Multi Cap / ELSS / Focused,2018-12-18,9177.3496
^CRSLDX,Nifty 500,Flexi Cap / Multi Cap / ELSS / Focused,2018-12-19,9246.7998
^CRSLDX,Nifty 500,Flexi Cap / Multi Cap / ELSS / Focused,2018-12-20,9234.4502
^CRSLDX,Nifty 500,Flexi Cap / Multi Cap / ELSS / Focused,2018-12-21,9082.5498
^CRSLDX,Nifty 500,Flexi Cap / Multi Cap / ELSS / Focused,2018-12-24,9002.4502
^CRSLDX,Nifty 500,Flexi Cap / Multi Cap / ELSS / Focused,2018-12-26,9041.7002
^CRSLDX,Nifty 500,Flexi Cap / Multi Cap / ELSS / Focused,2018-12-27,9078.7998
^CRSLDX,Nifty 500,Flexi Cap / Multi Cap / ELSS / Focused,2018-12-28,9152.5498
^CRSLDX,Nifty 500,Flexi Cap / Multi Cap / ELSS / Focused,2018-12-31,9170.0
^CRSLDX,Nifty 500,Flexi Cap / Multi Cap / ELSS / Focused,2019-01-01,9197.9004
^CRSLDX,Nifty 500,Flexi Cap / Multi Cap / ELSS / Focused,2019-01-02,9103.4004
^CRSLDX,Nifty 500,Flexi Cap / Multi Cap / ELSS / Focused,2019-01-03,9014.7998
^CRSLDX,Nifty 500,Flexi Cap / Multi Cap / ELSS / Focused,2019-01-04,9054.9004
^CRSLDX,Nifty 500,Flexi Cap / Multi Cap / ELSS / Focused,2019-01-07,9081.1504
^CRSLDX,Nifty 500,Flexi Cap / Multi Cap / ELSS / Focused,2019-01-08,9098.6504
^CRSLDX,Nifty 500,Flexi Cap / Multi Cap / ELSS / Focused,2019-01-09,9127.4502
^CRSLDX,Nifty 500,Flexi Cap / Multi Cap / ELSS / Focused,2019-01-10,9119.4004
^CRSLDX,Nifty 500,Flexi Cap / Multi Cap / ELSS / Focused,2019-01-11,9098.2002
^CRSLDX,Nifty 500,Flexi Cap / Multi Cap / ELSS / Focused,2019-01-14,9051.4502
^CRSLDX,Nifty 500,Flexi Cap / Multi Cap / ELSS / Focused,2019-01-15,9157.1504
^CRSLDX,Nifty 500,Flexi Cap / Multi Cap / ELSS / Focused,2019-01-16,9158.75
^CRSLDX,Nifty 500,Flexi Cap / Multi Cap / ELSS / Focused,2019-01-17,9161.5996
^CRSLDX,Nifty 500,Flexi Cap / Multi Cap / ELSS / Focused,2019-01-18,9140.0996
^CRSLDX,Nifty 500,Flexi Cap / Multi Cap / ELSS / Focused,2019-01-21,9155.2998
^CRSLDX,Nifty 500,Flexi Cap / Multi Cap / ELSS / Focused,2019-01-22,9131.1504
^CRSLDX,Nifty 500,Flexi Cap / Multi Cap / ELSS / Focused,2019-01-23,9068.8496
^CRSLDX,Nifty 500,Flexi Cap / Multi Cap / ELSS / Focused,2019-01-24,9072.2002
^CRSLDX,Nifty 500,Flexi Cap / Multi Cap / ELSS / Focused,2019-01-25,8994.3496
^CRSLDX,Nifty 500,Flexi Cap / Multi Cap / ELSS / Focused,2019-01-28,8876.5996
^CRSLDX,Nifty 500,Flexi Cap / Multi Cap / ELSS / Focused,2019-01-29,8875.6504
^CRSLDX,Nifty 500,Flexi Cap / Multi Cap / ELSS / Focused,2019-01-30,8884.9004
^CRSLDX,Nifty 500,Flexi Cap / Multi Cap / ELSS / Focused,2019-01-31,9003.8496
^CRSLDX,Nifty 500,Flexi Cap / Multi Cap / ELSS / Focused,2019-02-01,9056.2998
^CRSLDX,Nifty 500,Flexi Cap / Multi Cap / ELSS / Focused,2019-02-04,9042.0
^CRSLDX,Nifty 500,Flexi Cap / Multi Cap / ELSS / Focused,2019-02-05,9033.5996
^CRSLDX,Nifty 500,Flexi Cap / Multi Cap / ELSS / Focused,2019-02-06,9118.7002
^CRSLDX,Nifty 500,Flexi Cap / Multi Cap / ELSS / Focused,2019-02-07,9145.7998
^CRSLDX,Nifty 500,Flexi Cap / Multi Cap / ELSS / Focused,2019-02-08,9036.9004
^CRSLDX,Nifty 500,Flexi Cap / Multi Cap / ELSS / Focused,2019-02-11,8967.1504
^CRSLDX,Nifty 500,Flexi Cap / Multi Cap / ELSS / Focused,2019-02-12,8925.2998
^CRSLDX,Nifty 500,Flexi Cap / Multi Cap / ELSS / Focused,2019-02-14,8869.2998
^CRSLDX,Nifty 500,Flexi Cap / Multi Cap / ELSS / Focused,2019-02-15,8827.0498
^CRSLDX,Nifty 500,Flexi Cap / Multi Cap / ELSS / Focused,2019-02-18,8754.3496
^CRSLDX,Nifty 500,Flexi Cap / Multi Cap / ELSS / Focused,2019-02-19,8742.2998
^CRSLDX,Nifty 500,Flexi Cap / Multi Cap / ELSS / Focused,2019-02-20,8845.5996
^CRSLDX,Nifty 500,Flexi Cap / Multi Cap / ELSS / Focused,2019-02-21,8901.7002
^CRSLDX,Nifty 500,Flexi Cap / Multi Cap / ELSS / Focused,2019-02-22,8919.75
^CRSLDX,Nifty 500,Flexi Cap / Multi Cap / ELSS / Focused,2019-02-25,8983.8496
^CRSLDX,Nifty 500,Flexi Cap / Multi Cap / ELSS / Focused,2019-02-26,8953.1504
^CRSLDX,Nifty 500,Flexi Cap / Multi Cap / ELSS / Focused,2019-02-27,8946.2002
^CRSLDX,Nifty 500,Flexi Cap / Multi Cap / ELSS / Focused,2019-02-28,8955.9502
^CRSLDX,Nifty 500,Flexi Cap / Multi Cap / ELSS / Focused,2019-03-01,9037.5
^CRSLDX,Nifty 500,Flexi Cap / Multi Cap / ELSS / Focused,2019-03-05,9173.5996
^CRSLDX,Nifty 500,Flexi Cap / Multi Cap / ELSS / Focused,2019-03-06,9230.4502
^CRSLDX,Nifty 500,Flexi Cap / Multi Cap / ELSS / Focused,2019-03-07,9225.3496
^CRSLDX,Nifty 500,Flexi Cap / Multi Cap / ELSS / Focused,2019-03-08,9211.0498
^CRSLDX,Nifty 500,Flexi Cap / Multi Cap / ELSS / Focused,2019-03-11,9345.5996
^CRSLDX,Nifty 500,Flexi Cap / Multi Cap / ELSS / Focused,2019-03-12,9440.8496
^CRSLDX,Nifty 500,Flexi Cap / Multi Cap / ELSS / Focused,2019-03-13,9450.25
^CRSLDX,Nifty 500,Flexi Cap / Multi Cap / ELSS / Focused,2019-03-14,9447.2002
^CRSLDX,Nifty 500,Flexi Cap / Multi Cap / ELSS / Focused,2019-03-15,9499.4004
^CRSLDX,Nifty 500,Flexi Cap / Multi Cap / ELSS / Focused,2019-03-18,9516.7002
^CRSLDX,Nifty 500,Flexi Cap / Multi Cap / ELSS / Focused,2019-03-19,9570.1504
^CRSLDX,Nifty 500,Flexi Cap / Multi Cap / ELSS / Focused,2019-03-20,9553.0
^CRSLDX,Nifty 500,Flexi Cap / Multi Cap / ELSS / Focused,2019-03-22,9500.0498
^CRSLDX,Nifty 500,Flexi Cap / Multi Cap / ELSS / Focused,2019-03-25,9411.6504
^CRSLDX,Nifty 500,Flexi Cap / Multi Cap / ELSS / Focused,2019-03-26,9512.5996
^CRSLDX,Nifty 500,Flexi Cap / Multi Cap / ELSS / Focused,2019-03-27,9501.7998
^CRSLDX,Nifty 500,Flexi Cap / Multi Cap / ELSS / Focused,2019-03-28,9601.9502
^CRSLDX,Nifty 500,Flexi Cap / Multi Cap / ELSS / Focused,2019-04-01,9702.0
^CRSLDX,Nifty 500,Flexi Cap / Multi Cap / ELSS / Focused,2019-04-02,9720.7998
^CRSLDX,Nifty 500,Flexi Cap / Multi Cap / ELSS / Focused,2019-04-03,9658.4004
^CRSLDX,Nifty 500,Flexi Cap / Multi Cap / ELSS / Focused,2019-04-04,9626.6504
^CRSLDX,Nifty 500,Flexi Cap / Multi Cap / ELSS / Focused,2019-04-05,9684.9502
^CRSLDX,Nifty 500,Flexi Cap / Multi Cap / ELSS / Focused,2019-04-08,9634.4004
^CRSLDX,Nifty 500,Flexi Cap / Multi Cap / ELSS / Focused,2019-04-09,9677.75
^CRSLDX,Nifty 500,Flexi Cap / Multi Cap / ELSS / Focused,2019-04-10,9622.9502
^CRSLDX,Nifty 500,Flexi Cap / Multi Cap / ELSS / Focused,2019-04-11,9634.5498
^CRSLDX,Nifty 500,Flexi Cap / Multi Cap / ELSS / Focused,2019-04-12,9674.5996
^CRSLDX,Nifty 500,Flexi Cap / Multi Cap / ELSS / Focused,2019-04-15,9716.5
^CRSLDX,Nifty 500,Flexi Cap / Multi Cap / ELSS / Focused,2019-04-16,9781.4004
^CRSLDX,Nifty 500,Flexi Cap / Multi Cap / ELSS / Focused,2019-04-18,9738.7002
^CRSLDX,Nifty 500,Flexi Cap / Multi Cap / ELSS / Focused,2019-04-22,9599.7998
^CRSLDX,Nifty 500,Flexi Cap / Multi Cap / ELSS / Focused,2019-04-23,9587.2998
^CRSLDX,Nifty 500,Flexi Cap / Multi Cap / ELSS / Focused,2019-04-24,9687.5498
^CRSLDX,Nifty 500,Flexi Cap / Multi Cap / ELSS / Focused,2019-04-25,9628.7998
^CRSLDX,Nifty 500,Flexi Cap / Multi Cap / ELSS / Focused,2019-04-26,9689.7002
^CRSLDX,Nifty 500,Flexi Cap / Multi Cap / ELSS / Focused,2019-04-30,9664.2998
^CRSLDX,Nifty 500,Flexi Cap / Multi Cap / ELSS / Focused,2019-05-02,9637.5
^CRSLDX,Nifty 500,Flexi Cap / Multi Cap / ELSS / Focused,2019-05-03,9624.5498
^CRSLDX,Nifty 500,Flexi Cap / Multi Cap / ELSS / Focused,2019-05-06,9532.4502
^CRSLDX,Nifty 500,Flexi Cap / Multi Cap / ELSS / Focused,2019-05-07,9450.7998
^CRSLDX,Nifty 500,Flexi Cap / Multi Cap / ELSS / Focused,2019-05-08,9340.25
^CRSLDX,Nifty 500,Flexi Cap / Multi Cap / ELSS / Focused,2019-05-09,9299.75
^CRSLDX,Nifty 500,Flexi Cap / Multi Cap / ELSS / Focused,2019-05-10,9290.2002
^CRSLDX,Nifty 500,Flexi Cap / Multi Cap / ELSS / Focused,2019-05-13,9159.9502
^CRSLDX,Nifty 500,Flexi Cap / Multi Cap / ELSS / Focused,2019-05-14,9212.3496
^CRSLDX,Nifty 500,Flexi Cap / Multi Cap / ELSS / Focused,2019-05-15,9160.0996
^CRSLDX,Nifty 500,Flexi Cap / Multi Cap / ELSS / Focused,2019-05-16,9221.6504
^CRSLDX,Nifty 500,Flexi Cap / Multi Cap / ELSS / Focused,2019-05-17,9329.7002
^CRSLDX,Nifty 500,Flexi Cap / Multi Cap / ELSS / Focused,2019-05-20,9671.9004
^CRSLDX,Nifty 500,Flexi Cap / Multi Cap / ELSS / Focused,2019-05-21,9578.8496
^CRSLDX,Nifty 500,Flexi Cap / Multi Cap / ELSS / Focused,2019-05-22,9598.2002
^CRSLDX,Nifty 500,Flexi Cap / Multi Cap / ELSS / Focused,2019-05-23,9552.75
^CRSLDX,Nifty 500,Flexi Cap / Multi Cap / ELSS / Focused,2019-05-24,9722.0498
^CRSLDX,Nifty 500,Flexi Cap / Multi Cap / ELSS / Focused,2019-05-27,9804.9004
^CRSLDX,Nifty 500,Flexi Cap / Multi Cap / ELSS / Focused,2019-05-28,9815.5
^CRSLDX,Nifty 500,Flexi Cap / Multi Cap / ELSS / Focused,2019-05-29,9757.1504
^CRSLDX,Nifty 500,Flexi Cap / Multi Cap / ELSS / Focused,2019-05-30,9815.2998
^CRSLDX,Nifty 500,Flexi Cap / Multi Cap / ELSS / Focused,2019-05-31,9805.0498
^CRSLDX,Nifty 500,Flexi Cap / Multi Cap / ELSS / Focused,2019-06-03,9922.5996
^CRSLDX,Nifty 500,Flexi Cap / Multi Cap / ELSS / Focused,2019-06-04,9876.2002
^CRSLDX,Nifty 500,Flexi Cap / Multi Cap / ELSS / Focused,2019-06-06,9722.5
^CRSLDX,Nifty 500,Flexi Cap / Multi Cap / ELSS / Focused,2019-06-07,9735.8496
^CRSLDX,Nifty 500,Flexi Cap / Multi Cap / ELSS / Focused,2019-06-10,9765.8496
^CRSLDX,Nifty 500,Flexi Cap / Multi Cap / ELSS / Focused,2019-06-11,9805.0996
^CRSLDX,Nifty 500,Flexi Cap / Multi Cap / ELSS / Focused,2019-06-12,9749.9502
^CRSLDX,Nifty 500,Flexi Cap / Multi Cap / ELSS / Focused,2019-06-13,9747.0498
^CRSLDX,Nifty 500,Flexi Cap / Multi Cap / ELSS / Focused,2019-06-14,9669.9502
^CRSLDX,Nifty 500,Flexi Cap / Multi Cap / ELSS / Focused,2019-06-17,9543.5996
^CRSLDX,Nifty 500,Flexi Cap / Multi Cap / ELSS / Focused,2019-06-18,9551.3496
^CRSLDX,Nifty 500,Flexi Cap / Multi Cap / ELSS / Focused,2019-06-19,9526.2002
^CRSLDX,Nifty 500,Flexi Cap / Multi Cap / ELSS / Focused,2019-06-20,9646.0
^CRSLDX,Nifty 500,Flexi Cap / Multi Cap / ELSS / Focused,2019-06-21,9581.5996
^CRSLDX,Nifty 500,Flexi Cap / Multi Cap / ELSS / Focused,2019-06-24,9564.0996
^CRSLDX,Nifty 500,Flexi Cap / Multi Cap / ELSS / Focused,2019-06-25,9632.8496
^CRSLDX,Nifty 500,Flexi Cap / Multi Cap / ELSS / Focused,2019-06-26,9682.7998
^CRSLDX,Nifty 500,Flexi Cap / Multi Cap / ELSS / Focused,2019-06-27,9692.3496
^CRSLDX,Nifty 500,Flexi Cap / Multi Cap / ELSS / Focused,2019-06-28,9657.9502
^CRSLDX,Nifty 500,Flexi Cap / Multi Cap / ELSS / Focused,2019-07-01,9713.0
^CRSLDX,Nifty 500,Flexi Cap / Multi Cap / ELSS / Focused,2019-07-02,9744.8496
^CRSLDX,Nifty 500,Flexi Cap / Multi Cap / ELSS / Focused,2019-07-03,9757.2998
^CRSLDX,Nifty 500,Flexi Cap / Multi Cap / ELSS / Focused,2019-07-04,9776.7998
^CRSLDX,Nifty 500,Flexi Cap / Multi Cap / ELSS / Focused,2019-07-05,9657.6504
^CRSLDX,Nifty 500,Flexi Cap / Multi Cap / ELSS / Focused,2019-07-08,9447.7998
^CRSLDX,Nifty 500,Flexi Cap / Multi Cap / ELSS / Focused,2019-07-09,9455.6504
^CRSLDX,Nifty 500,Flexi Cap / Multi Cap / ELSS / Focused,2019-07-10,9400.0996
^CRSLDX,Nifty 500,Flexi Cap / Multi Cap / ELSS / Focused,2019-07-11,9466.4004
^CRSLDX,Nifty 500,Flexi Cap / Multi Cap / ELSS / Focused,2019-07-12,9457.75
^CRSLDX,Nifty 500,Flexi Cap / Multi Cap / ELSS / Focused,2019-07-15,9469.1504
^CRSLDX,Nifty 500,Flexi Cap / Multi Cap / ELSS / Focused,2019-07-16,9529.8496
^CRSLDX,Nifty 500,Flexi Cap / Multi Cap / ELSS / Focused,2019-07-17,9543.3496
^CRSLDX,Nifty 500,Flexi Cap / Multi Cap / ELSS / Focused,2019-07-18,9456.1504
^CRSLDX,Nifty 500,Flexi Cap / Multi Cap / ELSS / Focused,2019-07-19,9304.6504
^CRSLDX,Nifty 500,Flexi Cap / Multi Cap / ELSS / Focused,2019-07-22,9247.75
^CRSLDX,Nifty 500,Flexi Cap / Multi Cap / ELSS / Focused,2019-07-23,9233.5498
^CRSLDX,Nifty 500,Flexi Cap / Multi Cap / ELSS / Focused,2019-07-24,9160.4502
^CRSLDX,Nifty 500,Flexi Cap / Multi Cap / ELSS / Focused,2019-07-25,9159.1504
^CRSLDX,Nifty 500,Flexi Cap / Multi Cap / ELSS / Focused,2019-07-26,9192.5996
^CRSLDX,Nifty 500,Flexi Cap / Multi Cap / ELSS / Focused,2019-07-29,9108.9004
^CRSLDX,Nifty 500,Flexi Cap / Multi Cap / ELSS / Focused,2019-07-30,9004.0498
^CRSLDX,Nifty 500,Flexi Cap / Multi Cap / ELSS / Focused,2019-07-31,9044.9502
^CRSLDX,Nifty 500,Flexi Cap / Multi Cap / ELSS / Focused,2019-08-01,8935.75
^CRSLDX,Nifty 500,Flexi Cap / Multi Cap / ELSS / Focused,2019-08-02,8943.9502
^CRSLDX,Nifty 500,Flexi Cap / Multi Cap / ELSS / Focused,2019-08-05,8831.9502
^CRSLDX,Nifty 500,Flexi Cap / Multi Cap / ELSS / Focused,2019-08-06,8918.5996
^CRSLDX,Nifty 500,Flexi Cap / Multi Cap / ELSS / Focused,2019-08-07,8854.6504
^CRSLDX,Nifty 500,Flexi Cap / Multi Cap / ELSS / Focused,2019-08-08,8979.6504
^CRSLDX,Nifty 500,Flexi Cap / Multi Cap / ELSS / Focused,2019-08-09,9046.5498
^CRSLDX,Nifty 500,Flexi Cap / Multi Cap / ELSS / Focused,2019-08-13,8890.0996
^CRSLDX,Nifty 500,Flexi Cap / Multi Cap / ELSS / Focused,2019-08-14,8971.0996
^CRSLDX,Nifty 500,Flexi Cap / Multi Cap / ELSS / Focused,2019-08-16,8988.7998
^CRSLDX,Nifty 500,Flexi Cap / Multi Cap / ELSS / Focused,2019-08-19,8997.9502
^CRSLDX,Nifty 500,Flexi Cap / Multi Cap / ELSS / Focused,2019-08-20,8957.4004
^CRSLDX,Nifty 500,Flexi Cap / Multi Cap / ELSS / Focused,2019-08-21,8864.5
^CRSLDX,Nifty 500,Flexi Cap / Multi Cap / ELSS / Focused,2019-08-22,8719.25
^CRSLDX,Nifty 500,Flexi Cap / Multi Cap / ELSS / Focused,2019-08-23,8790.5498
^CRSLDX,Nifty 500,Flexi Cap / Multi Cap / ELSS / Focused,2019-08-26,8964.7002
^CRSLDX,Nifty 500,Flexi Cap / Multi Cap / ELSS / Focused,2019-08-27,9022.25
^CRSLDX,Nifty 500,Flexi Cap / Multi Cap / ELSS / Focused,2019-08-28,8970.9004
^CRSLDX,Nifty 500,Flexi Cap / Multi Cap / ELSS / Focused,2019-08-29,8906.0996
^CRSLDX,Nifty 500,Flexi Cap / Multi Cap / ELSS / Focused,2019-08-30,8977.5498
^CRSLDX,Nifty 500,Flexi Cap / Multi Cap / ELSS / Focused,2019-09-03,8802.3496
^CRSLDX,Nifty 500,Flexi Cap / Multi Cap / ELSS / Focused,2019-09-04,8833.0996
^CRSLDX,Nifty 500,Flexi Cap / Multi Cap / ELSS / Focused,2019-09-05,8846.2998
^CRSLDX,Nifty 500,Flexi Cap / Multi Cap / ELSS / Focused,2019-09-06,8920.4004
^CRSLDX,Nifty 500,Flexi Cap / Multi Cap / ELSS / Focused,2019-09-09,8972.4004
^CRSLDX,Nifty 500,Flexi Cap / Multi Cap / ELSS / Focused,2019-09-11,9015.1504
^CRSLDX,Nifty 500,Flexi Cap / Multi Cap / ELSS / Focused,2019-09-12,8981.5996
^CRSLDX,Nifty 500,Flexi Cap / Multi Cap / ELSS / Focused,2019-09-13,9050.8496
^CRSLDX,Nifty 500,Flexi Cap / Multi Cap / ELSS / Focused,2019-09-16,9009.1504
^CRSLDX,Nifty 500,Flexi Cap / Multi Cap / ELSS / Focused,2019-09-17,8853.9004
^CRSLDX,Nifty 500,Flexi Cap / Multi Cap / ELSS / Focused,2019-09-18,8877.7002
^CRSLDX,Nifty 500,Flexi Cap / Multi Cap / ELSS / Focused,2019-09-19,8766.4502
^CRSLDX,Nifty 500,Flexi Cap / Multi Cap / ELSS / Focused,2019-09-20,9230.5
^CRSLDX,Nifty 500,Flexi Cap / Multi Cap / ELSS / Focused,2019-09-23,9486.5996
^CRSLDX,Nifty 500,Flexi Cap / Multi Cap / ELSS / Focused,2019-09-24,9474.75
^CRSLDX,Nifty 500,Flexi Cap / Multi Cap / ELSS / Focused,2019-09-25,9344.1504
^CRSLDX,Nifty 500,Flexi Cap / Multi Cap / ELSS / Focused,2019-09-26,9443.7998
^CRSLDX,Nifty 500,Flexi Cap / Multi Cap / ELSS / Focused,2019-09-27,9395.5996
^CRSLDX,Nifty 500,Flexi Cap / Multi Cap / ELSS / Focused,2019-09-30,9340.9004
^CRSLDX,Nifty 500,Flexi Cap / Multi Cap / ELSS / Focused,2019-10-01,9236.4004
^CRSLDX,Nifty 500,Flexi Cap / Multi Cap / ELSS / Focused,2019-10-03,9198.4004
^CRSLDX,Nifty 500,Flexi Cap / Multi Cap / ELSS / Focused,2019-10-04,9091.6504
^CRSLDX,Nifty 500,Flexi Cap / Multi Cap / ELSS / Focused,2019-10-07,9040.6504
^CRSLDX,Nifty 500,Flexi Cap / Multi Cap / ELSS / Focused,2019-10-09,9177.9502
^CRSLDX,Nifty 500,Flexi Cap / Multi Cap / ELSS / Focused,2019-10-10,9112.75
^CRSLDX,Nifty 500,Flexi Cap / Multi Cap / ELSS / Focused,2019-10-11,9161.4004
^CRSLDX,Nifty 500,Flexi Cap / Multi Cap / ELSS / Focused,2019-10-14,9192.6504
^CRSLDX,Nifty 500,Flexi Cap / Multi Cap / ELSS / Focused,2019-10-15,9253.8496
^CRSLDX,Nifty 500,Flexi Cap / Multi Cap / ELSS / Focused,2019-10-16,9281.8496
^CRSLDX,Nifty 500,Flexi Cap / Multi Cap / ELSS / Focused,2019-10-17,9391.0
^CRSLDX,Nifty 500,Flexi Cap / Multi Cap / ELSS / Focused,2019-10-18,9479.2002
^CRSLDX,Nifty 500,Flexi Cap / Multi Cap / ELSS / Focused,2019-10-22,9448.25
^CRSLDX,Nifty 500,Flexi Cap / Multi Cap / ELSS / Focused,2019-10-23,9458.6504
^CRSLDX,Nifty 500,Flexi Cap / Multi Cap / ELSS / Focused,2019-10-24,9437.6504
^CRSLDX,Nifty 500,Flexi Cap / Multi Cap / ELSS / Focused,2019-10-25,9431.0996
^CRSLDX,Nifty 500,Flexi Cap / Multi Cap / ELSS / Focused,2019-10-29,9598.3496
^CRSLDX,Nifty 500,Flexi Cap / Multi Cap / ELSS / Focused,2019-10-30,9647.5498
^CRSLDX,Nifty 500,Flexi Cap / Multi Cap / ELSS / Focused,2019-10-31,9689.6504
^CRSLDX,Nifty 500,Flexi Cap / Multi Cap / ELSS / Focused,2019-11-01,9704.0
^CRSLDX,Nifty 500,Flexi Cap / Multi Cap / ELSS / Focused,2019-11-04,9732.4004
^CRSLDX,Nifty 500,Flexi Cap / Multi Cap / ELSS / Focused,2019-11-05,9694.0498
^CRSLDX,Nifty 500,Flexi Cap / Multi Cap / ELSS / Focused,2019-11-06,9721.3496
^CRSLDX,Nifty 500,Flexi Cap / Multi Cap / ELSS / Focused,2019-11-07,9764.2998
^CRSLDX,Nifty 500,Flexi Cap / Multi Cap / ELSS / Focused,2019-11-08,9683.2998
^CRSLDX,Nifty 500,Flexi Cap / Multi Cap / ELSS / Focused,2019-11-11,9695.8496
^CRSLDX,Nifty 500,Flexi Cap / Multi Cap / ELSS / Focused,2019-11-13,9633.9502
^CRSLDX,Nifty 500,Flexi Cap / Multi Cap / ELSS / Focused,2019-11-14,9650.4004
^CRSLDX,Nifty 500,Flexi Cap / Multi Cap / ELSS / Focused,2019-11-15,9667.2998
^CRSLDX,Nifty 500,Flexi Cap / Multi Cap / ELSS / Focused,2019-11-18,9668.5996
^CRSLDX,Nifty 500,Flexi Cap / Multi Cap / ELSS / Focused,2019-11-19,9702.1504
^CRSLDX,Nifty 500,Flexi Cap / Multi Cap / ELSS / Focused,2019-11-20,9744.9004
^CRSLDX,Nifty 500,Flexi Cap / Multi Cap / ELSS / Focused,2019-11-21,9712.3496
^CRSLDX,Nifty 500,Flexi Cap / Multi Cap / ELSS / Focused,2019-11-22,9679.2998
^CRSLDX,Nifty 500,Flexi Cap / Multi Cap / ELSS / Focused,2019-11-25,9802.0498
^CRSLDX,Nifty 500,Flexi Cap / Multi Cap / ELSS / Focused,2019-11-26,9762.8496
^CRSLDX,Nifty 500,Flexi Cap / Multi Cap / ELSS / Focused,2019-11-27,9815.9502
^CRSLDX,Nifty 500,Flexi Cap / Multi Cap / ELSS / Focused,2019-11-28,9869.75
^CRSLDX,Nifty 500,Flexi Cap / Multi Cap / ELSS / Focused,2019-11-29,9813.6504
^CRSLDX,Nifty 500,Flexi Cap / Multi Cap / ELSS / Focused,2019-12-02,9798.0
^CRSLDX,Nifty 500,Flexi Cap / Multi Cap / ELSS / Focused,2019-12-03,9743.1504
^CRSLDX,Nifty 500,Flexi Cap / Multi Cap / ELSS / Focused,2019-12-04,9782.0996
^CRSLDX,Nifty 500,Flexi Cap / Multi Cap / ELSS / Focused,2019-12-05,9757.5996
^CRSLDX,Nifty 500,Flexi Cap / Multi Cap / ELSS / Focused,2019-12-06,9669.4004
^CRSLDX,Nifty 500,Flexi Cap / Multi Cap / ELSS / Focused,2019-12-09,9671.4502
^CRSLDX,Nifty 500,Flexi Cap / Multi Cap / ELSS / Focused,2019-12-10,9595.4004
^CRSLDX,Nifty 500,Flexi Cap / Multi Cap / ELSS / Focused,2019-12-11,9636.25
^CRSLDX,Nifty 500,Flexi Cap / Multi Cap / ELSS / Focused,2019-12-12,9691.1504
^CRSLDX,Nifty 500,Flexi Cap / Multi Cap / ELSS / Focused,2019-12-13,9783.5996
^CRSLDX,Nifty 500,Flexi Cap / Multi Cap / ELSS / Focused,2019-12-16,9753.0
^CRSLDX,Nifty 500,Flexi Cap / Multi Cap / ELSS / Focused,2019-12-17,9831.3496
^CRSLDX,Nifty 500,Flexi Cap / Multi Cap / ELSS / Focused,2019-12-18,9864.5498
^CRSLDX,Nifty 500,Flexi Cap / Multi Cap / ELSS / Focused,2019-12-19,9892.2998
^CRSLDX,Nifty 500,Flexi Cap / Multi Cap / ELSS / Focused,2019-12-20,9905.3496
^CRSLDX,Nifty 500,Flexi Cap / Multi Cap / ELSS / Focused,2019-12-23,9897.6504
^CRSLDX,Nifty 500,Flexi Cap / Multi Cap / ELSS / Focused,2019-12-24,9868.4004
^CRSLDX,Nifty 500,Flexi Cap / Multi Cap / ELSS / Focused,2019-12-26,9817.2002
^CRSLDX,Nifty 500,Flexi Cap / Multi Cap / ELSS / Focused,2019-12-27,9908.7002
^CRSLDX,Nifty 500,Flexi Cap / Multi Cap / ELSS / Focused,2019-12-30,9924.7002
^CRSLDX,Nifty 500,Flexi Cap / Multi Cap / ELSS / Focused,2019-12-31,9872.5498
^CRSLDX,Nifty 500,Flexi Cap / Multi Cap / ELSS / Focused,2020-01-01,9888.5498
^CRSLDX,Nifty 500,Flexi Cap / Multi Cap / ELSS / Focused,2020-01-02,9980.0
^CRSLDX,Nifty 500,Flexi Cap / Multi Cap / ELSS / Focused,2020-01-03,9941.6504
^CRSLDX,Nifty 500,Flexi Cap / Multi Cap / ELSS / Focused,2020-01-06,9747.4004
^CRSLDX,Nifty 500,Flexi Cap / Multi Cap / ELSS / Focused,2020-01-07,9805.4004
^CRSLDX,Nifty 500,Flexi Cap / Multi Cap / ELSS / Focused,2020-01-08,9792.2002
^CRSLDX,Nifty 500,Flexi Cap / Multi Cap / ELSS / Focused,2020-01-09,9943.9004
^CRSLDX,Nifty 500,Flexi Cap / Multi Cap / ELSS / Focused,2020-01-10,9978.0
^CRSLDX,Nifty 500,Flexi Cap / Multi Cap / ELSS / Focused,2020-01-13,10042.5
^CRSLDX,Nifty 500,Flexi Cap / Multi Cap / ELSS / Focused,2020-01-14,10075.8496
^CRSLDX,Nifty 500,Flexi Cap / Multi Cap / ELSS / Focused,2020-01-15,10087.0498
^CRSLDX,Nifty 500,Flexi Cap / Multi Cap / ELSS / Focused,2020-01-16,10110.0498
^CRSLDX,Nifty 500,Flexi Cap / Multi Cap / ELSS / Focused,2020-01-17,10118.7002
^CRSLDX,Nifty 500,Flexi Cap / Multi Cap / ELSS / Focused,2020-01-20,10025.7002
^CRSLDX,Nifty 500,Flexi Cap / Multi Cap / ELSS / Focused,2020-01-21,9987.5498
^CRSLDX,Nifty 500,Flexi Cap / Multi Cap / ELSS / Focused,2020-01-22,9947.0
^CRSLDX,Nifty 500,Flexi Cap / Multi Cap / ELSS / Focused,2020-01-23,10021.4004
^CRSLDX,Nifty 500,Flexi Cap / Multi Cap / ELSS / Focused,2020-01-24,10083.7002
^CRSLDX,Nifty 500,Flexi Cap / Multi Cap / ELSS / Focused,2020-01-27,9999.5996
^CRSLDX,Nifty 500,Flexi Cap / Multi Cap / ELSS / Focused,2020-01-28,9956.9502
^CRSLDX,Nifty 500,Flexi Cap / Multi Cap / ELSS / Focused,2020-01-29,10009.2998
^CRSLDX,Nifty 500,Flexi Cap / Multi Cap / ELSS / Focused,2020-01-30,9919.2002
^CRSLDX,Nifty 500,Flexi Cap / Multi Cap / ELSS / Focused,2020-01-31,9861.4502
^CRSLDX,Nifty 500,Flexi Cap / Multi Cap / ELSS / Focused,2020-02-03,9650.5498
^CRSLDX,Nifty 500,Flexi Cap / Multi Cap / ELSS / Focused,2020-02-04,9853.0498
^CRSLDX,Nifty 500,Flexi Cap / Multi Cap / ELSS / Focused,2020-02-05,9951.3496
^CRSLDX,Nifty 500,Flexi Cap / Multi Cap / ELSS / Focused,2020-02-06,10004.2002
^CRSLDX,Nifty 500,Flexi Cap / Multi Cap / ELSS / Focused,2020-02-07,10000.75
^CRSLDX,Nifty 500,Flexi Cap / Multi Cap / ELSS / Focused,2020-02-10,9945.6504
^CRSLDX,Nifty 500,Flexi Cap / Multi Cap / ELSS / Focused,2020-02-11,9987.0498
^CRSLDX,Nifty 500,Flexi Cap / Multi Cap / ELSS / Focused,2020-02-12,10037.0996
^CRSLDX,Nifty 500,Flexi Cap / Multi Cap / ELSS / Focused,2020-02-13,10017.75
^CRSLDX,Nifty 500,Flexi Cap / Multi Cap / ELSS / Focused,2020-02-14,9961.0498
^CRSLDX,Nifty 500,Flexi Cap / Multi Cap / ELSS / Focused,2020-02-17,9891.0
^CRSLDX,Nifty 500,Flexi Cap / Multi Cap / ELSS / Focused,2020-02-18,9845.5498
^CRSLDX,Nifty 500,Flexi Cap / Multi Cap / ELSS / Focused,2020-02-19,9970.5
^CRSLDX,Nifty 500,Flexi Cap / Multi Cap / ELSS / Focused,2020-02-20,9958.6504
^CRSLDX,Nifty 500,Flexi Cap / Multi Cap / ELSS / Focused,2020-02-24,9758.2002
^CRSLDX,Nifty 500,Flexi Cap / Multi Cap / ELSS / Focused,2020-02-25,9724.7002
^CRSLDX,Nifty 500,Flexi Cap / Multi Cap / ELSS / Focused,2020-02-26,9622.7002
^CRSLDX,Nifty 500,Flexi Cap / Multi Cap / ELSS / Focused,2020-02-27,9579.3496
^CRSLDX,Nifty 500,Flexi Cap / Multi Cap / ELSS / Focused,2020-02-28,9236.0498
^CRSLDX,Nifty 500,Flexi Cap / Multi Cap / ELSS / Focused,2020-03-02,9178.7998
^CRSLDX,Nifty 500,Flexi Cap / Multi Cap / ELSS / Focused,2020-03-03,9324.2998
^CRSLDX,Nifty 500,Flexi Cap / Multi Cap / ELSS / Focused,2020-03-04,9258.25
^CRSLDX,Nifty 500,Flexi Cap / Multi Cap / ELSS / Focused,2020-03-05,9280.1504
^CRSLDX,Nifty 500,Flexi Cap / Multi Cap / ELSS / Focused,2020-03-06,9059.9502
^CRSLDX,Nifty 500,Flexi Cap / Multi Cap / ELSS / Focused,2020-03-09,8631.3496
^CRSLDX,Nifty 500,Flexi Cap / Multi Cap / ELSS / Focused,2020-03-11,8618.0498
^CRSLDX,Nifty 500,Flexi Cap / Multi Cap / ELSS / Focused,2020-03-12,7901.3501
^CRSLDX,Nifty 500,Flexi Cap / Multi Cap / ELSS / Focused,2020-03-13,8163.0
^CRSLDX,Nifty 500,Flexi Cap / Multi Cap / ELSS / Focused,2020-03-16,7591.8999
^CRSLDX,Nifty 500,Flexi Cap / Multi Cap / ELSS / Focused,2020-03-17,7417.6499
^CRSLDX,Nifty 500,Flexi Cap / Multi Cap / ELSS / Focused,2020-03-18,7010.5498
^CRSLDX,Nifty 500,Flexi Cap / Multi Cap / ELSS / Focused,2020-03-19,6807.2002
^CRSLDX,Nifty 500,Flexi Cap / Multi Cap / ELSS / Focused,2020-03-20,7160.1001
^CRSLDX,Nifty 500,Flexi Cap / Multi Cap / ELSS / Focused,2020-03-23,6243.0
^CRSLDX,Nifty 500,Flexi Cap / Multi Cap / ELSS / Focused,2020-03-24,6365.4502
^CRSLDX,Nifty 500,Flexi Cap / Multi Cap / ELSS / Focused,2020-03-25,6724.0
^CRSLDX,Nifty 500,Flexi Cap / Multi Cap / ELSS / Focused,2020-03-26,6993.8501
^CRSLDX,Nifty 500,Flexi Cap / Multi Cap / ELSS / Focused,2020-03-27,7003.2998
^CRSLDX,Nifty 500,Flexi Cap / Multi Cap / ELSS / Focused,2020-03-30,6749.2002
^CRSLDX,Nifty 500,Flexi Cap / Multi Cap / ELSS / Focused,2020-03-31,6996.75
^CRSLDX,Nifty 500,Flexi Cap / Multi Cap / ELSS / Focused,2020-04-01,6761.9502
^CRSLDX,Nifty 500,Flexi Cap / Multi Cap / ELSS / Focused,2020-04-03,6638.4502
^CRSLDX,Nifty 500,Flexi Cap / Multi Cap / ELSS / Focused,2020-04-07,7149.0
^CRSLDX,Nifty 500,Flexi Cap / Multi Cap / ELSS / Focused,2020-04-08,7161.4502
^CRSLDX,Nifty 500,Flexi Cap / Multi Cap / ELSS / Focused,2020-04-09,7441.6499
^CRSLDX,Nifty 500,Flexi Cap / Multi Cap / ELSS / Focused,2020-04-13,7360.3501
^CRSLDX,Nifty 500,Flexi Cap / Multi Cap / ELSS / Focused,2020-04-15,7344.3501
^CRSLDX,Nifty 500,Flexi Cap / Multi Cap / ELSS / Focused,2020-04-16,7412.2998
^CRSLDX,Nifty 500,Flexi Cap / Multi Cap / ELSS / Focused,2020-04-17,7614.3999
^CRSLDX,Nifty 500,Flexi Cap / Multi Cap / ELSS / Focused,2020-04-20,7614.6001
^CRSLDX,Nifty 500,Flexi Cap / Multi Cap / ELSS / Focused,2020-04-21,7395.8501
^CRSLDX,Nifty 500,Flexi Cap / Multi Cap / ELSS / Focused,2020-04-22,7533.7998
^CRSLDX,Nifty 500,Flexi Cap / Multi Cap / ELSS / Focused,2020-04-23,7625.2998
^CRSLDX,Nifty 500,Flexi Cap / Multi Cap / ELSS / Focused,2020-04-24,7493.4502
^CRSLDX,Nifty 500,Flexi Cap / Multi Cap / ELSS / Focused,2020-04-27,7603.9502
^CRSLDX,Nifty 500,Flexi Cap / Multi Cap / ELSS / Focused,2020-04-28,7672.4502
^CRSLDX,Nifty 500,Flexi Cap / Multi Cap / ELSS / Focused,2020-04-29,7797.2002
^CRSLDX,Nifty 500,Flexi Cap / Multi Cap / ELSS / Focused,2020-04-30,8012.8999
^CRSLDX,Nifty 500,Flexi Cap / Multi Cap / ELSS / Focused,2020-05-04,7596.8999
^CRSLDX,Nifty 500,Flexi Cap / Multi Cap / ELSS / Focused,2020-05-05,7523.0498
^CRSLDX,Nifty 500,Flexi Cap / Multi Cap / ELSS / Focused,2020-05-06,7575.5
^CRSLDX,Nifty 500,Flexi Cap / Multi Cap / ELSS / Focused,2020-05-07,7520.8501
^CRSLDX,Nifty 500,Flexi Cap / Multi Cap / ELSS / Focused,2020-05-08,7552.0
^CRSLDX,Nifty 500,Flexi Cap / Multi Cap / ELSS / Focused,2020-05-11,7556.3999
^CRSLDX,Nifty 500,Flexi Cap / Multi Cap / ELSS / Focused,2020-05-12,7520.8999
^CRSLDX,Nifty 500,Flexi Cap / Multi Cap / ELSS / Focused,2020-05-13,7667.0
^CRSLDX,Nifty 500,Flexi Cap / Multi Cap / ELSS / Focused,2020-05-14,7514.5498
^CRSLDX,Nifty 500,Flexi Cap / Multi Cap / ELSS / Focused,2020-05-15,7504.0498
^CRSLDX,Nifty 500,Flexi Cap / Multi Cap / ELSS / Focused,2020-05-18,7245.25
^CRSLDX,Nifty 500,Flexi Cap / Multi Cap / ELSS / Focused,2020-05-19,7284.5
^CRSLDX,Nifty 500,Flexi Cap / Multi Cap / ELSS / Focused,2020-05-20,7426.8501
^CRSLDX,Nifty 500,Flexi Cap / Multi Cap / ELSS / Focused,2020-05-21,7470.6001
^CRSLDX,Nifty 500,Flexi Cap / Multi Cap / ELSS / Focused,2020-05-22,7416.0
^CRSLDX,Nifty 500,Flexi Cap / Multi Cap / ELSS / Focused,2020-05-26,7424.5
^CRSLDX,Nifty 500,Flexi Cap / Multi Cap / ELSS / Focused,2020-05-27,7595.5498
^CRSLDX,Nifty 500,Flexi Cap / Multi Cap / ELSS / Focused,2020-05-28,7732.25
^CRSLDX,Nifty 500,Flexi Cap / Multi Cap / ELSS / Focused,2020-05-29,7822.3999
^CRSLDX,Nifty 500,Flexi Cap / Multi Cap / ELSS / Focused,2020-06-01,8020.1001
^CRSLDX,Nifty 500,Flexi Cap / Multi Cap / ELSS / Focused,2020-06-02,8137.4502
^CRSLDX,Nifty 500,Flexi Cap / Multi Cap / ELSS / Focused,2020-06-03,8203.0
^CRSLDX,Nifty 500,Flexi Cap / Multi Cap / ELSS / Focused,2020-06-04,8185.8999
^CRSLDX,Nifty 500,Flexi Cap / Multi Cap / ELSS / Focused,2020-06-05,8299.3496
^CRSLDX,Nifty 500,Flexi Cap / Multi Cap / ELSS / Focused,2020-06-08,8323.9502
^CRSLDX,Nifty 500,Flexi Cap / Multi Cap / ELSS / Focused,2020-06-09,8238.0996
^CRSLDX,Nifty 500,Flexi Cap / Multi Cap / ELSS / Focused,2020-06-10,8293.3496
^CRSLDX,Nifty 500,Flexi Cap / Multi Cap / ELSS / Focused,2020-06-11,8137.0
^CRSLDX,Nifty 500,Flexi Cap / Multi Cap / ELSS / Focused,2020-06-12,8196.4004
^CRSLDX,Nifty 500,Flexi Cap / Multi Cap / ELSS / Focused,2020-06-15,8086.4502
^CRSLDX,Nifty 500,Flexi Cap / Multi Cap / ELSS / Focused,2020-06-16,8152.2998
^CRSLDX,Nifty 500,Flexi Cap / Multi Cap / ELSS / Focused,2020-06-17,8140.4502
^CRSLDX,Nifty 500,Flexi Cap / Multi Cap / ELSS / Focused,2020-06-18,8283.6504
^CRSLDX,Nifty 500,Flexi Cap / Multi Cap / ELSS / Focused,2020-06-19,8403.4004
^CRSLDX,Nifty 500,Flexi Cap / Multi Cap / ELSS / Focused,2020-06-22,8486.4502
^CRSLDX,Nifty 500,Flexi Cap / Multi Cap / ELSS / Focused,2020-06-23,8621.0996
^CRSLDX,Nifty 500,Flexi Cap / Multi Cap / ELSS / Focused,2020-06-24,8496.25
^CRSLDX,Nifty 500,Flexi Cap / Multi Cap / ELSS / Focused,2020-06-25,8499.9004
^CRSLDX,Nifty 500,Flexi Cap / Multi Cap / ELSS / Focused,2020-06-26,8559.0
^CRSLDX,Nifty 500,Flexi Cap / Multi Cap / ELSS / Focused,2020-06-29,8488.0498
^CRSLDX,Nifty 500,Flexi Cap / Multi Cap / ELSS / Focused,2020-06-30,8474.7998
^CRSLDX,Nifty 500,Flexi Cap / Multi Cap / ELSS / Focused,2020-07-01,8554.75
^CRSLDX,Nifty 500,Flexi Cap / Multi Cap / ELSS / Focused,2020-07-02,8647.8496
^CRSLDX,Nifty 500,Flexi Cap / Multi Cap / ELSS / Focused,2020-07-03,8696.25
^CRSLDX,Nifty 500,Flexi Cap / Multi Cap / ELSS / Focused,2020-07-06,8815.7002
^CRSLDX,Nifty 500,Flexi Cap / Multi Cap / ELSS / Focused,2020-07-07,8850.2998
^CRSLDX,Nifty 500,Flexi Cap / Multi Cap / ELSS / Focused,2020-07-08,8785.0
^CRSLDX,Nifty 500,Flexi Cap / Multi Cap / ELSS / Focused,2020-07-09,8851.5
^CRSLDX,Nifty 500,Flexi Cap / Multi Cap / ELSS / Focused,2020-07-10,8813.9502
^CRSLDX,Nifty 500,Flexi Cap / Multi Cap / ELSS / Focused,2020-07-13,8834.2002
^CRSLDX,Nifty 500,Flexi Cap / Multi Cap / ELSS / Focused,2020-07-14,8693.3496
^CRSLDX,Nifty 500,Flexi Cap / Multi Cap / ELSS / Focused,2020-07-15,8689.8496
^CRSLDX,Nifty 500,Flexi Cap / Multi Cap / ELSS / Focused,2020-07-16,8766.5996
^CRSLDX,Nifty 500,Flexi Cap / Multi Cap / ELSS / Focused,2020-07-17,8895.2998
^CRSLDX,Nifty 500,Flexi Cap / Multi Cap / ELSS / Focused,2020-07-20,8985.0996
^CRSLDX,Nifty 500,Flexi Cap / Multi Cap / ELSS / Focused,2020-07-21,9070.5996
^CRSLDX,Nifty 500,Flexi Cap / Multi Cap / ELSS / Focused,2020-07-22,9046.5996
^CRSLDX,Nifty 500,Flexi Cap / Multi Cap / ELSS / Focused,2020-07-23,9114.0498
^CRSLDX,Nifty 500,Flexi Cap / Multi Cap / ELSS / Focused,2020-07-24,9085.9502
^CRSLDX,Nifty 500,Flexi Cap / Multi Cap / ELSS / Focused,2020-07-27,9024.9004
^CRSLDX,Nifty 500,Flexi Cap / Multi Cap / ELSS / Focused,2020-07-28,9141.75
^CRSLDX,Nifty 500,Flexi Cap / Multi Cap / ELSS / Focused,2020-07-29,9096.0996
^CRSLDX,Nifty 500,Flexi Cap / Multi Cap / ELSS / Focused,2020-07-30,9031.7002
^CRSLDX,Nifty 500,Flexi Cap / Multi Cap / ELSS / Focused,2020-07-31,9035.75
^CRSLDX,Nifty 500,Flexi Cap / Multi Cap / ELSS / Focused,2020-08-03,8932.0498
^CRSLDX,Nifty 500,Flexi Cap / Multi Cap / ELSS / Focused,2020-08-04,9074.9502
^CRSLDX,Nifty 500,Flexi Cap / Multi Cap / ELSS / Focused,2020-08-05,9088.75
^CRSLDX,Nifty 500,Flexi Cap / Multi Cap / ELSS / Focused,2020-08-06,9169.0996
^CRSLDX,Nifty 500,Flexi Cap / Multi Cap / ELSS / Focused,2020-08-07,9198.6504
^CRSLDX,Nifty 500,Flexi Cap / Multi Cap / ELSS / Focused,2020-08-10,9268.5498
^CRSLDX,Nifty 500,Flexi Cap / Multi Cap / ELSS / Focused,2020-08-11,9291.0
^CRSLDX,Nifty 500,Flexi Cap / Multi Cap / ELSS / Focused,2020-08-12,9284.7998
^CRSLDX,Nifty 500,Flexi Cap / Multi Cap / ELSS / Focused,2020-08-13,9307.8496
^CRSLDX,Nifty 500,Flexi Cap / Multi Cap / ELSS / Focused,2020-08-14,9214.4004
^CRSLDX,Nifty 500,Flexi Cap / Multi Cap / ELSS / Focused,2020-08-17,9267.9004
^CRSLDX,Nifty 500,Flexi Cap / Multi Cap / ELSS / Focused,2020-08-18,9382.0498
^CRSLDX,Nifty 500,Flexi Cap / Multi Cap / ELSS / Focused,2020-08-19,9412.5498
^CRSLDX,Nifty 500,Flexi Cap / Multi Cap / ELSS / Focused,2020-08-20,9368.75
^CRSLDX,Nifty 500,Flexi Cap / Multi Cap / ELSS / Focused,2020-08-21,9423.5498
^CRSLDX,Nifty 500,Flexi Cap / Multi Cap / ELSS / Focused,2020-08-24,9498.3496
^CRSLDX,Nifty 500,Flexi Cap / Multi Cap / ELSS / Focused,2020-08-25,9509.25
^CRSLDX,Nifty 500,Flexi Cap / Multi Cap / ELSS / Focused,2020-08-26,9567.1504
^CRSLDX,Nifty 500,Flexi Cap / Multi Cap / ELSS / Focused,2020-08-27,9580.7002
^CRSLDX,Nifty 500,Flexi Cap / Multi Cap / ELSS / Focused,2020-08-28,9641.0498
^CRSLDX,Nifty 500,Flexi Cap / Multi Cap / ELSS / Focused,2020-08-31,9372.0498
^CRSLDX,Nifty 500,Flexi Cap / Multi Cap / ELSS / Focused,2020-09-01,9442.25
^CRSLDX,Nifty 500,Flexi Cap / Multi Cap / ELSS / Focused,2020-09-02,9518.4004
^CRSLDX,Nifty 500,Flexi Cap / Multi Cap / ELSS / Focused,2020-09-03,9534.6504
^CRSLDX,Nifty 500,Flexi Cap / Multi Cap / ELSS / Focused,2020-09-04,9377.9502
^CRSLDX,Nifty 500,Flexi Cap / Multi Cap / ELSS / Focused,2020-09-07,9379.0996
^CRSLDX,Nifty 500,Flexi Cap / Multi Cap / ELSS / Focused,2020-09-08,9329.8496
^CRSLDX,Nifty 500,Flexi Cap / Multi Cap / ELSS / Focused,2020-09-09,9290.2002
^CRSLDX,Nifty 500,Flexi Cap / Multi Cap / ELSS / Focused,2020-09-10,9420.25
^CRSLDX,Nifty 500,Flexi Cap / Multi Cap / ELSS / Focused,2020-09-11,9446.4004
^CRSLDX,Nifty 500,Flexi Cap / Multi Cap / ELSS / Focused,2020-09-14,9493.2998
^CRSLDX,Nifty 500,Flexi Cap / Multi Cap / ELSS / Focused,2020-09-15,9573.3496
^CRSLDX,Nifty 500,Flexi Cap / Multi Cap / ELSS / Focused,2020-09-16,9632.5
^CRSLDX,Nifty 500,Flexi Cap / Multi Cap / ELSS / Focused,2020-09-17,9566.75
^CRSLDX,Nifty 500,Flexi Cap / Multi Cap / ELSS / Focused,2020-09-18,9559.5
^CRSLDX,Nifty 500,Flexi Cap / Multi Cap / ELSS / Focused,2020-09-21,9313.0
^CRSLDX,Nifty 500,Flexi Cap / Multi Cap / ELSS / Focused,2020-09-22,9213.9004
^CRSLDX,Nifty 500,Flexi Cap / Multi Cap / ELSS / Focused,2020-09-23,9194.3496
^CRSLDX,Nifty 500,Flexi Cap / Multi Cap / ELSS / Focused,2020-09-24,8944.75
^CRSLDX,Nifty 500,Flexi Cap / Multi Cap / ELSS / Focused,2020-09-25,9156.0996
^CRSLDX,Nifty 500,Flexi Cap / Multi Cap / ELSS / Focused,2020-09-28,9330.25
^CRSLDX,Nifty 500,Flexi Cap / Multi Cap / ELSS / Focused,2020-09-29,9319.7002
^CRSLDX,Nifty 500,Flexi Cap / Multi Cap / ELSS / Focused,2020-09-30,9341.75
^CRSLDX,Nifty 500,Flexi Cap / Multi Cap / ELSS / Focused,2020-10-01,9461.7002
^CRSLDX,Nifty 500,Flexi Cap / Multi Cap / ELSS / Focused,2020-10-05,9516.2998
^CRSLDX,Nifty 500,Flexi Cap / Multi Cap / ELSS / Focused,2020-10-06,9622.3496
^CRSLDX,Nifty 500,Flexi Cap / Multi Cap / ELSS / Focused,2020-10-07,9654.5
^CRSLDX,Nifty 500,Flexi Cap / Multi Cap / ELSS / Focused,2020-10-08,9711.7998
^CRSLDX,Nifty 500,Flexi Cap / Multi Cap / ELSS / Focused,2020-10-09,9750.1504
^CRSLDX,Nifty 500,Flexi Cap / Multi Cap / ELSS / Focused,2020-10-12,9745.3496
^CRSLDX,Nifty 500,Flexi Cap / Multi Cap / ELSS / Focused,2020-10-13,9736.4502
^CRSLDX,Nifty 500,Flexi Cap / Multi Cap / ELSS / Focused,2020-10-14,9763.4004
^CRSLDX,Nifty 500,Flexi Cap / Multi Cap / ELSS / Focused,2020-10-15,9550.0498
^CRSLDX,Nifty 500,Flexi Cap / Multi Cap / ELSS / Focused,2020-10-16,9626.25
^CRSLDX,Nifty 500,Flexi Cap / Multi Cap / ELSS / Focused,2020-10-19,9709.2998
^CRSLDX,Nifty 500,Flexi Cap / Multi Cap / ELSS / Focused,2020-10-20,9733.0
^CRSLDX,Nifty 500,Flexi Cap / Multi Cap / ELSS / Focused,2020-10-21,9756.5996
^CRSLDX,Nifty 500,Flexi Cap / Multi Cap / ELSS / Focused,2020-10-22,9745.0498
^CRSLDX,Nifty 500,Flexi Cap / Multi Cap / ELSS / Focused,2020-10-23,9780.3496
^CRSLDX,Nifty 500,Flexi Cap / Multi Cap / ELSS / Focused,2020-10-26,9647.6504
^CRSLDX,Nifty 500,Flexi Cap / Multi Cap / ELSS / Focused,2020-10-27,9748.2998
^CRSLDX,Nifty 500,Flexi Cap / Multi Cap / ELSS / Focused,2020-10-28,9632.3496
^CRSLDX,Nifty 500,Flexi Cap / Multi Cap / ELSS / Focused,2020-10-29,9593.4004
^CRSLDX,Nifty 500,Flexi Cap / Multi Cap / ELSS / Focused,2020-10-30,9581.6504
^CRSLDX,Nifty 500,Flexi Cap / Multi Cap / ELSS / Focused,2020-11-02,9595.9502
^CRSLDX,Nifty 500,Flexi Cap / Multi Cap / ELSS / Focused,2020-11-03,9696.2998
^CRSLDX,Nifty 500,Flexi Cap / Multi Cap / ELSS / Focused,2020-11-04,9764.5996
^CRSLDX,Nifty 500,Flexi Cap / Multi Cap / ELSS / Focused,2020-11-05,9935.3496
^CRSLDX,Nifty 500,Flexi Cap / Multi Cap / ELSS / Focused,2020-11-06,10033.5
^CRSLDX,Nifty 500,Flexi Cap / Multi Cap / ELSS / Focused,2020-11-09,10176.3496
^CRSLDX,Nifty 500,Flexi Cap / Multi Cap / ELSS / Focused,2020-11-10,10269.0
^CRSLDX,Nifty 500,Flexi Cap / Multi Cap / ELSS / Focused,2020-11-11,10356.5
^CRSLDX,Nifty 500,Flexi Cap / Multi Cap / ELSS / Focused,2020-11-12,10342.7002
^CRSLDX,Nifty 500,Flexi Cap / Multi Cap / ELSS / Focused,2020-11-13,10387.2002
^CRSLDX,Nifty 500,Flexi Cap / Multi Cap / ELSS / Focused,2020-11-17,10524.0
^CRSLDX,Nifty 500,Flexi Cap / Multi Cap / ELSS / Focused,2020-11-18,10588.3496
^CRSLDX,Nifty 500,Flexi Cap / Multi Cap / ELSS / Focused,2020-11-19,10477.5
^CRSLDX,Nifty 500,Flexi Cap / Multi Cap / ELSS / Focused,2020-11-20,10560.5498
^CRSLDX,Nifty 500,Flexi Cap / Multi Cap / ELSS / Focused,2020-11-23,10635.9502
^CRSLDX,Nifty 500,Flexi Cap / Multi Cap / ELSS / Focused,2020-11-24,10733.5996
^CRSLDX,Nifty 500,Flexi Cap / Multi Cap / ELSS / Focused,2020-11-25,10574.9502
^CRSLDX,Nifty 500,Flexi Cap / Multi Cap / ELSS / Focused,2020-11-26,10674.0498
^CRSLDX,Nifty 500,Flexi Cap / Multi Cap / ELSS / Focused,2020-11-27,10719.0498
^CRSLDX,Nifty 500,Flexi Cap / Multi Cap / ELSS / Focused,2020-12-01,10835.1504
^CRSLDX,Nifty 500,Flexi Cap / Multi Cap / ELSS / Focused,2020-12-02,10858.1504
^CRSLDX,Nifty 500,Flexi Cap / Multi Cap / ELSS / Focused,2020-12-03,10893.5996
^CRSLDX,Nifty 500,Flexi Cap / Multi Cap / ELSS / Focused,2020-12-04,10978.8496
^CRSLDX,Nifty 500,Flexi Cap / Multi Cap / ELSS / Focused,2020-12-07,11070.25
^CRSLDX,Nifty 500,Flexi Cap / Multi Cap / ELSS / Focused,2020-12-08,11088.6504
^CRSLDX,Nifty 500,Flexi Cap / Multi Cap / ELSS / Focused,2020-12-09,11181.2002
^CRSLDX,Nifty 500,Flexi Cap / Multi Cap / ELSS / Focused,2020-12-10,11141.3496
^CRSLDX,Nifty 500,Flexi Cap / Multi Cap / ELSS / Focused,2020-12-11,11171.4004
^CRSLDX,Nifty 500,Flexi Cap / Multi Cap / ELSS / Focused,2020-12-14,11215.25
^CRSLDX,Nifty 500,Flexi Cap / Multi Cap / ELSS / Focused,2020-12-15,11223.9004
^CRSLDX,Nifty 500,Flexi Cap / Multi Cap / ELSS / Focused,2020-12-16,11320.0996
^CRSLDX,Nifty 500,Flexi Cap / Multi Cap / ELSS / Focused,2020-12-17,11346.3496
^CRSLDX,Nifty 500,Flexi Cap / Multi Cap / ELSS / Focused,2020-12-18,11355.0
^CRSLDX,Nifty 500,Flexi Cap / Multi Cap / ELSS / Focused,2020-12-21,10964.25
^CRSLDX,Nifty 500,Flexi Cap / Multi Cap / ELSS / Focused,2020-12-22,11075.75
^CRSLDX,Nifty 500,Flexi Cap / Multi Cap / ELSS / Focused,2020-12-23,11225.5498
^CRSLDX,Nifty 500,Flexi Cap / Multi Cap / ELSS / Focused,2020-12-24,11325.25
^CRSLDX,Nifty 500,Flexi Cap / Multi Cap / ELSS / Focused,2020-12-28,11434.7002
^CRSLDX,Nifty 500,Flexi Cap / Multi Cap / ELSS / Focused,2020-12-29,11467.0
^CRSLDX,Nifty 500,Flexi Cap / Multi Cap / ELSS / Focused,2020-12-30,11509.6504
^CRSLDX,Nifty 500,Flexi Cap / Multi Cap / ELSS / Focused,2020-12-31,11518.2998
^CRSLDX,Nifty 500,Flexi Cap / Multi Cap / ELSS / Focused,2021-01-04,11691.7998
^CRSLDX,Nifty 500,Flexi Cap / Multi Cap / ELSS / Focused,2021-01-05,11767.0
^CRSLDX,Nifty 500,Flexi Cap / Multi Cap / ELSS / Focused,2021-01-06,11737.9004
^CRSLDX,Nifty 500,Flexi Cap / Multi Cap / ELSS / Focused,2021-01-07,11766.0996
^CRSLDX,Nifty 500,Flexi Cap / Multi Cap / ELSS / Focused,2021-01-08,11925.5996
^CRSLDX,Nifty 500,Flexi Cap / Multi Cap / ELSS / Focused,2021-01-11,12006.5
^CRSLDX,Nifty 500,Flexi Cap / Multi Cap / ELSS / Focused,2021-01-12,12058.3496
^CRSLDX,Nifty 500,Flexi Cap / Multi Cap / ELSS / Focused,2021-01-13,12041.0996
^CRSLDX,Nifty 500,Flexi Cap / Multi Cap / ELSS / Focused,2021-01-14,12069.5
^CRSLDX,Nifty 500,Flexi Cap / Multi Cap / ELSS / Focused,2021-01-15,11931.2002
^CRSLDX,Nifty 500,Flexi Cap / Multi Cap / ELSS / Focused,2021-01-18,11776.2002
^CRSLDX,Nifty 500,Flexi Cap / Multi Cap / ELSS / Focused,2021-01-19,11981.8496
^CRSLDX,Nifty 500,Flexi Cap / Multi Cap / ELSS / Focused,2021-01-20,12078.3496
^CRSLDX,Nifty 500,Flexi Cap / Multi Cap / ELSS / Focused,2021-01-21,12015.9502
^CRSLDX,Nifty 500,Flexi Cap / Multi Cap / ELSS / Focused,2021-01-22,11854.5
^CRSLDX,Nifty 500,Flexi Cap / Multi Cap / ELSS / Focused,2021-01-25,11743.7002
^CRSLDX,Nifty 500,Flexi Cap / Multi Cap / ELSS / Focused,2021-01-27,11546.3496
^CRSLDX,Nifty 500,Flexi Cap / Multi Cap / ELSS / Focused,2021-01-28,11442.5498
^CRSLDX,Nifty 500,Flexi Cap / Multi Cap / ELSS / Focused,2021-01-29,11302.4004
^CRSLDX,Nifty 500,Flexi Cap / Multi Cap / ELSS / Focused,2021-02-01,11770.1504
^CRSLDX,Nifty 500,Flexi Cap / Multi Cap / ELSS / Focused,2021-02-02,12053.25
^CRSLDX,Nifty 500,Flexi Cap / Multi Cap / ELSS / Focused,2021-02-03,12174.0498
^CRSLDX,Nifty 500,Flexi Cap / Multi Cap / ELSS / Focused,2021-02-04,12285.8496
^CRSLDX,Nifty 500,Flexi Cap / Multi Cap / ELSS / Focused,2021-02-05,12279.8496
^CRSLDX,Nifty 500,Flexi Cap / Multi Cap / ELSS / Focused,2021-02-08,12441.2998
^CRSLDX,Nifty 500,Flexi Cap / Multi Cap / ELSS / Focused,2021-02-09,12434.2002
^CRSLDX,Nifty 500,Flexi Cap / Multi Cap / ELSS / Focused,2021-02-10,12452.4502
^CRSLDX,Nifty 500,Flexi Cap / Multi Cap / ELSS / Focused,2021-02-11,12514.0996
^CRSLDX,Nifty 500,Flexi Cap / Multi Cap / ELSS / Focused,2021-02-12,12508.5498
^CRSLDX,Nifty 500,Flexi Cap / Multi Cap / ELSS / Focused,2021-02-15,12632.0498
^CRSLDX,Nifty 500,Flexi Cap / Multi Cap / ELSS / Focused,2021-02-16,12647.2002
^CRSLDX,Nifty 500,Flexi Cap / Multi Cap / ELSS / Focused,2021-02-17,12597.4502
^CRSLDX,Nifty 500,Flexi Cap / Multi Cap / ELSS / Focused,2021-02-18,12565.7002
^CRSLDX,Nifty 500,Flexi Cap / Multi Cap / ELSS / Focused,2021-02-19,12438.7998
^CRSLDX,Nifty 500,Flexi Cap / Multi Cap / ELSS / Focused,2021-02-22,12212.5498
^CRSLDX,Nifty 500,Flexi Cap / Multi Cap / ELSS / Focused,2021-02-23,12263.7002
^CRSLDX,Nifty 500,Flexi Cap / Multi Cap / ELSS / Focused,2021-02-24,12455.2002
^CRSLDX,Nifty 500,Flexi Cap / Multi Cap / ELSS / Focused,2021-02-25,12567.8496
^CRSLDX,Nifty 500,Flexi Cap / Multi Cap / ELSS / Focused,2021-02-26,12181.4004
^CRSLDX,Nifty 500,Flexi Cap / Multi Cap / ELSS / Focused,2021-03-01,12368.2998
^CRSLDX,Nifty 500,Flexi Cap / Multi Cap / ELSS / Focused,2021-03-02,12519.4004
^CRSLDX,Nifty 500,Flexi Cap / Multi Cap / ELSS / Focused,2021-03-03,12764.7998
^CRSLDX,Nifty 500,Flexi Cap / Multi Cap / ELSS / Focused,2021-03-04,12688.8496
^CRSLDX,Nifty 500,Flexi Cap / Multi Cap / ELSS / Focused,2021-03-05,12539.0
^CRSLDX,Nifty 500,Flexi Cap / Multi Cap / ELSS / Focused,2021-03-08,12558.9502
^CRSLDX,Nifty 500,Flexi Cap / Multi Cap / ELSS / Focused,2021-03-09,12617.2002
^CRSLDX,Nifty 500,Flexi Cap / Multi Cap / ELSS / Focused,2021-03-10,12691.3496
^CRSLDX,Nifty 500,Flexi Cap / Multi Cap / ELSS / Focused,2021-03-12,12593.9004
^CRSLDX,Nifty 500,Flexi Cap / Multi Cap / ELSS / Focused,2021-03-15,12510.1504
^CRSLDX,Nifty 500,Flexi Cap / Multi Cap / ELSS / Focused,2021-03-16,12512.7002
^CRSLDX,Nifty 500,Flexi Cap / Multi Cap / ELSS / Focused,2021-03-17,12319.9004
^CRSLDX,Nifty 500,Flexi Cap / Multi Cap / ELSS / Focused,2021-03-18,12174.4502
^CRSLDX,Nifty 500,Flexi Cap / Multi Cap / ELSS / Focused,2021-03-19,12314.5
^CRSLDX,Nifty 500,Flexi Cap / Multi Cap / ELSS / Focused,2021-03-22,12338.5996
^CRSLDX,Nifty 500,Flexi Cap / Multi Cap / ELSS / Focused,2021-03-23,12417.2998
^CRSLDX,Nifty 500,Flexi Cap / Multi Cap / ELSS / Focused,2021-03-24,12197.2002
^CRSLDX,Nifty 500,Flexi Cap / Multi Cap / ELSS / Focused,2021-03-25,11993.2998
^CRSLDX,Nifty 500,Flexi Cap / Multi Cap / ELSS / Focused,2021-03-26,12148.9004
^CRSLDX,Nifty 500,Flexi Cap / Multi Cap / ELSS / Focused,2021-03-30,12387.9004
^CRSLDX,Nifty 500,Flexi Cap / Multi Cap / ELSS / Focused,2021-03-31,12313.7002
^CRSLDX,Nifty 500,Flexi Cap / Multi Cap / ELSS / Focused,2021-04-01,12479.0
^CRSLDX,Nifty 500,Flexi Cap / Multi Cap / ELSS / Focused,2021-04-05,12298.5996
^CRSLDX,Nifty 500,Flexi Cap / Multi Cap / ELSS / Focused,2021-04-06,12358.0996
^CRSLDX,Nifty 500,Flexi Cap / Multi Cap / ELSS / Focused,2021-04-07,12481.2998
^CRSLDX,Nifty 500,Flexi Cap / Multi Cap / ELSS / Focused,2021-04-08,12541.6504
^CRSLDX,Nifty 500,Flexi Cap / Multi Cap / ELSS / Focused,2021-04-09,12527.4004
^CRSLDX,Nifty 500,Flexi Cap / Multi Cap / ELSS / Focused,2021-04-12,12024.0996
^CRSLDX,Nifty 500,Flexi Cap / Multi Cap / ELSS / Focused,2021-04-13,12186.7002
^CRSLDX,Nifty 500,Flexi Cap / Multi Cap / ELSS / Focused,2021-04-15,12237.5996
^CRSLDX,Nifty 500,Flexi Cap / Multi Cap / ELSS / Focused,2021-04-16,12298.0498
^CRSLDX,Nifty 500,Flexi Cap / Multi Cap / ELSS / Focused,2021-04-19,12076.4502
^CRSLDX,Nifty 500,Flexi Cap / Multi Cap / ELSS / Focused,2021-04-20,12055.4004
^CRSLDX,Nifty 500,Flexi Cap / Multi Cap / ELSS / Focused,2021-04-22,12132.0498
^CRSLDX,Nifty 500,Flexi Cap / Multi Cap / ELSS / Focused,2021-04-23,12105.5996
^CRSLDX,Nifty 500,Flexi Cap / Multi Cap / ELSS / Focused,2021-04-26,12216.8496
^CRSLDX,Nifty 500,Flexi Cap / Multi Cap / ELSS / Focused,2021-04-27,12362.5498
^CRSLDX,Nifty 500,Flexi Cap / Multi Cap / ELSS / Focused,2021-04-28,12517.9502
^CRSLDX,Nifty 500,Flexi Cap / Multi Cap / ELSS / Focused,2021-04-29,12532.7998
^CRSLDX,Nifty 500,Flexi Cap / Multi Cap / ELSS / Focused,2021-04-30,12364.3496
^CRSLDX,Nifty 500,Flexi Cap / Multi Cap / ELSS / Focused,2021-05-03,12395.25
^CRSLDX,Nifty 500,Flexi Cap / Multi Cap / ELSS / Focused,2021-05-04,12300.4502
^CRSLDX,Nifty 500,Flexi Cap / Multi Cap / ELSS / Focused,2021-05-05,12413.0
^CRSLDX,Nifty 500,Flexi Cap / Multi Cap / ELSS / Focused,2021-05-06,12501.9004
^CRSLDX,Nifty 500,Flexi Cap / Multi Cap / ELSS / Focused,2021-05-07,12563.0996
^CRSLDX,Nifty 500,Flexi Cap / Multi Cap / ELSS / Focused,2021-05-10,12669.9004
^CRSLDX,Nifty 500,Flexi Cap / Multi Cap / ELSS / Focused,2021-05-11,12642.25
^CRSLDX,Nifty 500,Flexi Cap / Multi Cap / ELSS / Focused,2021-05-12,12537.9502
^CRSLDX,Nifty 500,Flexi Cap / Multi Cap / ELSS / Focused,2021-05-14,12472.1504
^CRSLDX,Nifty 500,Flexi Cap / Multi Cap / ELSS / Focused,2021-05-17,12672.0996
^CRSLDX,Nifty 500,Flexi Cap / Multi Cap / ELSS / Focused,2021-05-18,12839.0996
^CRSLDX,Nifty 500,Flexi Cap / Multi Cap / ELSS / Focused,2021-05-19,12809.0
^CRSLDX,Nifty 500,Flexi Cap / Multi Cap / ELSS / Focused,2021-05-20,12736.4502
^CRSLDX,Nifty 500,Flexi Cap / Multi Cap / ELSS / Focused,2021-05-21,12917.8496
^CRSLDX,Nifty 500,Flexi Cap / Multi Cap / ELSS / Focused,2021-05-24,12962.4502
^CRSLDX,Nifty 500,Flexi Cap / Multi Cap / ELSS / Focused,2021-05-25,12963.0
^CRSLDX,Nifty 500,Flexi Cap / Multi Cap / ELSS / Focused,2021-05-26,13022.2002
^CRSLDX,Nifty 500,Flexi Cap / Multi Cap / ELSS / Focused,2021-05-27,13066.25
^CRSLDX,Nifty 500,Flexi Cap / Multi Cap / ELSS / Focused,2021-05-28,13117.0498
^CRSLDX,Nifty 500,Flexi Cap / Multi Cap / ELSS / Focused,2021-05-31,13226.3496
^CRSLDX,Nifty 500,Flexi Cap / Multi Cap / ELSS / Focused,2021-06-01,13210.4004
^CRSLDX,Nifty 500,Flexi Cap / Multi Cap / ELSS / Focused,2021-06-02,13274.25
^CRSLDX,Nifty 500,Flexi Cap / Multi Cap / ELSS / Focused,2021-06-03,13380.5
^CRSLDX,Nifty 500,Flexi Cap / Multi Cap / ELSS / Focused,2021-06-04,13393.9004
^CRSLDX,Nifty 500,Flexi Cap / Multi Cap / ELSS / Focused,2021-06-07,13479.6504
^CRSLDX,Nifty 500,Flexi Cap / Multi Cap / ELSS / Focused,2021-06-08,13496.5498
^CRSLDX,Nifty 500,Flexi Cap / Multi Cap / ELSS / Focused,2021-06-09,13396.4004
^CRSLDX,Nifty 500,Flexi Cap / Multi Cap / ELSS / Focused,2021-06-10,13517.2002
^CRSLDX,Nifty 500,Flexi Cap / Multi Cap / ELSS / Focused,2021-06-11,13563.8496
^CRSLDX,Nifty 500,Flexi Cap / Multi Cap / ELSS / Focused,2021-06-14,13554.1504
^CRSLDX,Nifty 500,Flexi Cap / Multi Cap / ELSS / Focused,2021-06-15,13607.7998
^CRSLDX,Nifty 500,Flexi Cap / Multi Cap / ELSS / Focused,2021-06-16,13510.5996
^CRSLDX,Nifty 500,Flexi Cap / Multi Cap / ELSS / Focused,2021-06-17,13425.1504
^CRSLDX,Nifty 500,Flexi Cap / Multi Cap / ELSS / Focused,2021-06-18,13386.5498
^CRSLDX,Nifty 500,Flexi Cap / Multi Cap / ELSS / Focused,2021-06-21,13456.0996
^CRSLDX,Nifty 500,Flexi Cap / Multi Cap / ELSS / Focused,2021-06-22,13491.0996
^CRSLDX,Nifty 500,Flexi Cap / Multi Cap / ELSS / Focused,2021-06-23,13423.3496
^CRSLDX,Nifty 500,Flexi Cap / Multi Cap / ELSS / Focused,2021-06-24,13468.25
^CRSLDX,Nifty 500,Flexi Cap / Multi Cap / ELSS / Focused,2021-06-25,13539.4004
^CRSLDX,Nifty 500,Flexi Cap / Multi Cap / ELSS / Focused,2021-06-28,13533.0498
^CRSLDX,Nifty 500,Flexi Cap / Multi Cap / ELSS / Focused,2021-06-29,13481.9502
^CRSLDX,Nifty 500,Flexi Cap / Multi Cap / ELSS / Focused,2021-06-30,13473.5498
^CRSLDX,Nifty 500,Flexi Cap / Multi Cap / ELSS / Focused,2021-07-01,13454.0996
^CRSLDX,Nifty 500,Flexi Cap / Multi Cap / ELSS / Focused,2021-07-02,13494.4502
^CRSLDX,Nifty 500,Flexi Cap / Multi Cap / ELSS / Focused,2021-07-05,13585.75
^CRSLDX,Nifty 500,Flexi Cap / Multi Cap / ELSS / Focused,2021-07-06,13574.1504
^CRSLDX,Nifty 500,Flexi Cap / Multi Cap / ELSS / Focused,2021-07-07,13631.0
^CRSLDX,Nifty 500,Flexi Cap / Multi Cap / ELSS / Focused,2021-07-08,13532.7002
^CRSLDX,Nifty 500,Flexi Cap / Multi Cap / ELSS / Focused,2021-07-09,13527.9502
^CRSLDX,Nifty 500,Flexi Cap / Multi Cap / ELSS / Focused,2021-07-12,13549.0
^CRSLDX,Nifty 500,Flexi Cap / Multi Cap / ELSS / Focused,2021-07-13,13628.8496
^CRSLDX,Nifty 500,Flexi Cap / Multi Cap / ELSS / Focused,2021-07-14,13661.0996
^CRSLDX,Nifty 500,Flexi Cap / Multi Cap / ELSS / Focused,2021-07-15,13720.3496
^CRSLDX,Nifty 500,Flexi Cap / Multi Cap / ELSS / Focused,2021-07-16,13742.3496
^CRSLDX,Nifty 500,Flexi Cap / Multi Cap / ELSS / Focused,2021-07-19,13619.8496
^CRSLDX,Nifty 500,Flexi Cap / Multi Cap / ELSS / Focused,2021-07-20,13495.5996
^CRSLDX,Nifty 500,Flexi Cap / Multi Cap / ELSS / Focused,2021-07-22,13670.2002
^CRSLDX,Nifty 500,Flexi Cap / Multi Cap / ELSS / Focused,2021-07-23,13687.0
^CRSLDX,Nifty 500,Flexi Cap / Multi Cap / ELSS / Focused,2021-07-26,13675.0996
^CRSLDX,Nifty 500,Flexi Cap / Multi Cap / ELSS / Focused,2021-07-27,13610.2998
^CRSLDX,Nifty 500,Flexi Cap / Multi Cap / ELSS / Focused,2021-07-28,13579.1504
^CRSLDX,Nifty 500,Flexi Cap / Multi Cap / ELSS / Focused,2021-07-29,13643.75
^CRSLDX,Nifty 500,Flexi Cap / Multi Cap / ELSS / Focused,2021-07-30,13664.25
^CRSLDX,Nifty 500,Flexi Cap / Multi Cap / ELSS / Focused,2021-08-02,13783.7002
^CRSLDX,Nifty 500,Flexi Cap / Multi Cap / ELSS / Focused,2021-08-03,13939.2002
^CRSLDX,Nifty 500,Flexi Cap / Multi Cap / ELSS / Focused,2021-08-04,13969.3496
^CRSLDX,Nifty 500,Flexi Cap / Multi Cap / ELSS / Focused,2021-08-05,13981.5498
^CRSLDX,Nifty 500,Flexi Cap / Multi Cap / ELSS / Focused,2021-08-06,13954.6504
^CRSLDX,Nifty 500,Flexi Cap / Multi Cap / ELSS / Focused,2021-08-09,13935.0498
^CRSLDX,Nifty 500,Flexi Cap / Multi Cap / ELSS / Focused,2021-08-10,13892.75
^CRSLDX,Nifty 500,Flexi Cap / Multi Cap / ELSS / Focused,2021-08-11,13876.5498
^CRSLDX,Nifty 500,Flexi Cap / Multi Cap / ELSS / Focused,2021-08-12,13971.9502
^CRSLDX,Nifty 500,Flexi Cap / Multi Cap / ELSS / Focused,2021-08-13,14065.2998
^CRSLDX,Nifty 500,Flexi Cap / Multi Cap / ELSS / Focused,2021-08-16,14070.7998
^CRSLDX,Nifty 500,Flexi Cap / Multi Cap / ELSS / Focused,2021-08-17,14113.0996
^CRSLDX,Nifty 500,Flexi Cap / Multi Cap / ELSS / Focused,2021-08-18,14095.5498
^CRSLDX,Nifty 500,Flexi Cap / Multi Cap / ELSS / Focused,2021-08-20,13943.9502
^CRSLDX,Nifty 500,Flexi Cap / Multi Cap / ELSS / Focused,2021-08-23,13930.5498
^CRSLDX,Nifty 500,Flexi Cap / Multi Cap / ELSS / Focused,2021-08-24,14063.25
^CRSLDX,Nifty 500,Flexi Cap / Multi Cap / ELSS / Focused,2021-08-25,14093.5996
^CRSLDX,Nifty 500,Flexi Cap / Multi Cap / ELSS / Focused,2021-08-26,14106.9502
^CRSLDX,Nifty 500,Flexi Cap / Multi Cap / ELSS / Focused,2021-08-27,14192.5
^CRSLDX,Nifty 500,Flexi Cap / Multi Cap / ELSS / Focused,2021-08-30,14397.9004
^CRSLDX,Nifty 500,Flexi Cap / Multi Cap / ELSS / Focused,2021-08-31,14555.9004
^CRSLDX,Nifty 500,Flexi Cap / Multi Cap / ELSS / Focused,2021-09-01,14551.3496
^CRSLDX,Nifty 500,Flexi Cap / Multi Cap / ELSS / Focused,2021-09-02,14684.3496
^CRSLDX,Nifty 500,Flexi Cap / Multi Cap / ELSS / Focused,2021-09-03,14759.2998
^CRSLDX,Nifty 500,Flexi Cap / Multi Cap / ELSS / Focused,2021-09-06,14805.8496
^CRSLDX,Nifty 500,Flexi Cap / Multi Cap / ELSS / Focused,2021-09-07,14784.25
^CRSLDX,Nifty 500,Flexi Cap / Multi Cap / ELSS / Focused,2021-09-08,14803.5996
^CRSLDX,Nifty 500,Flexi Cap / Multi Cap / ELSS / Focused,2021-09-09,14836.4502
^CRSLDX,Nifty 500,Flexi Cap / Multi Cap / ELSS / Focused,2021-09-13,14852.2002
^CRSLDX,Nifty 500,Flexi Cap / Multi Cap / ELSS / Focused,2021-09-14,14904.3496
^CRSLDX,Nifty 500,Flexi Cap / Multi Cap / ELSS / Focused,2021-09-15,15020.5498
^CRSLDX,Nifty 500,Flexi Cap / Multi Cap / ELSS / Focused,2021-09-16,15104.9004
^CRSLDX,Nifty 500,Flexi Cap / Multi Cap / ELSS / Focused,2021-09-17,15027.25
^CRSLDX,Nifty 500,Flexi Cap / Multi Cap / ELSS / Focused,2021-09-20,14826.75
^CRSLDX,Nifty 500,Flexi Cap / Multi Cap / ELSS / Focused,2021-09-21,14946.2998
^CRSLDX,Nifty 500,Flexi Cap / Multi Cap / ELSS / Focused,2021-09-22,14990.5498
^CRSLDX,Nifty 500,Flexi Cap / Multi Cap / ELSS / Focused,2021-09-23,15205.4502
^CRSLDX,Nifty 500,Flexi Cap / Multi Cap / ELSS / Focused,2021-09-24,15191.9502
^CRSLDX,Nifty 500,Flexi Cap / Multi Cap / ELSS / Focused,2021-09-27,15189.0498
^CRSLDX,Nifty 500,Flexi Cap / Multi Cap / ELSS / Focused,2021-09-28,15095.5996
^CRSLDX,Nifty 500,Flexi Cap / Multi Cap / ELSS / Focused,2021-09-29,15086.9502
^CRSLDX,Nifty 500,Flexi Cap / Multi Cap / ELSS / Focused,2021-09-30,15052.6504
^CRSLDX,Nifty 500,Flexi Cap / Multi Cap / ELSS / Focused,2021-10-01,15013.9502
^CRSLDX,Nifty 500,Flexi Cap / Multi Cap / ELSS / Focused,2021-10-04,15181.1504
^CRSLDX,Nifty 500,Flexi Cap / Multi Cap / ELSS / Focused,2021-10-05,15280.0996
^CRSLDX,Nifty 500,Flexi Cap / Multi Cap / ELSS / Focused,2021-10-06,15134.5498
^CRSLDX,Nifty 500,Flexi Cap / Multi Cap / ELSS / Focused,2021-10-07,15290.1504
^CRSLDX,Nifty 500,Flexi Cap / Multi Cap / ELSS / Focused,2021-10-08,15365.2002
^CRSLDX,Nifty 500,Flexi Cap / Multi Cap / ELSS / Focused,2021-10-11,15428.0
^CRSLDX,Nifty 500,Flexi Cap / Multi Cap / ELSS / Focused,2021-10-12,15481.9004
^CRSLDX,Nifty 500,Flexi Cap / Multi Cap / ELSS / Focused,2021-10-13,15631.4004
^CRSLDX,Nifty 500,Flexi Cap / Multi Cap / ELSS / Focused,2021-10-14,15769.25
^CRSLDX,Nifty 500,Flexi Cap / Multi Cap / ELSS / Focused,2021-10-18,15886.1504
^CRSLDX,Nifty 500,Flexi Cap / Multi Cap / ELSS / Focused,2021-10-19,15757.8496
^CRSLDX,Nifty 500,Flexi Cap / Multi Cap / ELSS / Focused,2021-10-20,15568.6504
^CRSLDX,Nifty 500,Flexi Cap / Multi Cap / ELSS / Focused,2021-10-21,15487.6504
^CRSLDX,Nifty 500,Flexi Cap / Multi Cap / ELSS / Focused,2021-10-22,15399.7002
^CRSLDX,Nifty 500,Flexi Cap / Multi Cap / ELSS / Focused,2021-10-25,15334.3496
^CRSLDX,Nifty 500,Flexi Cap / Multi Cap / ELSS / Focused,2021-10-26,15499.6504
^CRSLDX,Nifty 500,Flexi Cap / Multi Cap / ELSS / Focused,2021-10-27,15484.3496
^CRSLDX,Nifty 500,Flexi Cap / Multi Cap / ELSS / Focused,2021-10-28,15190.8496
^CRSLDX,Nifty 500,Flexi Cap / Multi Cap / ELSS / Focused,2021-10-29,15086.9004
^CRSLDX,Nifty 500,Flexi Cap / Multi Cap / ELSS / Focused,2021-11-01,15302.7002
^CRSLDX,Nifty 500,Flexi Cap / Multi Cap / ELSS / Focused,2021-11-02,15314.6504
^CRSLDX,Nifty 500,Flexi Cap / Multi Cap / ELSS / Focused,2021-11-03,15282.75
^CRSLDX,Nifty 500,Flexi Cap / Multi Cap / ELSS / Focused,2021-11-04,15376.9004
^CRSLDX,Nifty 500,Flexi Cap / Multi Cap / ELSS / Focused,2021-11-08,15520.1504
^CRSLDX,Nifty 500,Flexi Cap / Multi Cap / ELSS / Focused,2021-11-09,15541.9502
^CRSLDX,Nifty 500,Flexi Cap / Multi Cap / ELSS / Focused,2021-11-10,15521.0996
^CRSLDX,Nifty 500,Flexi Cap / Multi Cap / ELSS / Focused,2021-11-11,15411.0996
^CRSLDX,Nifty 500,Flexi Cap / Multi Cap / ELSS / Focused,2021-11-12,15579.0
^CRSLDX,Nifty 500,Flexi Cap / Multi Cap / ELSS / Focused,2021-11-15,15592.5996
^CRSLDX,Nifty 500,Flexi Cap / Multi Cap / ELSS / Focused,2021-11-16,15525.4004
^CRSLDX,Nifty 500,Flexi Cap / Multi Cap / ELSS / Focused,2021-11-17,15454.9502
^CRSLDX,Nifty 500,Flexi Cap / Multi Cap / ELSS / Focused,2021-11-18,15302.5498
^CRSLDX,Nifty 500,Flexi Cap / Multi Cap / ELSS / Focused,2021-11-22,14976.7002
^CRSLDX,Nifty 500,Flexi Cap / Multi Cap / ELSS / Focused,2021-11-23,15107.7998
^CRSLDX,Nifty 500,Flexi Cap / Multi Cap / ELSS / Focused,2021-11-24,15046.5
^CRSLDX,Nifty 500,Flexi Cap / Multi Cap / ELSS / Focused,2021-11-25,15150.5996
^CRSLDX,Nifty 500,Flexi Cap / Multi Cap / ELSS / Focused,2021-11-26,14707.2002
^CRSLDX,Nifty 500,Flexi Cap / Multi Cap / ELSS / Focused,2021-11-29,14656.4502
^CRSLDX,Nifty 500,Flexi Cap / Multi Cap / ELSS / Focused,2021-11-30,14648.3496
^CRSLDX,Nifty 500,Flexi Cap / Multi Cap / ELSS / Focused,2021-12-01,14784.7002
^CRSLDX,Nifty 500,Flexi Cap / Multi Cap / ELSS / Focused,2021-12-02,14973.9502
^CRSLDX,Nifty 500,Flexi Cap / Multi Cap / ELSS / Focused,2021-12-03,14856.2998
^CRSLDX,Nifty 500,Flexi Cap / Multi Cap / ELSS / Focused,2021-12-06,14618.3496
^CRSLDX,Nifty 500,Flexi Cap / Multi Cap / ELSS / Focused,2021-12-07,14834.5
^CRSLDX,Nifty 500,Flexi Cap / Multi Cap / ELSS / Focused,2021-12-08,15073.25
^CRSLDX,Nifty 500,Flexi Cap / Multi Cap / ELSS / Focused,2021-12-09,15126.5996
^CRSLDX,Nifty 500,Flexi Cap / Multi Cap / ELSS / Focused,2021-12-10,15155.0
^CRSLDX,Nifty 500,Flexi Cap / Multi Cap / ELSS / Focused,2021-12-13,15064.25
^CRSLDX,Nifty 500,Flexi Cap / Multi Cap / ELSS / Focused,2021-12-14,15043.25
^CRSLDX,Nifty 500,Flexi Cap / Multi Cap / ELSS / Focused,2021-12-15,14953.0996
^CRSLDX,Nifty 500,Flexi Cap / Multi Cap / ELSS / Focused,2021-12-16,14936.4502
^CRSLDX,Nifty 500,Flexi Cap / Multi Cap / ELSS / Focused,2021-12-17,14673.1504
^CRSLDX,Nifty 500,Flexi Cap / Multi Cap / ELSS / Focused,2021-12-20,14300.7002
^CRSLDX,Nifty 500,Flexi Cap / Multi Cap / ELSS / Focused,2021-12-21,14461.4004
^CRSLDX,Nifty 500,Flexi Cap / Multi Cap / ELSS / Focused,2021-12-22,14639.75
^CRSLDX,Nifty 500,Flexi Cap / Multi Cap / ELSS / Focused,2021-12-23,14751.4502
^CRSLDX,Nifty 500,Flexi Cap / Multi Cap / ELSS / Focused,2021-12-24,14664.7998
^CRSLDX,Nifty 500,Flexi Cap / Multi Cap / ELSS / Focused,2021-12-27,14727.5996
^CRSLDX,Nifty 500,Flexi Cap / Multi Cap / ELSS / Focused,2021-12-28,14867.8496
^CRSLDX,Nifty 500,Flexi Cap / Multi Cap / ELSS / Focused,2021-12-29,14863.4004
^CRSLDX,Nifty 500,Flexi Cap / Multi Cap / ELSS / Focused,2021-12-30,14842.0498
^CRSLDX,Nifty 500,Flexi Cap / Multi Cap / ELSS / Focused,2021-12-31,14996.2002
^CRSLDX,Nifty 500,Flexi Cap / Multi Cap / ELSS / Focused,2022-01-03,15204.5996
^CRSLDX,Nifty 500,Flexi Cap / Multi Cap / ELSS / Focused,2022-01-04,15318.75
^CRSLDX,Nifty 500,Flexi Cap / Multi Cap / ELSS / Focused,2022-01-05,15396.4004
^CRSLDX,Nifty 500,Flexi Cap / Multi Cap / ELSS / Focused,2022-01-06,15290.0996
^CRSLDX,Nifty 500,Flexi Cap / Multi Cap / ELSS / Focused,2022-01-07,15348.5498
^CRSLDX,Nifty 500,Flexi Cap / Multi Cap / ELSS / Focused,2022-01-10,15495.5498
^CRSLDX,Nifty 500,Flexi Cap / Multi Cap / ELSS / Focused,2022-01-11,15530.5498
^CRSLDX,Nifty 500,Flexi Cap / Multi Cap / ELSS / Focused,2022-01-12,15667.9004
^CRSLDX,Nifty 500,Flexi Cap / Multi Cap / ELSS / Focused,2022-01-13,15721.0498
^CRSLDX,Nifty 500,Flexi Cap / Multi Cap / ELSS / Focused,2022-01-14,15730.4004
^CRSLDX,Nifty 500,Flexi Cap / Multi Cap / ELSS / Focused,2022-01-17,15781.25
^CRSLDX,Nifty 500,Flexi Cap / Multi Cap / ELSS / Focused,2022-01-18,15573.0996
^CRSLDX,Nifty 500,Flexi Cap / Multi Cap / ELSS / Focused,2022-01-19,15472.5
^CRSLDX,Nifty 500,Flexi Cap / Multi Cap / ELSS / Focused,2022-01-20,15361.0996
^CRSLDX,Nifty 500,Flexi Cap / Multi Cap / ELSS / Focused,2022-01-21,15180.7998
^CRSLDX,Nifty 500,Flexi Cap / Multi Cap / ELSS / Focused,2022-01-24,14712.0498
^CRSLDX,Nifty 500,Flexi Cap / Multi Cap / ELSS / Focused,2022-01-25,14832.2002
^CRSLDX,Nifty 500,Flexi Cap / Multi Cap / ELSS / Focused,2022-01-27,14679.7002
^CRSLDX,Nifty 500,Flexi Cap / Multi Cap / ELSS / Focused,2022-01-28,14723.25
^CRSLDX,Nifty 500,Flexi Cap / Multi Cap / ELSS / Focused,2022-01-31,14921.4502
^CRSLDX,Nifty 500,Flexi Cap / Multi Cap / ELSS / Focused,2022-02-01,15116.2002
^CRSLDX,Nifty 500,Flexi Cap / Multi Cap / ELSS / Focused,2022-02-02,15293.3496
^CRSLDX,Nifty 500,Flexi Cap / Multi Cap / ELSS / Focused,2022-02-03,15135.9004
^CRSLDX,Nifty 500,Flexi Cap / Multi Cap / ELSS / Focused,2022-02-04,15085.4502
^CRSLDX,Nifty 500,Flexi Cap / Multi Cap / ELSS / Focused,2022-02-07,14870.5996
^CRSLDX,Nifty 500,Flexi Cap / Multi Cap / ELSS / Focused,2022-02-08,14857.0498
^CRSLDX,Nifty 500,Flexi Cap / Multi Cap / ELSS / Focused,2022-02-09,15016.3496
^CRSLDX,Nifty 500,Flexi Cap / Multi Cap / ELSS / Focused,2022-02-10,15112.2002
^CRSLDX,Nifty 500,Flexi Cap / Multi Cap / ELSS / Focused,2022-02-11,14891.2998
^CRSLDX,Nifty 500,Flexi Cap / Multi Cap / ELSS / Focused,2022-02-14,14400.4004
^CRSLDX,Nifty 500,Flexi Cap / Multi Cap / ELSS / Focused,2022-02-15,14805.5498
^CRSLDX,Nifty 500,Flexi Cap / Multi Cap / ELSS / Focused,2022-02-16,14789.9004
^CRSLDX,Nifty 500,Flexi Cap / Multi Cap / ELSS / Focused,2022-02-17,14772.0498
^CRSLDX,Nifty 500,Flexi Cap / Multi Cap / ELSS / Focused,2022-02-18,14710.7002
^CRSLDX,Nifty 500,Flexi Cap / Multi Cap / ELSS / Focused,2022-02-21,14597.0996
^CRSLDX,Nifty 500,Flexi Cap / Multi Cap / ELSS / Focused,2022-02-22,14489.0498
^CRSLDX,Nifty 500,Flexi Cap / Multi Cap / ELSS / Focused,2022-02-23,14506.9502
^CRSLDX,Nifty 500,Flexi Cap / Multi Cap / ELSS / Focused,2022-02-24,13775.7002
^CRSLDX,Nifty 500,Flexi Cap / Multi Cap / ELSS / Focused,2022-02-25,14187.4004
^CRSLDX,Nifty 500,Flexi Cap / Multi Cap / ELSS / Focused,2022-02-28,14307.9502
^CRSLDX,Nifty 500,Flexi Cap / Multi Cap / ELSS / Focused,2022-03-02,14199.7998
^CRSLDX,Nifty 500,Flexi Cap / Multi Cap / ELSS / Focused,2022-03-03,14135.9502
^CRSLDX,Nifty 500,Flexi Cap / Multi Cap / ELSS / Focused,2022-03-04,13893.1504
^CRSLDX,Nifty 500,Flexi Cap / Multi Cap / ELSS / Focused,2022-03-07,13564.25
^CRSLDX,Nifty 500,Flexi Cap / Multi Cap / ELSS / Focused,2022-03-08,13706.75
^CRSLDX,Nifty 500,Flexi Cap / Multi Cap / ELSS / Focused,2022-03-09,13979.5996
^CRSLDX,Nifty 500,Flexi Cap / Multi Cap / ELSS / Focused,2022-03-10,14189.0
^CRSLDX,Nifty 500,Flexi Cap / Multi Cap / ELSS / Focused,2022-03-11,14237.1504
^CRSLDX,Nifty 500,Flexi Cap / Multi Cap / ELSS / Focused,2022-03-14,14374.5996
^CRSLDX,Nifty 500,Flexi Cap / Multi Cap / ELSS / Focused,2022-03-15,14215.8496
^CRSLDX,Nifty 500,Flexi Cap / Multi Cap / ELSS / Focused,2022-03-16,14481.7998
^CRSLDX,Nifty 500,Flexi Cap / Multi Cap / ELSS / Focused,2022-03-17,14721.7002
^CRSLDX,Nifty 500,Flexi Cap / Multi Cap / ELSS / Focused,2022-03-21,14602.3496
^CRSLDX,Nifty 500,Flexi Cap / Multi Cap / ELSS / Focused,2022-03-22,14724.0498
^CRSLDX,Nifty 500,Flexi Cap / Multi Cap / ELSS / Focused,2022-03-23,14695.1504
^CRSLDX,Nifty 500,Flexi Cap / Multi Cap / ELSS / Focused,2022-03-24,14699.3496
^CRSLDX,Nifty 500,Flexi Cap / Multi Cap / ELSS / Focused,2022-03-25,14651.7002
^CRSLDX,Nifty 500,Flexi Cap / Multi Cap / ELSS / Focused,2022-03-28,14675.8496
^CRSLDX,Nifty 500,Flexi Cap / Multi Cap / ELSS / Focused,2022-03-29,14761.9004
^CRSLDX,Nifty 500,Flexi Cap / Multi Cap / ELSS / Focused,2022-03-30,14896.9004
^CRSLDX,Nifty 500,Flexi Cap / Multi Cap / ELSS / Focused,2022-03-31,14894.5
^CRSLDX,Nifty 500,Flexi Cap / Multi Cap / ELSS / Focused,2022-04-01,15087.2998
^CRSLDX,Nifty 500,Flexi Cap / Multi Cap / ELSS / Focused,2022-04-04,15384.2002
^CRSLDX,Nifty 500,Flexi Cap / Multi Cap / ELSS / Focused,2022-04-05,15390.5
^CRSLDX,Nifty 500,Flexi Cap / Multi Cap / ELSS / Focused,2022-04-06,15327.9004
^CRSLDX,Nifty 500,Flexi Cap / Multi Cap / ELSS / Focused,2022-04-07,15201.25
^CRSLDX,Nifty 500,Flexi Cap / Multi Cap / ELSS / Focused,2022-04-08,15342.4004
^CRSLDX,Nifty 500,Flexi Cap / Multi Cap / ELSS / Focused,2022-04-11,15325.5
^CRSLDX,Nifty 500,Flexi Cap / Multi Cap / ELSS / Focused,2022-04-12,15164.7002
^CRSLDX,Nifty 500,Flexi Cap / Multi Cap / ELSS / Focused,2022-04-13,15138.5498
^CRSLDX,Nifty 500,Flexi Cap / Multi Cap / ELSS / Focused,2022-04-18,14926.0498
^CRSLDX,Nifty 500,Flexi Cap / Multi Cap / ELSS / Focused,2022-04-19,14726.6504
^CRSLDX,Nifty 500,Flexi Cap / Multi Cap / ELSS / Focused,2022-04-20,14850.2998
^CRSLDX,Nifty 500,Flexi Cap / Multi Cap / ELSS / Focused,2022-04-21,15053.9502
^CRSLDX,Nifty 500,Flexi Cap / Multi Cap / ELSS / Focused,2022-04-22,14894.8496
^CRSLDX,Nifty 500,Flexi Cap / Multi Cap / ELSS / Focused,2022-04-25,14673.0
^CRSLDX,Nifty 500,Flexi Cap / Multi Cap / ELSS / Focused,2022-04-26,14898.3496
^CRSLDX,Nifty 500,Flexi Cap / Multi Cap / ELSS / Focused,2022-04-27,14756.0
^CRSLDX,Nifty 500,Flexi Cap / Multi Cap / ELSS / Focused,2022-04-28,14913.9004
^CRSLDX,Nifty 500,Flexi Cap / Multi Cap / ELSS / Focused,2022-04-29,14783.3496
^CRSLDX,Nifty 500,Flexi Cap / Multi Cap / ELSS / Focused,2022-05-02,14736.2998
^CRSLDX,Nifty 500,Flexi Cap / Multi Cap / ELSS / Focused,2022-05-04,14393.3496
^CRSLDX,Nifty 500,Flexi Cap / Multi Cap / ELSS / Focused,2022-05-05,14395.5
^CRSLDX,Nifty 500,Flexi Cap / Multi Cap / ELSS / Focused,2022-05-06,14145.75
^CRSLDX,Nifty 500,Flexi Cap / Multi Cap / ELSS / Focused,2022-05-09,13991.75
^CRSLDX,Nifty 500,Flexi Cap / Multi Cap / ELSS / Focused,2022-05-10,13855.9502
^CRSLDX,Nifty 500,Flexi Cap / Multi Cap / ELSS / Focused,2022-05-11,13771.7998
^CRSLDX,Nifty 500,Flexi Cap / Multi Cap / ELSS / Focused,2022-05-12,13465.25
^CRSLDX,Nifty 500,Flexi Cap / Multi Cap / ELSS / Focused,2022-05-13,13471.5
^CRSLDX,Nifty 500,Flexi Cap / Multi Cap / ELSS / Focused,2022-05-16,13571.2002
^CRSLDX,Nifty 500,Flexi Cap / Multi Cap / ELSS / Focused,2022-05-17,13926.0498
^CRSLDX,Nifty 500,Flexi Cap / Multi Cap / ELSS / Focused,2022-05-18,13918.2002
^CRSLDX,Nifty 500,Flexi Cap / Multi Cap / ELSS / Focused,2022-05-19,13550.9004
^CRSLDX,Nifty 500,Flexi Cap / Multi Cap / ELSS / Focused,2022-05-20,13895.0498
^CRSLDX,Nifty 500,Flexi Cap / Multi Cap / ELSS / Focused,2022-05-23,13835.7998
^CRSLDX,Nifty 500,Flexi Cap / Multi Cap / ELSS / Focused,2022-05-24,13747.25
^CRSLDX,Nifty 500,Flexi Cap / Multi Cap / ELSS / Focused,2022-05-25,13587.75
^CRSLDX,Nifty 500,Flexi Cap / Multi Cap / ELSS / Focused,2022-05-26,13722.5498
^CRSLDX,Nifty 500,Flexi Cap / Multi Cap / ELSS / Focused,2022-05-27,13873.1504
^CRSLDX,Nifty 500,Flexi Cap / Multi Cap / ELSS / Focused,2022-05-30,14154.7998
^CRSLDX,Nifty 500,Flexi Cap / Multi Cap / ELSS / Focused,2022-05-31,14119.5996
^CRSLDX,Nifty 500,Flexi Cap / Multi Cap / ELSS / Focused,2022-06-01,14082.9004
^CRSLDX,Nifty 500,Flexi Cap / Multi Cap / ELSS / Focused,2022-06-02,14167.9502
^CRSLDX,Nifty 500,Flexi Cap / Multi Cap / ELSS / Focused,2022-06-03,14077.9004
^CRSLDX,Nifty 500,Flexi Cap / Multi Cap / ELSS / Focused,2022-06-06,14054.0996
^CRSLDX,Nifty 500,Flexi Cap / Multi Cap / ELSS / Focused,2022-06-07,13935.5996
^CRSLDX,Nifty 500,Flexi Cap / Multi Cap / ELSS / Focused,2022-06-08,13886.9004
^CRSLDX,Nifty 500,Flexi Cap / Multi Cap / ELSS / Focused,2022-06-09,13977.0996
^CRSLDX,Nifty 500,Flexi Cap / Multi Cap / ELSS / Focused,2022-06-10,13781.75
^CRSLDX,Nifty 500,Flexi Cap / Multi Cap / ELSS / Focused,2022-06-13,13416.9004
^CRSLDX,Nifty 500,Flexi Cap / Multi Cap / ELSS / Focused,2022-06-14,13388.2998
^CRSLDX,Nifty 500,Flexi Cap / Multi Cap / ELSS / Focused,2022-06-15,13380.8496
^CRSLDX,Nifty 500,Flexi Cap / Multi Cap / ELSS / Focused,2022-06-16,13089.2002
^CRSLDX,Nifty 500,Flexi Cap / Multi Cap / ELSS / Focused,2022-06-17,12994.75
^CRSLDX,Nifty 500,Flexi Cap / Multi Cap / ELSS / Focused,2022-06-20,12950.75
^CRSLDX,Nifty 500,Flexi Cap / Multi Cap / ELSS / Focused,2022-06-21,13241.9004
^CRSLDX,Nifty 500,Flexi Cap / Multi Cap / ELSS / Focused,2022-06-22,13047.75
^CRSLDX,Nifty 500,Flexi Cap / Multi Cap / ELSS / Focused,2022-06-23,13178.7998
^CRSLDX,Nifty 500,Flexi Cap / Multi Cap / ELSS / Focused,2022-06-24,13322.5
^CRSLDX,Nifty 500,Flexi Cap / Multi Cap / ELSS / Focused,2022-06-27,13444.5498
^CRSLDX,Nifty 500,Flexi Cap / Multi Cap / ELSS / Focused,2022-06-28,13464.25
^CRSLDX,Nifty 500,Flexi Cap / Multi Cap / ELSS / Focused,2022-06-29,13417.8496
^CRSLDX,Nifty 500,Flexi Cap / Multi Cap / ELSS / Focused,2022-06-30,13387.5498
^CRSLDX,Nifty 500,Flexi Cap / Multi Cap / ELSS / Focused,2022-07-01,13394.4502
^CRSLDX,Nifty 500,Flexi Cap / Multi Cap / ELSS / Focused,2022-07-04,13472.6504
^CRSLDX,Nifty 500,Flexi Cap / Multi Cap / ELSS / Focused,2022-07-05,13461.8496
^CRSLDX,Nifty 500,Flexi Cap / Multi Cap / ELSS / Focused,2022-07-06,13631.2998
^CRSLDX,Nifty 500,Flexi Cap / Multi Cap / ELSS / Focused,2022-07-07,13765.5996
^CRSLDX,Nifty 500,Flexi Cap / Multi Cap / ELSS / Focused,2022-07-08,13828.25
^CRSLDX,Nifty 500,Flexi Cap / Multi Cap / ELSS / Focused,2022-07-11,13886.8496
^CRSLDX,Nifty 500,Flexi Cap / Multi Cap / ELSS / Focused,2022-07-12,13779.0
^CRSLDX,Nifty 500,Flexi Cap / Multi Cap / ELSS / Focused,2022-07-13,13726.9502
^CRSLDX,Nifty 500,Flexi Cap / Multi Cap / ELSS / Focused,2022-07-14,13702.6504
^CRSLDX,Nifty 500,Flexi Cap / Multi Cap / ELSS / Focused,2022-07-15,13790.2002
^CRSLDX,Nifty 500,Flexi Cap / Multi Cap / ELSS / Focused,2022-07-18,13984.4004
^CRSLDX,Nifty 500,Flexi Cap / Multi Cap / ELSS / Focused,2022-07-19,14051.6504
^CRSLDX,Nifty 500,Flexi Cap / Multi Cap / ELSS / Focused,2022-07-20,14164.4004
^CRSLDX,Nifty 500,Flexi Cap / Multi Cap / ELSS / Focused,2022-07-21,14271.7998
^CRSLDX,Nifty 500,Flexi Cap / Multi Cap / ELSS / Focused,2022-07-22,14336.5996
^CRSLDX,Nifty 500,Flexi Cap / Multi Cap / ELSS / Focused,2022-07-25,14279.5
^CRSLDX,Nifty 500,Flexi Cap / Multi Cap / ELSS / Focused,2022-07-26,14141.4502
^CRSLDX,Nifty 500,Flexi Cap / Multi Cap / ELSS / Focused,2022-07-27,14262.5498
^CRSLDX,Nifty 500,Flexi Cap / Multi Cap / ELSS / Focused,2022-07-28,14469.0996
^CRSLDX,Nifty 500,Flexi Cap / Multi Cap / ELSS / Focused,2022-07-29,14665.6504
^CRSLDX,Nifty 500,Flexi Cap / Multi Cap / ELSS / Focused,2022-08-01,14846.8496
^CRSLDX,Nifty 500,Flexi Cap / Multi Cap / ELSS / Focused,2022-08-02,14876.5996
^CRSLDX,Nifty 500,Flexi Cap / Multi Cap / ELSS / Focused,2022-08-03,14878.0498
^CRSLDX,Nifty 500,Flexi Cap / Multi Cap / ELSS / Focused,2022-08-04,14892.4502
^CRSLDX,Nifty 500,Flexi Cap / Multi Cap / ELSS / Focused,2022-08-05,14900.4004
^CRSLDX,Nifty 500,Flexi Cap / Multi Cap / ELSS / Focused,2022-08-08,14993.3496
^CRSLDX,Nifty 500,Flexi Cap / Multi Cap / ELSS / Focused,2022-08-10,14985.7998
^CRSLDX,Nifty 500,Flexi Cap / Multi Cap / ELSS / Focused,2022-08-11,15095.1504
^CRSLDX,Nifty 500,Flexi Cap / Multi Cap / ELSS / Focused,2022-08-12,15140.5498
^CRSLDX,Nifty 500,Flexi Cap / Multi Cap / ELSS / Focused,2022-08-16,15280.5
^CRSLDX,Nifty 500,Flexi Cap / Multi Cap / ELSS / Focused,2022-08-17,15379.0498
^CRSLDX,Nifty 500,Flexi Cap / Multi Cap / ELSS / Focused,2022-08-18,15404.5996
^CRSLDX,Nifty 500,Flexi Cap / Multi Cap / ELSS / Focused,2022-08-19,15236.6504
^CRSLDX,Nifty 500,Flexi Cap / Multi Cap / ELSS / Focused,2022-08-22,15001.75
^CRSLDX,Nifty 500,Flexi Cap / Multi Cap / ELSS / Focused,2022-08-23,15090.5
^CRSLDX,Nifty 500,Flexi Cap / Multi Cap / ELSS / Focused,2022-08-24,15140.4004
^CRSLDX,Nifty 500,Flexi Cap / Multi Cap / ELSS / Focused,2022-08-25,15100.6504
^CRSLDX,Nifty 500,Flexi Cap / Multi Cap / ELSS / Focused,2022-08-26,15147.5498
^CRSLDX,Nifty 500,Flexi Cap / Multi Cap / ELSS / Focused,2022-08-29,14972.75
^CRSLDX,Nifty 500,Flexi Cap / Multi Cap / ELSS / Focused,2022-08-30,15325.0498
^CRSLDX,Nifty 500,Flexi Cap / Multi Cap / ELSS / Focused,2022-09-01,15211.2002
^CRSLDX,Nifty 500,Flexi Cap / Multi Cap / ELSS / Focused,2022-09-02,15201.5996
^CRSLDX,Nifty 500,Flexi Cap / Multi Cap / ELSS / Focused,2022-09-05,15294.4004
^CRSLDX,Nifty 500,Flexi Cap / Multi Cap / ELSS / Focused,2022-09-06,15313.0498
^CRSLDX,Nifty 500,Flexi Cap / Multi Cap / ELSS / Focused,2022-09-07,15319.4004
^CRSLDX,Nifty 500,Flexi Cap / Multi Cap / ELSS / Focused,2022-09-08,15440.7002
^CRSLDX,Nifty 500,Flexi Cap / Multi Cap / ELSS / Focused,2022-09-09,15467.4004
^CRSLDX,Nifty 500,Flexi Cap / Multi Cap / ELSS / Focused,2022-09-12,15577.4004
^CRSLDX,Nifty 500,Flexi Cap / Multi Cap / ELSS / Focused,2022-09-13,15669.8496
^CRSLDX,Nifty 500,Flexi Cap / Multi Cap / ELSS / Focused,2022-09-14,15630.7002
^CRSLDX,Nifty 500,Flexi Cap / Multi Cap / ELSS / Focused,2022-09-15,15580.3496
^CRSLDX,Nifty 500,Flexi Cap / Multi Cap / ELSS / Focused,2022-09-16,15243.9502
^CRSLDX,Nifty 500,Flexi Cap / Multi Cap / ELSS / Focused,2022-09-19,15293.5498
^CRSLDX,Nifty 500,Flexi Cap / Multi Cap / ELSS / Focused,2022-09-20,15470.3496
^CRSLDX,Nifty 500,Flexi Cap / Multi Cap / ELSS / Focused,2022-09-21,15361.25
^CRSLDX,Nifty 500,Flexi Cap / Multi Cap / ELSS / Focused,2022-09-22,15335.2998
^CRSLDX,Nifty 500,Flexi Cap / Multi Cap / ELSS / Focused,2022-09-23,15057.6504
^CRSLDX,Nifty 500,Flexi Cap / Multi Cap / ELSS / Focused,2022-09-26,14725.7002
^CRSLDX,Nifty 500,Flexi Cap / Multi Cap / ELSS / Focused,2022-09-27,14727.2998
^CRSLDX,Nifty 500,Flexi Cap / Multi Cap / ELSS / Focused,2022-09-28,14620.5996
^CRSLDX,Nifty 500,Flexi Cap / Multi Cap / ELSS / Focused,2022-09-29,14602.5
^CRSLDX,Nifty 500,Flexi Cap / Multi Cap / ELSS / Focused,2022-09-30,14829.3496
^CRSLDX,Nifty 500,Flexi Cap / Multi Cap / ELSS / Focused,2022-10-03,14638.5
^CRSLDX,Nifty 500,Flexi Cap / Multi Cap / ELSS / Focused,2022-10-04,14965.7998
^CRSLDX,Nifty 500,Flexi Cap / Multi Cap / ELSS / Focused,2022-10-06,15053.0498
^CRSLDX,Nifty 500,Flexi Cap / Multi Cap / ELSS / Focused,2022-10-07,15036.7002
^CRSLDX,Nifty 500,Flexi Cap / Multi Cap / ELSS / Focused,2022-10-10,14951.6504
^CRSLDX,Nifty 500,Flexi Cap / Multi Cap / ELSS / Focused,2022-10-11,14721.9004
^CRSLDX,Nifty 500,Flexi Cap / Multi Cap / ELSS / Focused,2022-10-12,14829.9502
^CRSLDX,Nifty 500,Flexi Cap / Multi Cap / ELSS / Focused,2022-10-13,14730.2998
^CRSLDX,Nifty 500,Flexi Cap / Multi Cap / ELSS / Focused,2022-10-14,14815.0996
^CRSLDX,Nifty 500,Flexi Cap / Multi Cap / ELSS / Focused,2022-10-17,14906.1504
^CRSLDX,Nifty 500,Flexi Cap / Multi Cap / ELSS / Focused,2022-10-18,15056.5498
^CRSLDX,Nifty 500,Flexi Cap / Multi Cap / ELSS / Focused,2022-10-19,15068.5996
^CRSLDX,Nifty 500,Flexi Cap / Multi Cap / ELSS / Focused,2022-10-20,15112.0996
^CRSLDX,Nifty 500,Flexi Cap / Multi Cap / ELSS / Focused,2022-10-21,15081.0996
^CRSLDX,Nifty 500,Flexi Cap / Multi Cap / ELSS / Focused,2022-10-24,15198.75
^CRSLDX,Nifty 500,Flexi Cap / Multi Cap / ELSS / Focused,2022-10-25,15158.0996
^CRSLDX,Nifty 500,Flexi Cap / Multi Cap / ELSS / Focused,2022-10-27,15244.25
^CRSLDX,Nifty 500,Flexi Cap / Multi Cap / ELSS / Focused,2022-10-28,15241.5996
^CRSLDX,Nifty 500,Flexi Cap / Multi Cap / ELSS / Focused,2022-10-31,15424.0
^CRSLDX,Nifty 500,Flexi Cap / Multi Cap / ELSS / Focused,2022-11-01,15537.4004
^CRSLDX,Nifty 500,Flexi Cap / Multi Cap / ELSS / Focused,2022-11-02,15497.5498
^CRSLDX,Nifty 500,Flexi Cap / Multi Cap / ELSS / Focused,2022-11-03,15484.7002
^CRSLDX,Nifty 500,Flexi Cap / Multi Cap / ELSS / Focused,2022-11-04,15530.8496
^CRSLDX,Nifty 500,Flexi Cap / Multi Cap / ELSS / Focused,2022-11-07,15615.1504
^CRSLDX,Nifty 500,Flexi Cap / Multi Cap / ELSS / Focused,2022-11-09,15567.25
^CRSLDX,Nifty 500,Flexi Cap / Multi Cap / ELSS / Focused,2022-11-10,15440.0
^CRSLDX,Nifty 500,Flexi Cap / Multi Cap / ELSS / Focused,2022-11-11,15649.0996
^CRSLDX,Nifty 500,Flexi Cap / Multi Cap / ELSS / Focused,2022-11-14,15650.2002
^CRSLDX,Nifty 500,Flexi Cap / Multi Cap / ELSS / Focused,2022-11-15,15693.9004
^CRSLDX,Nifty 500,Flexi Cap / Multi Cap / ELSS / Focused,2022-11-16,15663.2998
^CRSLDX,Nifty 500,Flexi Cap / Multi Cap / ELSS / Focused,2022-11-17,15597.25
^CRSLDX,Nifty 500,Flexi Cap / Multi Cap / ELSS / Focused,2022-11-18,15550.8496
^CRSLDX,Nifty 500,Flexi Cap / Multi Cap / ELSS / Focused,2022-11-21,15453.7998
^CRSLDX,Nifty 500,Flexi Cap / Multi Cap / ELSS / Focused,2022-11-22,15509.2002
^CRSLDX,Nifty 500,Flexi Cap / Multi Cap / ELSS / Focused,2022-11-23,15538.1504
^CRSLDX,Nifty 500,Flexi Cap / Multi Cap / ELSS / Focused,2022-11-24,15680.7998
^CRSLDX,Nifty 500,Flexi Cap / Multi Cap / ELSS / Focused,2022-11-25,15727.25
^CRSLDX,Nifty 500,Flexi Cap / Multi Cap / ELSS / Focused,2022-11-28,15784.4502
^CRSLDX,Nifty 500,Flexi Cap / Multi Cap / ELSS / Focused,2022-11-29,15812.4502
^CRSLDX,Nifty 500,Flexi Cap / Multi Cap / ELSS / Focused,2022-11-30,15946.1504
^CRSLDX,Nifty 500,Flexi Cap / Multi Cap / ELSS / Focused,2022-12-01,16003.9502
^CRSLDX,Nifty 500,Flexi Cap / Multi Cap / ELSS / Focused,2022-12-02,15963.5
^CRSLDX,Nifty 500,Flexi Cap / Multi Cap / ELSS / Focused,2022-12-05,15967.2002
^CRSLDX,Nifty 500,Flexi Cap / Multi Cap / ELSS / Focused,2022-12-06,15922.8496
^CRSLDX,Nifty 500,Flexi Cap / Multi Cap / ELSS / Focused,2022-12-07,15862.0
^CRSLDX,Nifty 500,Flexi Cap / Multi Cap / ELSS / Focused,2022-12-08,15911.0996
^CRSLDX,Nifty 500,Flexi Cap / Multi Cap / ELSS / Focused,2022-12-09,15812.75
^CRSLDX,Nifty 500,Flexi Cap / Multi Cap / ELSS / Focused,2022-12-12,15828.0
^CRSLDX,Nifty 500,Flexi Cap / Multi Cap / ELSS / Focused,2022-12-13,15904.5
^CRSLDX,Nifty 500,Flexi Cap / Multi Cap / ELSS / Focused,2022-12-14,15963.7998
^CRSLDX,Nifty 500,Flexi Cap / Multi Cap / ELSS / Focused,2022-12-15,15783.7998
^CRSLDX,Nifty 500,Flexi Cap / Multi Cap / ELSS / Focused,2022-12-16,15636.3496
^CRSLDX,Nifty 500,Flexi Cap / Multi Cap / ELSS / Focused,2022-12-19,15755.2002
^CRSLDX,Nifty 500,Flexi Cap / Multi Cap / ELSS / Focused,2022-12-20,15726.2002
^CRSLDX,Nifty 500,Flexi Cap / Multi Cap / ELSS / Focused,2022-12-21,15527.5498
^CRSLDX,Nifty 500,Flexi Cap / Multi Cap / ELSS / Focused,2022-12-22,15431.5
^CRSLDX,Nifty 500,Flexi Cap / Multi Cap / ELSS / Focused,2022-12-23,15046.0
^CRSLDX,Nifty 500,Flexi Cap / Multi Cap / ELSS / Focused,2022-12-27,15418.3496
^CRSLDX,Nifty 500,Flexi Cap / Multi Cap / ELSS / Focused,2022-12-28,15432.7998
^CRSLDX,Nifty 500,Flexi Cap / Multi Cap / ELSS / Focused,2022-12-29,15485.2002
^CRSLDX,Nifty 500,Flexi Cap / Multi Cap / ELSS / Focused,2022-12-30,15448.8496
^CRSLDX,Nifty 500,Flexi Cap / Multi Cap / ELSS / Focused,2023-01-02,15523.6504
^CRSLDX,Nifty 500,Flexi Cap / Multi Cap / ELSS / Focused,2023-01-03,15557.7998
^CRSLDX,Nifty 500,Flexi Cap / Multi Cap / ELSS / Focused,2023-01-04,15393.0
^CRSLDX,Nifty 500,Flexi Cap / Multi Cap / ELSS / Focused,2023-01-05,15386.2002
^CRSLDX,Nifty 500,Flexi Cap / Multi Cap / ELSS / Focused,2023-01-06,15272.0
^CRSLDX,Nifty 500,Flexi Cap / Multi Cap / ELSS / Focused,2023-01-09,15450.0996
^CRSLDX,Nifty 500,Flexi Cap / Multi Cap / ELSS / Focused,2023-01-10,15325.25
^CRSLDX,Nifty 500,Flexi Cap / Multi Cap / ELSS / Focused,2023-01-11,15301.3496
^CRSLDX,Nifty 500,Flexi Cap / Multi Cap / ELSS / Focused,2023-01-12,15279.5996
^CRSLDX,Nifty 500,Flexi Cap / Multi Cap / ELSS / Focused,2023-01-13,15346.0996
^CRSLDX,Nifty 500,Flexi Cap / Multi Cap / ELSS / Focused,2023-01-16,15305.4502
^CRSLDX,Nifty 500,Flexi Cap / Multi Cap / ELSS / Focused,2023-01-17,15396.1504
^CRSLDX,Nifty 500,Flexi Cap / Multi Cap / ELSS / Focused,2023-01-18,15466.3496
^CRSLDX,Nifty 500,Flexi Cap / Multi Cap / ELSS / Focused,2023-01-19,15419.7002
^CRSLDX,Nifty 500,Flexi Cap / Multi Cap / ELSS / Focused,2023-01-20,15347.9004
^CRSLDX,Nifty 500,Flexi Cap / Multi Cap / ELSS / Focused,2023-01-23,15403.2002
^CRSLDX,Nifty 500,Flexi Cap / Multi Cap / ELSS / Focused,2023-01-24,15388.5498
^CRSLDX,Nifty 500,Flexi Cap / Multi Cap / ELSS / Focused,2023-01-25,15171.9502
^CRSLDX,Nifty 500,Flexi Cap / Multi Cap / ELSS / Focused,2023-01-27,14874.75
^CRSLDX,Nifty 500,Flexi Cap / Multi Cap / ELSS / Focused,2023-01-30,14854.2002
^CRSLDX,Nifty 500,Flexi Cap / Multi Cap / ELSS / Focused,2023-01-31,14935.5
^CRSLDX,Nifty 500,Flexi Cap / Multi Cap / ELSS / Focused,2023-02-01,14847.6504
^CRSLDX,Nifty 500,Flexi Cap / Multi Cap / ELSS / Focused,2023-02-02,14839.4004
^CRSLDX,Nifty 500,Flexi Cap / Multi Cap / ELSS / Focused,2023-02-03,14962.3496
^CRSLDX,Nifty 500,Flexi Cap / Multi Cap / ELSS / Focused,2023-02-06,14934.1504
^CRSLDX,Nifty 500,Flexi Cap / Multi Cap / ELSS / Focused,2023-02-07,14902.2002
^CRSLDX,Nifty 500,Flexi Cap / Multi Cap / ELSS / Focused,2023-02-08,15028.2998
^CRSLDX,Nifty 500,Flexi Cap / Multi Cap / ELSS / Focused,2023-02-09,15030.0996
^CRSLDX,Nifty 500,Flexi Cap / Multi Cap / ELSS / Focused,2023-02-10,15015.8496
^CRSLDX,Nifty 500,Flexi Cap / Multi Cap / ELSS / Focused,2023-02-13,14900.5
^CRSLDX,Nifty 500,Flexi Cap / Multi Cap / ELSS / Focused,2023-02-14,14968.9004
^CRSLDX,Nifty 500,Flexi Cap / Multi Cap / ELSS / Focused,2023-02-15,15039.6504
^CRSLDX,Nifty 500,Flexi Cap / Multi Cap / ELSS / Focused,2023-02-16,15083.75
^CRSLDX,Nifty 500,Flexi Cap / Multi Cap / ELSS / Focused,2023-02-17,15003.9502
^CRSLDX,Nifty 500,Flexi Cap / Multi Cap / ELSS / Focused,2023-02-20,14938.6504
^CRSLDX,Nifty 500,Flexi Cap / Multi Cap / ELSS / Focused,2023-02-21,14913.9502
^CRSLDX,Nifty 500,Flexi Cap / Multi Cap / ELSS / Focused,2023-02-22,14701.9004
^CRSLDX,Nifty 500,Flexi Cap / Multi Cap / ELSS / Focused,2023-02-23,14666.75
^CRSLDX,Nifty 500,Flexi Cap / Multi Cap / ELSS / Focused,2023-02-24,14630.4502
^CRSLDX,Nifty 500,Flexi Cap / Multi Cap / ELSS / Focused,2023-02-27,14548.7002
^CRSLDX,Nifty 500,Flexi Cap / Multi Cap / ELSS / Focused,2023-02-28,14518.75
^CRSLDX,Nifty 500,Flexi Cap / Multi Cap / ELSS / Focused,2023-03-01,14664.8496
^CRSLDX,Nifty 500,Flexi Cap / Multi Cap / ELSS / Focused,2023-03-02,14587.25
^CRSLDX,Nifty 500,Flexi Cap / Multi Cap / ELSS / Focused,2023-03-03,14774.75
^CRSLDX,Nifty 500,Flexi Cap / Multi Cap / ELSS / Focused,2023-03-06,14881.0
^CRSLDX,Nifty 500,Flexi Cap / Multi Cap / ELSS / Focused,2023-03-08,14921.9502
^CRSLDX,Nifty 500,Flexi Cap / Multi Cap / ELSS / Focused,2023-03-09,14803.9502
^CRSLDX,Nifty 500,Flexi Cap / Multi Cap / ELSS / Focused,2023-03-10,14679.8496
^CRSLDX,Nifty 500,Flexi Cap / Multi Cap / ELSS / Focused,2023-03-13,14454.4502
^CRSLDX,Nifty 500,Flexi Cap / Multi Cap / ELSS / Focused,2023-03-14,14358.5498
^CRSLDX,Nifty 500,Flexi Cap / Multi Cap / ELSS / Focused,2023-03-15,14320.2998
^CRSLDX,Nifty 500,Flexi Cap / Multi Cap / ELSS / Focused,2023-03-16,14330.3496
^CRSLDX,Nifty 500,Flexi Cap / Multi Cap / ELSS / Focused,2023-03-17,14420.8496
^CRSLDX,Nifty 500,Flexi Cap / Multi Cap / ELSS / Focused,2023-03-20,14317.0996
^CRSLDX,Nifty 500,Flexi Cap / Multi Cap / ELSS / Focused,2023-03-21,14411.2998
^CRSLDX,Nifty 500,Flexi Cap / Multi Cap / ELSS / Focused,2023-03-22,14460.0
^CRSLDX,Nifty 500,Flexi Cap / Multi Cap / ELSS / Focused,2023-03-23,14403.5996
^CRSLDX,Nifty 500,Flexi Cap / Multi Cap / ELSS / Focused,2023-03-24,14279.0
^CRSLDX,Nifty 500,Flexi Cap / Multi Cap / ELSS / Focused,2023-03-27,14262.7002
^CRSLDX,Nifty 500,Flexi Cap / Multi Cap / ELSS / Focused,2023-03-28,14211.7998
^CRSLDX,Nifty 500,Flexi Cap / Multi Cap / ELSS / Focused,2023-03-29,14345.5996
^CRSLDX,Nifty 500,Flexi Cap / Multi Cap / ELSS / Focused,2023-03-31,14557.8496
^CRSLDX,Nifty 500,Flexi Cap / Multi Cap / ELSS / Focused,2023-04-03,14601.9502
^CRSLDX,Nifty 500,Flexi Cap / Multi Cap / ELSS / Focused,2023-04-05,14709.4004
^CRSLDX,Nifty 500,Flexi Cap / Multi Cap / ELSS / Focused,2023-04-06,14759.2002
^CRSLDX,Nifty 500,Flexi Cap / Multi Cap / ELSS / Focused,2023-04-10,14790.5498
^CRSLDX,Nifty 500,Flexi Cap / Multi Cap / ELSS / Focused,2023-04-11,14867.25
^CRSLDX,Nifty 500,Flexi Cap / Multi Cap / ELSS / Focused,2023-04-12,14941.5498
^CRSLDX,Nifty 500,Flexi Cap / Multi Cap / ELSS / Focused,2023-04-13,14954.25
^CRSLDX,Nifty 500,Flexi Cap / Multi Cap / ELSS / Focused,2023-04-17,14904.2998
^CRSLDX,Nifty 500,Flexi Cap / Multi Cap / ELSS / Focused,2023-04-18,14897.0
^CRSLDX,Nifty 500,Flexi Cap / Multi Cap / ELSS / Focused,2023-04-19,14856.9004
^CRSLDX,Nifty 500,Flexi Cap / Multi Cap / ELSS / Focused,2023-04-20,14861.75
^CRSLDX,Nifty 500,Flexi Cap / Multi Cap / ELSS / Focused,2023-04-21,14847.0996
^CRSLDX,Nifty 500,Flexi Cap / Multi Cap / ELSS / Focused,2023-04-24,14930.1504
^CRSLDX,Nifty 500,Flexi Cap / Multi Cap / ELSS / Focused,2023-04-25,14955.7002
^CRSLDX,Nifty 500,Flexi Cap / Multi Cap / ELSS / Focused,2023-04-26,14994.4004
^CRSLDX,Nifty 500,Flexi Cap / Multi Cap / ELSS / Focused,2023-04-27,15075.0498
^CRSLDX,Nifty 500,Flexi Cap / Multi Cap / ELSS / Focused,2023-04-28,15219.5498
^CRSLDX,Nifty 500,Flexi Cap / Multi Cap / ELSS / Focused,2023-05-02,15300.75
^CRSLDX,Nifty 500,Flexi Cap / Multi Cap / ELSS / Focused,2023-05-03,15276.4004
^CRSLDX,Nifty 500,Flexi Cap / Multi Cap / ELSS / Focused,2023-05-04,15405.5
^CRSLDX,Nifty 500,Flexi Cap / Multi Cap / ELSS / Focused,2023-05-05,15278.5996
^CRSLDX,Nifty 500,Flexi Cap / Multi Cap / ELSS / Focused,2023-05-08,15427.0996
^CRSLDX,Nifty 500,Flexi Cap / Multi Cap / ELSS / Focused,2023-05-09,15420.5996
^CRSLDX,Nifty 500,Flexi Cap / Multi Cap / ELSS / Focused,2023-05-10,15466.0498
^CRSLDX,Nifty 500,Flexi Cap / Multi Cap / ELSS / Focused,2023-05-11,15484.0498
^CRSLDX,Nifty 500,Flexi Cap / Multi Cap / ELSS / Focused,2023-05-12,15477.3496
^CRSLDX,Nifty 500,Flexi Cap / Multi Cap / ELSS / Focused,2023-05-15,15549.7002
^CRSLDX,Nifty 500,Flexi Cap / Multi Cap / ELSS / Focused,2023-05-16,15492.4004
^CRSLDX,Nifty 500,Flexi Cap / Multi Cap / ELSS / Focused,2023-05-17,15426.3496
^CRSLDX,Nifty 500,Flexi Cap / Multi Cap / ELSS / Focused,2023-05-18,15361.5996
^CRSLDX,Nifty 500,Flexi Cap / Multi Cap / ELSS / Focused,2023-05-19,15407.5498
^CRSLDX,Nifty 500,Flexi Cap / Multi Cap / ELSS / Focused,2023-05-22,15504.0
^CRSLDX,Nifty 500,Flexi Cap / Multi Cap / ELSS / Focused,2023-05-23,15544.75
^CRSLDX,Nifty 500,Flexi Cap / Multi Cap / ELSS / Focused,2023-05-24,15515.9502
^CRSLDX,Nifty 500,Flexi Cap / Multi Cap / ELSS / Focused,2023-05-25,15555.25
^CRSLDX,Nifty 500,Flexi Cap / Multi Cap / ELSS / Focused,2023-05-26,15696.75
^CRSLDX,Nifty 500,Flexi Cap / Multi Cap / ELSS / Focused,2023-05-29,15772.3496
^CRSLDX,Nifty 500,Flexi Cap / Multi Cap / ELSS / Focused,2023-05-30,15799.4502
^CRSLDX,Nifty 500,Flexi Cap / Multi Cap / ELSS / Focused,2023-05-31,15766.4004
^CRSLDX,Nifty 500,Flexi Cap / Multi Cap / ELSS / Focused,2023-06-01,15760.3496
^CRSLDX,Nifty 500,Flexi Cap / Multi Cap / ELSS / Focused,2023-06-02,15811.2002
^CRSLDX,Nifty 500,Flexi Cap / Multi Cap / ELSS / Focused,2023-06-05,15859.5
^CRSLDX,Nifty 500,Flexi Cap / Multi Cap / ELSS / Focused,2023-06-06,15878.4004
^CRSLDX,Nifty 500,Flexi Cap / Multi Cap / ELSS / Focused,2023-06-07,16006.7002
^CRSLDX,Nifty 500,Flexi Cap / Multi Cap / ELSS / Focused,2023-06-08,15921.0498
^CRSLDX,Nifty 500,Flexi Cap / Multi Cap / ELSS / Focused,2023-06-09,15877.4004
^CRSLDX,Nifty 500,Flexi Cap / Multi Cap / ELSS / Focused,2023-06-12,15929.0996
^CRSLDX,Nifty 500,Flexi Cap / Multi Cap / ELSS / Focused,2023-06-13,16048.2002
^CRSLDX,Nifty 500,Flexi Cap / Multi Cap / ELSS / Focused,2023-06-14,16084.0498
^CRSLDX,Nifty 500,Flexi Cap / Multi Cap / ELSS / Focused,2023-06-15,16058.25
^CRSLDX,Nifty 500,Flexi Cap / Multi Cap / ELSS / Focused,2023-06-16,16181.4502
^CRSLDX,Nifty 500,Flexi Cap / Multi Cap / ELSS / Focused,2023-06-19,16142.1504
^CRSLDX,Nifty 500,Flexi Cap / Multi Cap / ELSS / Focused,2023-06-20,16199.9502
^CRSLDX,Nifty 500,Flexi Cap / Multi Cap / ELSS / Focused,2023-06-21,16240.9502
^CRSLDX,Nifty 500,Flexi Cap / Multi Cap / ELSS / Focused,2023-06-22,16140.7998
^CRSLDX,Nifty 500,Flexi Cap / Multi Cap / ELSS / Focused,2023-06-23,16011.7998
^CRSLDX,Nifty 500,Flexi Cap / Multi Cap / ELSS / Focused,2023-06-26,16066.1504
^CRSLDX,Nifty 500,Flexi Cap / Multi Cap / ELSS / Focused,2023-06-27,16163.5
^CRSLDX,Nifty 500,Flexi Cap / Multi Cap / ELSS / Focused,2023-06-28,16277.2002
^CRSLDX,Nifty 500,Flexi Cap / Multi Cap / ELSS / Focused,2023-06-30,16430.0
^CRSLDX,Nifty 500,Flexi Cap / Multi Cap / ELSS / Focused,2023-07-03,16527.9492
^CRSLDX,Nifty 500,Flexi Cap / Multi Cap / ELSS / Focused,2023-07-04,16556.0508
^CRSLDX,Nifty 500,Flexi Cap / Multi Cap / ELSS / Focused,2023-07-05,16597.1992
^CRSLDX,Nifty 500,Flexi Cap / Multi Cap / ELSS / Focused,2023-07-06,16695.0508
^CRSLDX,Nifty 500,Flexi Cap / Multi Cap / ELSS / Focused,2023-07-07,16564.9004
^CRSLDX,Nifty 500,Flexi Cap / Multi Cap / ELSS / Focused,2023-07-10,16553.75
^CRSLDX,Nifty 500,Flexi Cap / Multi Cap / ELSS / Focused,2023-07-11,16648.0
^CRSLDX,Nifty 500,Flexi Cap / Multi Cap / ELSS / Focused,2023-07-12,16641.0508
^CRSLDX,Nifty 500,Flexi Cap / Multi Cap / ELSS / Focused,2023-07-13,16623.9004
^CRSLDX,Nifty 500,Flexi Cap / Multi Cap / ELSS / Focused,2023-07-14,16765.4492
^CRSLDX,Nifty 500,Flexi Cap / Multi Cap / ELSS / Focused,2023-07-17,16872.0508
^CRSLDX,Nifty 500,Flexi Cap / Multi Cap / ELSS / Focused,2023-07-18,16872.0
^CRSLDX,Nifty 500,Flexi Cap / Multi Cap / ELSS / Focused,2023-07-19,16953.5
^CRSLDX,Nifty 500,Flexi Cap / Multi Cap / ELSS / Focused,2023-07-20,17042.5508
^CRSLDX,Nifty 500,Flexi Cap / Multi Cap / ELSS / Focused,2023-07-21,16904.3008
^CRSLDX,Nifty 500,Flexi Cap / Multi Cap / ELSS / Focused,2023-07-24,16865.1504
^CRSLDX,Nifty 500,Flexi Cap / Multi Cap / ELSS / Focused,2023-07-25,16896.9004
^CRSLDX,Nifty 500,Flexi Cap / Multi Cap / ELSS / Focused,2023-07-26,16975.0
^CRSLDX,Nifty 500,Flexi Cap / Multi Cap / ELSS / Focused,2023-07-27,16919.1992
^CRSLDX,Nifty 500,Flexi Cap / Multi Cap / ELSS / Focused,2023-07-28,16948.3496
^CRSLDX,Nifty 500,Flexi Cap / Multi Cap / ELSS / Focused,2023-07-31,17059.0
^CRSLDX,Nifty 500,Flexi Cap / Multi Cap / ELSS / Focused,2023-08-01,17051.1504
^CRSLDX,Nifty 500,Flexi Cap / Multi Cap / ELSS / Focused,2023-08-02,16858.9492
^CRSLDX,Nifty 500,Flexi Cap / Multi Cap / ELSS / Focused,2023-08-03,16772.3008
^CRSLDX,Nifty 500,Flexi Cap / Multi Cap / ELSS / Focused,2023-08-04,16890.5996
^CRSLDX,Nifty 500,Flexi Cap / Multi Cap / ELSS / Focused,2023-08-07,16956.3496
^CRSLDX,Nifty 500,Flexi Cap / Multi Cap / ELSS / Focused,2023-08-08,16949.25
^CRSLDX,Nifty 500,Flexi Cap / Multi Cap / ELSS / Focused,2023-08-09,17003.8496
^CRSLDX,Nifty 500,Flexi Cap / Multi Cap / ELSS / Focused,2023-08-10,16939.8496
^CRSLDX,Nifty 500,Flexi Cap / Multi Cap / ELSS / Focused,2023-08-11,16860.1504
^CRSLDX,Nifty 500,Flexi Cap / Multi Cap / ELSS / Focused,2023-08-14,16825.5508
^CRSLDX,Nifty 500,Flexi Cap / Multi Cap / ELSS / Focused,2023-08-16,16853.0508
^CRSLDX,Nifty 500,Flexi Cap / Multi Cap / ELSS / Focused,2023-08-17,16802.25
^CRSLDX,Nifty 500,Flexi Cap / Multi Cap / ELSS / Focused,2023-08-18,16757.6992
^CRSLDX,Nifty 500,Flexi Cap / Multi Cap / ELSS / Focused,2023-08-21,16852.0508
^CRSLDX,Nifty 500,Flexi Cap / Multi Cap / ELSS / Focused,2023-08-22,16905.25
^CRSLDX,Nifty 500,Flexi Cap / Multi Cap / ELSS / Focused,2023-08-23,16950.25
^CRSLDX,Nifty 500,Flexi Cap / Multi Cap / ELSS / Focused,2023-08-24,16930.1504
^CRSLDX,Nifty 500,Flexi Cap / Multi Cap / ELSS / Focused,2023-08-25,16820.8496
^CRSLDX,Nifty 500,Flexi Cap / Multi Cap / ELSS / Focused,2023-08-28,16875.3008
^CRSLDX,Nifty 500,Flexi Cap / Multi Cap / ELSS / Focused,2023-08-29,16927.3008
^CRSLDX,Nifty 500,Flexi Cap / Multi Cap / ELSS / Focused,2023-08-30,16968.9492
^CRSLDX,Nifty 500,Flexi Cap / Multi Cap / ELSS / Focused,2023-08-31,16924.3008
^CRSLDX,Nifty 500,Flexi Cap / Multi Cap / ELSS / Focused,2023-09-01,17074.5508
^CRSLDX,Nifty 500,Flexi Cap / Multi Cap / ELSS / Focused,2023-09-04,17180.9492
^CRSLDX,Nifty 500,Flexi Cap / Multi Cap / ELSS / Focused,2023-09-05,17252.0996
^CRSLDX,Nifty 500,Flexi Cap / Multi Cap / ELSS / Focused,2023-09-06,17284.5996
^CRSLDX,Nifty 500,Flexi Cap / Multi Cap / ELSS / Focused,2023-09-07,17385.5
^CRSLDX,Nifty 500,Flexi Cap / Multi Cap / ELSS / Focused,2023-09-08,17487.4492
^CRSLDX,Nifty 500,Flexi Cap / Multi Cap / ELSS / Focused,2023-09-11,17653.3496
^CRSLDX,Nifty 500,Flexi Cap / Multi Cap / ELSS / Focused,2023-09-12,17460.5508
^CRSLDX,Nifty 500,Flexi Cap / Multi Cap / ELSS / Focused,2023-09-13,17526.75
^CRSLDX,Nifty 500,Flexi Cap / Multi Cap / ELSS / Focused,2023-09-14,17603.5
^CRSLDX,Nifty 500,Flexi Cap / Multi Cap / ELSS / Focused,2023-09-15,17665.8008
^CRSLDX,Nifty 500,Flexi Cap / Multi Cap / ELSS / Focused,2023-09-18,17613.5996
^CRSLDX,Nifty 500,Flexi Cap / Multi Cap / ELSS / Focused,2023-09-20,17449.3496
^CRSLDX,Nifty 500,Flexi Cap / Multi Cap / ELSS / Focused,2023-09-21,17303.5
^CRSLDX,Nifty 500,Flexi Cap / Multi Cap / ELSS / Focused,2023-09-22,17260.8008
^CRSLDX,Nifty 500,Flexi Cap / Multi Cap / ELSS / Focused,2023-09-25,17272.5508
^CRSLDX,Nifty 500,Flexi Cap / Multi Cap / ELSS / Focused,2023-09-26,17276.75
^CRSLDX,Nifty 500,Flexi Cap / Multi Cap / ELSS / Focused,2023-09-27,17341.5996
^CRSLDX,Nifty 500,Flexi Cap / Multi Cap / ELSS / Focused,2023-09-28,17170.4492
^CRSLDX,Nifty 500,Flexi Cap / Multi Cap / ELSS / Focused,2023-09-29,17292.5996
^CRSLDX,Nifty 500,Flexi Cap / Multi Cap / ELSS / Focused,2023-10-03,17254.4004
^CRSLDX,Nifty 500,Flexi Cap / Multi Cap / ELSS / Focused,2023-10-04,17123.0996
^CRSLDX,Nifty 500,Flexi Cap / Multi Cap / ELSS / Focused,2023-10-05,17195.8008
^CRSLDX,Nifty 500,Flexi Cap / Multi Cap / ELSS / Focused,2023-10-06,17293.5996
^CRSLDX,Nifty 500,Flexi Cap / Multi Cap / ELSS / Focused,2023-10-09,17127.6992
^CRSLDX,Nifty 500,Flexi Cap / Multi Cap / ELSS / Focused,2023-10-10,17303.3496
^CRSLDX,Nifty 500,Flexi Cap / Multi Cap / ELSS / Focused,2023-10-11,17407.3496
^CRSLDX,Nifty 500,Flexi Cap / Multi Cap / ELSS / Focused,2023-10-12,17419.6992
^CRSLDX,Nifty 500,Flexi Cap / Multi Cap / ELSS / Focused,2023-10-13,17390.3496
^CRSLDX,Nifty 500,Flexi Cap / Multi Cap / ELSS / Focused,2023-10-16,17393.0
^CRSLDX,Nifty 500,Flexi Cap / Multi Cap / ELSS / Focused,2023-10-17,17467.6992
^CRSLDX,Nifty 500,Flexi Cap / Multi Cap / ELSS / Focused,2023-10-18,17344.0
^CRSLDX,Nifty 500,Flexi Cap / Multi Cap / ELSS / Focused,2023-10-19,17310.5
^CRSLDX,Nifty 500,Flexi Cap / Multi Cap / ELSS / Focused,2023-10-20,17208.75
^CRSLDX,Nifty 500,Flexi Cap / Multi Cap / ELSS / Focused,2023-10-23,16888.6992
^CRSLDX,Nifty 500,Flexi Cap / Multi Cap / ELSS / Focused,2023-10-25,16760.8008
^CRSLDX,Nifty 500,Flexi Cap / Multi Cap / ELSS / Focused,2023-10-26,16555.4492
^CRSLDX,Nifty 500,Flexi Cap / Multi Cap / ELSS / Focused,2023-10-27,16765.4492
^CRSLDX,Nifty 500,Flexi Cap / Multi Cap / ELSS / Focused,2023-10-30,16826.0996
^CRSLDX,Nifty 500,Flexi Cap / Multi Cap / ELSS / Focused,2023-10-31,16801.0996
^CRSLDX,Nifty 500,Flexi Cap / Multi Cap / ELSS / Focused,2023-11-01,16732.9492
^CRSLDX,Nifty 500,Flexi Cap / Multi Cap / ELSS / Focused,2023-11-02,16890.8008
^CRSLDX,Nifty 500,Flexi Cap / Multi Cap / ELSS / Focused,2023-11-03,17000.9492
^CRSLDX,Nifty 500,Flexi Cap / Multi Cap / ELSS / Focused,2023-11-06,17159.4004
^CRSLDX,Nifty 500,Flexi Cap / Multi Cap / ELSS / Focused,2023-11-07,17187.8008
^CRSLDX,Nifty 500,Flexi Cap / Multi Cap / ELSS / Focused,2023-11-08,17259.6992
^CRSLDX,Nifty 500,Flexi Cap / Multi Cap / ELSS / Focused,2023-11-09,17218.9004
^CRSLDX,Nifty 500,Flexi Cap / Multi Cap / ELSS / Focused,2023-11-10,17256.5996
^CRSLDX,Nifty 500,Flexi Cap / Multi Cap / ELSS / Focused,2023-11-13,17318.5996
^CRSLDX,Nifty 500,Flexi Cap / Multi Cap / ELSS / Focused,2023-11-15,17508.0508
^CRSLDX,Nifty 500,Flexi Cap / Multi Cap / ELSS / Focused,2023-11-16,17593.0996
^CRSLDX,Nifty 500,Flexi Cap / Multi Cap / ELSS / Focused,2023-11-17,17600.5
^CRSLDX,Nifty 500,Flexi Cap / Multi Cap / ELSS / Focused,2023-11-20,17573.6504
^CRSLDX,Nifty 500,Flexi Cap / Multi Cap / ELSS / Focused,2023-11-21,17627.5996
^CRSLDX,Nifty 500,Flexi Cap / Multi Cap / ELSS / Focused,2023-11-22,17627.6992
^CRSLDX,Nifty 500,Flexi Cap / Multi Cap / ELSS / Focused,2023-11-23,17639.4004
^CRSLDX,Nifty 500,Flexi Cap / Multi Cap / ELSS / Focused,2023-11-24,17643.5
^CRSLDX,Nifty 500,Flexi Cap / Multi Cap / ELSS / Focused,2023-11-28,17741.8008
^CRSLDX,Nifty 500,Flexi Cap / Multi Cap / ELSS / Focused,2023-11-29,17904.0996
^CRSLDX,Nifty 500,Flexi Cap / Multi Cap / ELSS / Focused,2023-11-30,17987.9492
^CRSLDX,Nifty 500,Flexi Cap / Multi Cap / ELSS / Focused,2023-12-01,18115.3496
^CRSLDX,Nifty 500,Flexi Cap / Multi Cap / ELSS / Focused,2023-12-04,18448.5
^CRSLDX,Nifty 500,Flexi Cap / Multi Cap / ELSS / Focused,2023-12-05,18588.5508
^CRSLDX,Nifty 500,Flexi Cap / Multi Cap / ELSS / Focused,2023-12-06,18680.0
^CRSLDX,Nifty 500,Flexi Cap / Multi Cap / ELSS / Focused,2023-12-07,18703.8496
^CRSLDX,Nifty 500,Flexi Cap / Multi Cap / ELSS / Focused,2023-12-08,18703.5
^CRSLDX,Nifty 500,Flexi Cap / Multi Cap / ELSS / Focused,2023-12-11,18770.1992
^CRSLDX,Nifty 500,Flexi Cap / Multi Cap / ELSS / Focused,2023-12-12,18686.8008
^CRSLDX,Nifty 500,Flexi Cap / Multi Cap / ELSS / Focused,2023-12-13,18751.4492
^CRSLDX,Nifty 500,Flexi Cap / Multi Cap / ELSS / Focused,2023-12-14,18973.8496
^CRSLDX,Nifty 500,Flexi Cap / Multi Cap / ELSS / Focused,2023-12-15,19145.0508
^CRSLDX,Nifty 500,Flexi Cap / Multi Cap / ELSS / Focused,2023-12-18,19155.5508
^CRSLDX,Nifty 500,Flexi Cap / Multi Cap / ELSS / Focused,2023-12-19,19169.25
^CRSLDX,Nifty 500,Flexi Cap / Multi Cap / ELSS / Focused,2023-12-20,18779.4492
^CRSLDX,Nifty 500,Flexi Cap / Multi Cap / ELSS / Focused,2023-12-21,18941.8008
^CRSLDX,Nifty 500,Flexi Cap / Multi Cap / ELSS / Focused,2023-12-22,19054.6992
^CRSLDX,Nifty 500,Flexi Cap / Multi Cap / ELSS / Focused,2023-12-26,19148.8496
^CRSLDX,Nifty 500,Flexi Cap / Multi Cap / ELSS / Focused,2023-12-27,19296.9492
^CRSLDX,Nifty 500,Flexi Cap / Multi Cap / ELSS / Focused,2023-12-28,19399.25
^CRSLDX,Nifty 500,Flexi Cap / Multi Cap / ELSS / Focused,2023-12-29,19429.1504
^CRSLDX,Nifty 500,Flexi Cap / Multi Cap / ELSS / Focused,2024-01-02,19418.4004
^CRSLDX,Nifty 500,Flexi Cap / Multi Cap / ELSS / Focused,2024-01-03,19367.1504
^CRSLDX,Nifty 500,Flexi Cap / Multi Cap / ELSS / Focused,2024-01-04,19541.25
^CRSLDX,Nifty 500,Flexi Cap / Multi Cap / ELSS / Focused,2024-01-05,19590.5996
^CRSLDX,Nifty 500,Flexi Cap / Multi Cap / ELSS / Focused,2024-01-08,19417.6992
^CRSLDX,Nifty 500,Flexi Cap / Multi Cap / ELSS / Focused,2024-01-09,19459.5508
^CRSLDX,Nifty 500,Flexi Cap / Multi Cap / ELSS / Focused,2024-01-10,19517.8496
^CRSLDX,Nifty 500,Flexi Cap / Multi Cap / ELSS / Focused,2024-01-11,19584.3496
^CRSLDX,Nifty 500,Flexi Cap / Multi Cap / ELSS / Focused,2024-01-12,19745.5996
^CRSLDX,Nifty 500,Flexi Cap / Multi Cap / ELSS / Focused,2024-01-15,19885.5508
^CRSLDX,Nifty 500,Flexi Cap / Multi Cap / ELSS / Focused,2024-01-16,19827.5508
^CRSLDX,Nifty 500,Flexi Cap / Multi Cap / ELSS / Focused,2024-01-17,19487.5996
^CRSLDX,Nifty 500,Flexi Cap / Multi Cap / ELSS / Focused,2024-01-18,19414.8008
^CRSLDX,Nifty 500,Flexi Cap / Multi Cap / ELSS / Focused,2024-01-19,19606.4004
^CRSLDX,Nifty 500,Flexi Cap / Multi Cap / ELSS / Focused,2024-01-23,19206.4492
^CRSLDX,Nifty 500,Flexi Cap / Multi Cap / ELSS / Focused,2024-01-24,19451.0
^CRSLDX,Nifty 500,Flexi Cap / Multi Cap / ELSS / Focused,2024-01-25,19393.0
^CRSLDX,Nifty 500,Flexi Cap / Multi Cap / ELSS / Focused,2024-01-29,19711.6504
^CRSLDX,Nifty 500,Flexi Cap / Multi Cap / ELSS / Focused,2024-01-30,19574.1992
^CRSLDX,Nifty 500,Flexi Cap / Multi Cap / ELSS / Focused,2024-01-31,19802.0996
^CRSLDX,Nifty 500,Flexi Cap / Multi Cap / ELSS / Focused,2024-02-01,19777.3496
^CRSLDX,Nifty 500,Flexi Cap / Multi Cap / ELSS / Focused,2024-02-02,19910.8008
^CRSLDX,Nifty 500,Flexi Cap / Multi Cap / ELSS / Focused,2024-02-05,19853.5
^CRSLDX,Nifty 500,Flexi Cap / Multi Cap / ELSS / Focused,2024-02-06,20033.75
^CRSLDX,Nifty 500,Flexi Cap / Multi Cap / ELSS / Focused,2024-02-07,20109.5508
^CRSLDX,Nifty 500,Flexi Cap / Multi Cap / ELSS / Focused,2024-02-08,19987.5508
^CRSLDX,Nifty 500,Flexi Cap / Multi Cap / ELSS / Focused,2024-02-09,19961.5
^CRSLDX,Nifty 500,Flexi Cap / Multi Cap / ELSS / Focused,2024-02-12,19675.1992
^CRSLDX,Nifty 500,Flexi Cap / Multi Cap / ELSS / Focused,2024-02-13,19782.9004
^CRSLDX,Nifty 500,Flexi Cap / Multi Cap / ELSS / Focused,2024-02-14,19922.3008
^CRSLDX,Nifty 500,Flexi Cap / Multi Cap / ELSS / Focused,2024-02-15,20037.0
^CRSLDX,Nifty 500,Flexi Cap / Multi Cap / ELSS / Focused,2024-02-16,20164.9004
^CRSLDX,Nifty 500,Flexi Cap / Multi Cap / ELSS / Focused,2024-02-20,20271.9004
^CRSLDX,Nifty 500,Flexi Cap / Multi Cap / ELSS / Focused,2024-02-21,20128.3008
^CRSLDX,Nifty 500,Flexi Cap / Multi Cap / ELSS / Focused,2024-02-22,20283.9492
^CRSLDX,Nifty 500,Flexi Cap / Multi Cap / ELSS / Focused,2024-02-23,20313.5
^CRSLDX,Nifty 500,Flexi Cap / Multi Cap / ELSS / Focused,2024-02-26,20255.8008
^CRSLDX,Nifty 500,Flexi Cap / Multi Cap / ELSS / Focused,2024-02-27,20292.8496
^CRSLDX,Nifty 500,Flexi Cap / Multi Cap / ELSS / Focused,2024-02-28,20020.4004
^CRSLDX,Nifty 500,Flexi Cap / Multi Cap / ELSS / Focused,2024-02-29,20090.0508
^CRSLDX,Nifty 500,Flexi Cap / Multi Cap / ELSS / Focused,2024-03-01,20349.8008
^CRSLDX,Nifty 500,Flexi Cap / Multi Cap / ELSS / Focused,2024-03-04,20432.0508
^CRSLDX,Nifty 500,Flexi Cap / Multi Cap / ELSS / Focused,2024-03-05,20382.0
^CRSLDX,Nifty 500,Flexi Cap / Multi Cap / ELSS / Focused,2024-03-06,20379.5508
^CRSLDX,Nifty 500,Flexi Cap / Multi Cap / ELSS / Focused,2024-03-07,20434.8008
^CRSLDX,Nifty 500,Flexi Cap / Multi Cap / ELSS / Focused,2024-03-11,20288.75
^CRSLDX,Nifty 500,Flexi Cap / Multi Cap / ELSS / Focused,2024-03-12,20171.4004
^CRSLDX,Nifty 500,Flexi Cap / Multi Cap / ELSS / Focused,2024-03-13,19646.3008
^CRSLDX,Nifty 500,Flexi Cap / Multi Cap / ELSS / Focused,2024-03-14,19916.3496
^CRSLDX,Nifty 500,Flexi Cap / Multi Cap / ELSS / Focused,2024-03-15,19825.1992
^CRSLDX,Nifty 500,Flexi Cap / Multi Cap / ELSS / Focused,2024-03-18,19843.0996
^CRSLDX,Nifty 500,Flexi Cap / Multi Cap / ELSS / Focused,2024-03-19,19610.5508
^CRSLDX,Nifty 500,Flexi Cap / Multi Cap / ELSS / Focused,2024-03-20,19632.0508
^CRSLDX,Nifty 500,Flexi Cap / Multi Cap / ELSS / Focused,2024-03-21,19897.4004
^CRSLDX,Nifty 500,Flexi Cap / Multi Cap / ELSS / Focused,2024-03-22,19994.5996
^CRSLDX,Nifty 500,Flexi Cap / Multi Cap / ELSS / Focused,2024-03-26,20005.25
^CRSLDX,Nifty 500,Flexi Cap / Multi Cap / ELSS / Focused,2024-03-27,20087.8008
^CRSLDX,Nifty 500,Flexi Cap / Multi Cap / ELSS / Focused,2024-03-28,20255.1504
^CRSLDX,Nifty 500,Flexi Cap / Multi Cap / ELSS / Focused,2024-04-01,20492.5508
^CRSLDX,Nifty 500,Flexi Cap / Multi Cap / ELSS / Focused,2024-04-02,20569.75
^CRSLDX,Nifty 500,Flexi Cap / Multi Cap / ELSS / Focused,2024-04-03,20605.6992
^CRSLDX,Nifty 500,Flexi Cap / Multi Cap / ELSS / Focused,2024-04-04,20664.6504
^CRSLDX,Nifty 500,Flexi Cap / Multi Cap / ELSS / Focused,2024-04-05,20715.0996
^CRSLDX,Nifty 500,Flexi Cap / Multi Cap / ELSS / Focused,2024-04-08,20819.0996
^CRSLDX,Nifty 500,Flexi Cap / Multi Cap / ELSS / Focused,2024-04-09,20790.6992
^CRSLDX,Nifty 500,Flexi Cap / Multi Cap / ELSS / Focused,2024-04-10,20915.1992
^CRSLDX,Nifty 500,Flexi Cap / Multi Cap / ELSS / Focused,2024-04-12,20745.5
^CRSLDX,Nifty 500,Flexi Cap / Multi Cap / ELSS / Focused,2024-04-15,20478.75
^CRSLDX,Nifty 500,Flexi Cap / Multi Cap / ELSS / Focused,2024-04-16,20423.0
^CRSLDX,Nifty 500,Flexi Cap / Multi Cap / ELSS / Focused,2024-04-18,20324.6992
^CRSLDX,Nifty 500,Flexi Cap / Multi Cap / ELSS / Focused,2024-04-19,20385.1992
^CRSLDX,Nifty 500,Flexi Cap / Multi Cap / ELSS / Focused,2024-04-22,20574.8496
^CRSLDX,Nifty 500,Flexi Cap / Multi Cap / ELSS / Focused,2024-04-23,20652.6504
^CRSLDX,Nifty 500,Flexi Cap / Multi Cap / ELSS / Focused,2024-04-24,20730.6504
^CRSLDX,Nifty 500,Flexi Cap / Multi Cap / ELSS / Focused,2024-04-25,20867.9004
^CRSLDX,Nifty 500,Flexi Cap / Multi Cap / ELSS / Focused,2024-04-26,20839.3496
^CRSLDX,Nifty 500,Flexi Cap / Multi Cap / ELSS / Focused,2024-04-29,20992.1992
^CRSLDX,Nifty 500,Flexi Cap / Multi Cap / ELSS / Focused,2024-04-30,20997.1992
^CRSLDX,Nifty 500,Flexi Cap / Multi Cap / ELSS / Focused,2024-05-02,21083.5996
^CRSLDX,Nifty 500,Flexi Cap / Multi Cap / ELSS / Focused,2024-05-03,20959.5508
^CRSLDX,Nifty 500,Flexi Cap / Multi Cap / ELSS / Focused,2024-05-06,20864.9492
^CRSLDX,Nifty 500,Flexi Cap / Multi Cap / ELSS / Focused,2024-05-07,20636.0508
^CRSLDX,Nifty 500,Flexi Cap / Multi Cap / ELSS / Focused,2024-05-08,20704.9004
^CRSLDX,Nifty 500,Flexi Cap / Multi Cap / ELSS / Focused,2024-05-09,20344.8008
^CRSLDX,Nifty 500,Flexi Cap / Multi Cap / ELSS / Focused,2024-05-10,20469.0996
^CRSLDX,Nifty 500,Flexi Cap / Multi Cap / ELSS / Focused,2024-05-13,20511.0
^CRSLDX,Nifty 500,Flexi Cap / Multi Cap / ELSS / Focused,2024-05-14,20683.8008
^CRSLDX,Nifty 500,Flexi Cap / Multi Cap / ELSS / Focused,2024-05-15,20741.8496
^CRSLDX,Nifty 500,Flexi Cap / Multi Cap / ELSS / Focused,2024-05-16,20929.0508
^CRSLDX,Nifty 500,Flexi Cap / Multi Cap / ELSS / Focused,2024-05-17,21064.5508
^CRSLDX,Nifty 500,Flexi Cap / Multi Cap / ELSS / Focused,2024-05-21,21187.6504
^CRSLDX,Nifty 500,Flexi Cap / Multi Cap / ELSS / Focused,2024-05-22,21237.75
^CRSLDX,Nifty 500,Flexi Cap / Multi Cap / ELSS / Focused,2024-05-23,21489.5508
^CRSLDX,Nifty 500,Flexi Cap / Multi Cap / ELSS / Focused,2024-05-24,21483.75
^CRSLDX,Nifty 500,Flexi Cap / Multi Cap / ELSS / Focused,2024-05-27,21493.0
^CRSLDX,Nifty 500,Flexi Cap / Multi Cap / ELSS / Focused,2024-05-28,21387.3496
^CRSLDX,Nifty 500,Flexi Cap / Multi Cap / ELSS / Focused,2024-05-29,21256.3008
^CRSLDX,Nifty 500,Flexi Cap / Multi Cap / ELSS / Focused,2024-05-30,21038.5508
^CRSLDX,Nifty 500,Flexi Cap / Multi Cap / ELSS / Focused,2024-05-31,21103.3008
^CRSLDX,Nifty 500,Flexi Cap / Multi Cap / ELSS / Focused,2024-06-03,21797.4004
^CRSLDX,Nifty 500,Flexi Cap / Multi Cap / ELSS / Focused,2024-06-04,20323.8496
^CRSLDX,Nifty 500,Flexi Cap / Multi Cap / ELSS / Focused,2024-06-05,21054.4004
^CRSLDX,Nifty 500,Flexi Cap / Multi Cap / ELSS / Focused,2024-06-06,21365.0
^CRSLDX,Nifty 500,Flexi Cap / Multi Cap / ELSS / Focused,2024-06-07,21764.1504
^CRSLDX,Nifty 500,Flexi Cap / Multi Cap / ELSS / Focused,2024-06-10,21808.25
^CRSLDX,Nifty 500,Flexi Cap / Multi Cap / ELSS / Focused,2024-06-11,21852.0
^CRSLDX,Nifty 500,Flexi Cap / Multi Cap / ELSS / Focused,2024-06-12,21960.9492
^CRSLDX,Nifty 500,Flexi Cap / Multi Cap / ELSS / Focused,2024-06-13,22074.3008
^CRSLDX,Nifty 500,Flexi Cap / Multi Cap / ELSS / Focused,2024-06-14,22214.3008
^CRSLDX,Nifty 500,Flexi Cap / Multi Cap / ELSS / Focused,2024-06-18,22329.5996
^CRSLDX,Nifty 500,Flexi Cap / Multi Cap / ELSS / Focused,2024-06-19,22224.9004
^CRSLDX,Nifty 500,Flexi Cap / Multi Cap / ELSS / Focused,2024-06-20,22305.0996
^CRSLDX,Nifty 500,Flexi Cap / Multi Cap / ELSS / Focused,2024-06-21,22236.1992
^CRSLDX,Nifty 500,Flexi Cap / Multi Cap / ELSS / Focused,2024-06-24,22289.0996
^CRSLDX,Nifty 500,Flexi Cap / Multi Cap / ELSS / Focused,2024-06-25,22370.6504
^CRSLDX,Nifty 500,Flexi Cap / Multi Cap / ELSS / Focused,2024-06-26,22436.8008
^CRSLDX,Nifty 500,Flexi Cap / Multi Cap / ELSS / Focused,2024-06-27,22537.4004
^CRSLDX,Nifty 500,Flexi Cap / Multi Cap / ELSS / Focused,2024-06-28,22559.6992
^CRSLDX,Nifty 500,Flexi Cap / Multi Cap / ELSS / Focused,2024-07-01,22727.5996
^CRSLDX,Nifty 500,Flexi Cap / Multi Cap / ELSS / Focused,2024-07-02,22677.8008
^CRSLDX,Nifty 500,Flexi Cap / Multi Cap / ELSS / Focused,2024-07-03,22851.1992
^CRSLDX,Nifty 500,Flexi Cap / Multi Cap / ELSS / Focused,2024-07-04,22914.1992
^CRSLDX,Nifty 500,Flexi Cap / Multi Cap / ELSS / Focused,2024-07-05,22987.6504
^CRSLDX,Nifty 500,Flexi Cap / Multi Cap / ELSS / Focused,2024-07-08,22971.1504
^CRSLDX,Nifty 500,Flexi Cap / Multi Cap / ELSS / Focused,2024-07-09,23067.3496
^CRSLDX,Nifty 500,Flexi Cap / Multi Cap / ELSS / Focused,2024-07-10,22977.6504
^CRSLDX,Nifty 500,Flexi Cap / Multi Cap / ELSS / Focused,2024-07-11,23005.25
^CRSLDX,Nifty 500,Flexi Cap / Multi Cap / ELSS / Focused,2024-07-12,23095.4492
^CRSLDX,Nifty 500,Flexi Cap / Multi Cap / ELSS / Focused,2024-07-15,23209.8496
^CRSLDX,Nifty 500,Flexi Cap / Multi Cap / ELSS / Focused,2024-07-16,23204.25
^CRSLDX,Nifty 500,Flexi Cap / Multi Cap / ELSS / Focused,2024-07-18,23210.0508
^CRSLDX,Nifty 500,Flexi Cap / Multi Cap / ELSS / Focused,2024-07-19,22853.5996
^CRSLDX,Nifty 500,Flexi Cap / Multi Cap / ELSS / Focused,2024-07-22,22942.6504
^CRSLDX,Nifty 500,Flexi Cap / Multi Cap / ELSS / Focused,2024-07-23,22865.1992
^CRSLDX,Nifty 500,Flexi Cap / Multi Cap / ELSS / Focused,2024-07-24,22921.4492
^CRSLDX,Nifty 500,Flexi Cap / Multi Cap / ELSS / Focused,2024-07-25,22917.25
^CRSLDX,Nifty 500,Flexi Cap / Multi Cap / ELSS / Focused,2024-07-26,23292.0508
^CRSLDX,Nifty 500,Flexi Cap / Multi Cap / ELSS / Focused,2024-07-29,23394.1992
^CRSLDX,Nifty 500,Flexi Cap / Multi Cap / ELSS / Focused,2024-07-30,23440.9004
^CRSLDX,Nifty 500,Flexi Cap / Multi Cap / ELSS / Focused,2024-07-31,23530.8008
^CRSLDX,Nifty 500,Flexi Cap / Multi Cap / ELSS / Focused,2024-08-01,23506.5996
^CRSLDX,Nifty 500,Flexi Cap / Multi Cap / ELSS / Focused,2024-08-02,23259.4492
^CRSLDX,Nifty 500,Flexi Cap / Multi Cap / ELSS / Focused,2024-08-05,22542.4492
^CRSLDX,Nifty 500,Flexi Cap / Multi Cap / ELSS / Focused,2024-08-06,22443.3008
^CRSLDX,Nifty 500,Flexi Cap / Multi Cap / ELSS / Focused,2024-08-07,22848.9004
^CRSLDX,Nifty 500,Flexi Cap / Multi Cap / ELSS / Focused,2024-08-08,22705.6992
^CRSLDX,Nifty 500,Flexi Cap / Multi Cap / ELSS / Focused,2024-08-09,22923.5
^CRSLDX,Nifty 500,Flexi Cap / Multi Cap / ELSS / Focused,2024-08-12,22915.8496
^CRSLDX,Nifty 500,Flexi Cap / Multi Cap / ELSS / Focused,2024-08-13,22705.8008
^CRSLDX,Nifty 500,Flexi Cap / Multi Cap / ELSS / Focused,2024-08-14,22672.6504
^CRSLDX,Nifty 500,Flexi Cap / Multi Cap / ELSS / Focused,2024-08-16,23056.5
^CRSLDX,Nifty 500,Flexi Cap / Multi Cap / ELSS / Focused,2024-08-19,23139.75
^CRSLDX,Nifty 500,Flexi Cap / Multi Cap / ELSS / Focused,2024-08-20,23280.3496
^CRSLDX,Nifty 500,Flexi Cap / Multi Cap / ELSS / Focused,2024-08-21,23368.6504
^CRSLDX,Nifty 500,Flexi Cap / Multi Cap / ELSS / Focused,2024-08-22,23440.6992
^CRSLDX,Nifty 500,Flexi Cap / Multi Cap / ELSS / Focused,2024-08-23,23418.6504
^CRSLDX,Nifty 500,Flexi Cap / Multi Cap / ELSS / Focused,2024-08-26,23561.75
^CRSLDX,Nifty 500,Flexi Cap / Multi Cap / ELSS / Focused,2024-08-27,23604.8496
^CRSLDX,Nifty 500,Flexi Cap / Multi Cap / ELSS / Focused,2024-08-28,23615.9492
^CRSLDX,Nifty 500,Flexi Cap / Multi Cap / ELSS / Focused,2024-08-29,23631.4004
^CRSLDX,Nifty 500,Flexi Cap / Multi Cap / ELSS / Focused,2024-08-30,23734.5508
^CRSLDX,Nifty 500,Flexi Cap / Multi Cap / ELSS / Focused,2024-09-02,23760.6992
^CRSLDX,Nifty 500,Flexi Cap / Multi Cap / ELSS / Focused,2024-09-03,23788.4492
^CRSLDX,Nifty 500,Flexi Cap / Multi Cap / ELSS / Focused,2024-09-04,23748.9004
^CRSLDX,Nifty 500,Flexi Cap / Multi Cap / ELSS / Focused,2024-09-05,23762.8008
^CRSLDX,Nifty 500,Flexi Cap / Multi Cap / ELSS / Focused,2024-09-06,23477.6992
^CRSLDX,Nifty 500,Flexi Cap / Multi Cap / ELSS / Focused,2024-09-09,23502.1504
^CRSLDX,Nifty 500,Flexi Cap / Multi Cap / ELSS / Focused,2024-09-10,23643.6504
^CRSLDX,Nifty 500,Flexi Cap / Multi Cap / ELSS / Focused,2024-09-11,23531.25
^CRSLDX,Nifty 500,Flexi Cap / Multi Cap / ELSS / Focused,2024-09-12,23907.3496
^CRSLDX,Nifty 500,Flexi Cap / Multi Cap / ELSS / Focused,2024-09-13,23928.1992
^CRSLDX,Nifty 500,Flexi Cap / Multi Cap / ELSS / Focused,2024-09-16,23968.1992
^CRSLDX,Nifty 500,Flexi Cap / Multi Cap / ELSS / Focused,2024-09-17,23969.9004
^CRSLDX,Nifty 500,Flexi Cap / Multi Cap / ELSS / Focused,2024-09-18,23898.6504
^CRSLDX,Nifty 500,Flexi Cap / Multi Cap / ELSS / Focused,2024-09-19,23853.9492
^CRSLDX,Nifty 500,Flexi Cap / Multi Cap / ELSS / Focused,2024-09-20,24193.8008
^CRSLDX,Nifty 500,Flexi Cap / Multi Cap / ELSS / Focused,2024-09-23,24379.1992
^CRSLDX,Nifty 500,Flexi Cap / Multi Cap / ELSS / Focused,2024-09-24,24389.6992
^CRSLDX,Nifty 500,Flexi Cap / Multi Cap / ELSS / Focused,2024-09-25,24371.25
^CRSLDX,Nifty 500,Flexi Cap / Multi Cap / ELSS / Focused,2024-09-26,24496.9004
^CRSLDX,Nifty 500,Flexi Cap / Multi Cap / ELSS / Focused,2024-09-27,24489.5508
^CRSLDX,Nifty 500,Flexi Cap / Multi Cap / ELSS / Focused,2024-09-30,24245.1992
^CRSLDX,Nifty 500,Flexi Cap / Multi Cap / ELSS / Focused,2024-10-01,24271.3008
^CRSLDX,Nifty 500,Flexi Cap / Multi Cap / ELSS / Focused,2024-10-03,23755.4492
^CRSLDX,Nifty 500,Flexi Cap / Multi Cap / ELSS / Focused,2024-10-04,23534.9492
^CRSLDX,Nifty 500,Flexi Cap / Multi Cap / ELSS / Focused,2024-10-07,23181.9492
^CRSLDX,Nifty 500,Flexi Cap / Multi Cap / ELSS / Focused,2024-10-08,23512.5508
^CRSLDX,Nifty 500,Flexi Cap / Multi Cap / ELSS / Focused,2024-10-09,23599.5996
^CRSLDX,Nifty 500,Flexi Cap / Multi Cap / ELSS / Focused,2024-10-10,23598.1504
^CRSLDX,Nifty 500,Flexi Cap / Multi Cap / ELSS / Focused,2024-10-11,23611.25
^CRSLDX,Nifty 500,Flexi Cap / Multi Cap / ELSS / Focused,2024-10-14,23727.0508
^CRSLDX,Nifty 500,Flexi Cap / Multi Cap / ELSS / Focused,2024-10-15,23735.6992
^CRSLDX,Nifty 500,Flexi Cap / Multi Cap / ELSS / Focused,2024-10-16,23673.1504
^CRSLDX,Nifty 500,Flexi Cap / Multi Cap / ELSS / Focused,2024-10-17,23377.0
^CRSLDX,Nifty 500,Flexi Cap / Multi Cap / ELSS / Focused,2024-10-18,23440.6992
^CRSLDX,Nifty 500,Flexi Cap / Multi Cap / ELSS / Focused,2024-10-21,23263.25
^CRSLDX,Nifty 500,Flexi Cap / Multi Cap / ELSS / Focused,2024-10-22,22814.4492
^CRSLDX,Nifty 500,Flexi Cap / Multi Cap / ELSS / Focused,2024-10-23,22841.0996
^CRSLDX,Nifty 500,Flexi Cap / Multi Cap / ELSS / Focused,2024-10-24,22787.8496
^CRSLDX,Nifty 500,Flexi Cap / Multi Cap / ELSS / Focused,2024-10-25,22499.0508
^CRSLDX,Nifty 500,Flexi Cap / Multi Cap / ELSS / Focused,2024-10-28,22649.9492
^CRSLDX,Nifty 500,Flexi Cap / Multi Cap / ELSS / Focused,2024-10-29,22795.0508
^CRSLDX,Nifty 500,Flexi Cap / Multi Cap / ELSS / Focused,2024-10-30,22749.8008
^CRSLDX,Nifty 500,Flexi Cap / Multi Cap / ELSS / Focused,2024-10-31,22689.3496
^CRSLDX,Nifty 500,Flexi Cap / Multi Cap / ELSS / Focused,2024-11-01,22823.5508
^CRSLDX,Nifty 500,Flexi Cap / Multi Cap / ELSS / Focused,2024-11-04,22518.3008
^CRSLDX,Nifty 500,Flexi Cap / Multi Cap / ELSS / Focused,2024-11-05,22679.8496
^CRSLDX,Nifty 500,Flexi Cap / Multi Cap / ELSS / Focused,2024-11-06,23031.1992
^CRSLDX,Nifty 500,Flexi Cap / Multi Cap / ELSS / Focused,2024-11-07,22806.25
^CRSLDX,Nifty 500,Flexi Cap / Multi Cap / ELSS / Focused,2024-11-08,22645.6504
^CRSLDX,Nifty 500,Flexi Cap / Multi Cap / ELSS / Focused,2024-11-11,22591.4004
^CRSLDX,Nifty 500,Flexi Cap / Multi Cap / ELSS / Focused,2024-11-12,22331.0508
^CRSLDX,Nifty 500,Flexi Cap / Multi Cap / ELSS / Focused,2024-11-13,21914.9492
^CRSLDX,Nifty 500,Flexi Cap / Multi Cap / ELSS / Focused,2024-11-14,21963.0996
^CRSLDX,Nifty 500,Flexi Cap / Multi Cap / ELSS / Focused,2024-11-18,21899.4004
^CRSLDX,Nifty 500,Flexi Cap / Multi Cap / ELSS / Focused,2024-11-19,22004.3496
^CRSLDX,Nifty 500,Flexi Cap / Multi Cap / ELSS / Focused,2024-11-21,21820.8496
^CRSLDX,Nifty 500,Flexi Cap / Multi Cap / ELSS / Focused,2024-11-22,22225.5508
^CRSLDX,Nifty 500,Flexi Cap / Multi Cap / ELSS / Focused,2024-11-25,22553.5
^CRSLDX,Nifty 500,Flexi Cap / Multi Cap / ELSS / Focused,2024-11-26,22562.4492
^CRSLDX,Nifty 500,Flexi Cap / Multi Cap / ELSS / Focused,2024-11-27,22691.6992
^CRSLDX,Nifty 500,Flexi Cap / Multi Cap / ELSS / Focused,2024-11-28,22514.3496
^CRSLDX,Nifty 500,Flexi Cap / Multi Cap / ELSS / Focused,2024-11-29,22687.0
^CRSLDX,Nifty 500,Flexi Cap / Multi Cap / ELSS / Focused,2024-12-02,22835.8496
^CRSLDX,Nifty 500,Flexi Cap / Multi Cap / ELSS / Focused,2024-12-03,23020.8496
^CRSLDX,Nifty 500,Flexi Cap / Multi Cap / ELSS / Focused,2024-12-04,23099.5
^CRSLDX,Nifty 500,Flexi Cap / Multi Cap / ELSS / Focused,2024-12-05,23277.9492
^CRSLDX,Nifty 500,Flexi Cap / Multi Cap / ELSS / Focused,2024-12-06,23312.0996
^CRSLDX,Nifty 500,Flexi Cap / Multi Cap / ELSS / Focused,2024-12-09,23292.0
^CRSLDX,Nifty 500,Flexi Cap / Multi Cap / ELSS / Focused,2024-12-10,23314.9004
^CRSLDX,Nifty 500,Flexi Cap / Multi Cap / ELSS / Focused,2024-12-11,23358.1504
^CRSLDX,Nifty 500,Flexi Cap / Multi Cap / ELSS / Focused,2024-12-12,23256.4004
^CRSLDX,Nifty 500,Flexi Cap / Multi Cap / ELSS / Focused,2024-12-13,23358.9492
^CRSLDX,Nifty 500,Flexi Cap / Multi Cap / ELSS / Focused,2024-12-16,23352.4492
^CRSLDX,Nifty 500,Flexi Cap / Multi Cap / ELSS / Focused,2024-12-17,23095.75
^CRSLDX,Nifty 500,Flexi Cap / Multi Cap / ELSS / Focused,2024-12-18,22934.4004
^CRSLDX,Nifty 500,Flexi Cap / Multi Cap / ELSS / Focused,2024-12-19,22752.1504
^CRSLDX,Nifty 500,Flexi Cap / Multi Cap / ELSS / Focused,2024-12-20,22319.4004
^CRSLDX,Nifty 500,Flexi Cap / Multi Cap / ELSS / Focused,2024-12-23,22412.3008
^CRSLDX,Nifty 500,Flexi Cap / Multi Cap / ELSS / Focused,2024-12-24,22402.6992
^CRSLDX,Nifty 500,Flexi Cap / Multi Cap / ELSS / Focused,2024-12-26,22430.3496
^CRSLDX,Nifty 500,Flexi Cap / Multi Cap / ELSS / Focused,2024-12-27,22445.1992
^CRSLDX,Nifty 500,Flexi Cap / Multi Cap / ELSS / Focused,2024-12-30,22357.1504
^CRSLDX,Nifty 500,Flexi Cap / Multi Cap / ELSS / Focused,2024-12-31,22375.4004
^CRSLDX,Nifty 500,Flexi Cap / Multi Cap / ELSS / Focused,2025-01-02,22819.75
^CRSLDX,Nifty 500,Flexi Cap / Multi Cap / ELSS / Focused,2025-01-03,22708.1504
^CRSLDX,Nifty 500,Flexi Cap / Multi Cap / ELSS / Focused,2025-01-06,22225.4004
^CRSLDX,Nifty 500,Flexi Cap / Multi Cap / ELSS / Focused,2025-01-07,22341.6504
^CRSLDX,Nifty 500,Flexi Cap / Multi Cap / ELSS / Focused,2025-01-08,22231.8008
^CRSLDX,Nifty 500,Flexi Cap / Multi Cap / ELSS / Focused,2025-01-09,22046.5508
^CRSLDX,Nifty 500,Flexi Cap / Multi Cap / ELSS / Focused,2025-01-10,21799.0
^CRSLDX,Nifty 500,Flexi Cap / Multi Cap / ELSS / Focused,2025-01-13,21243.4492
^CRSLDX,Nifty 500,Flexi Cap / Multi Cap / ELSS / Focused,2025-01-14,21481.0508
^CRSLDX,Nifty 500,Flexi Cap / Multi Cap / ELSS / Focused,2025-01-15,21551.1992
^CRSLDX,Nifty 500,Flexi Cap / Multi Cap / ELSS / Focused,2025-01-16,21714.5508
^CRSLDX,Nifty 500,Flexi Cap / Multi Cap / ELSS / Focused,2025-01-17,21680.25
^CRSLDX,Nifty 500,Flexi Cap / Multi Cap / ELSS / Focused,2025-01-20,21809.0
^CRSLDX,Nifty 500,Flexi Cap / Multi Cap / ELSS / Focused,2025-01-21,21433.1992
^CRSLDX,Nifty 500,Flexi Cap / Multi Cap / ELSS / Focused,2025-01-22,21396.5508
^CRSLDX,Nifty 500,Flexi Cap / Multi Cap / ELSS / Focused,2025-01-23,21538.0508
^CRSLDX,Nifty 500,Flexi Cap / Multi Cap / ELSS / Focused,2025-01-24,21318.9004
^CRSLDX,Nifty 500,Flexi Cap / Multi Cap / ELSS / Focused,2025-01-27,20910.9492
^CRSLDX,Nifty 500,Flexi Cap / Multi Cap / ELSS / Focused,2025-01-28,20924.75
^CRSLDX,Nifty 500,Flexi Cap / Multi Cap / ELSS / Focused,2025-01-29,21245.5
^CRSLDX,Nifty 500,Flexi Cap / Multi Cap / ELSS / Focused,2025-01-30,21297.5
^CRSLDX,Nifty 500,Flexi Cap / Multi Cap / ELSS / Focused,2025-01-31,21580.9004
^CRSLDX,Nifty 500,Flexi Cap / Multi Cap / ELSS / Focused,2025-02-03,21402.5508
^CRSLDX,Nifty 500,Flexi Cap / Multi Cap / ELSS / Focused,2025-02-04,21727.4492
^CRSLDX,Nifty 500,Flexi Cap / Multi Cap / ELSS / Focused,2025-02-05,21784.25
^CRSLDX,Nifty 500,Flexi Cap / Multi Cap / ELSS / Focused,2025-02-06,21672.4492
^CRSLDX,Nifty 500,Flexi Cap / Multi Cap / ELSS / Focused,2025-02-07,21646.1504
^CRSLDX,Nifty 500,Flexi Cap / Multi Cap / ELSS / Focused,2025-02-10,21371.3008
^CRSLDX,Nifty 500,Flexi Cap / Multi Cap / ELSS / Focused,2025-02-11,20950.4492
^CRSLDX,Nifty 500,Flexi Cap / Multi Cap / ELSS / Focused,2025-02-12,20907.8496
^CRSLDX,Nifty 500,Flexi Cap / Multi Cap / ELSS / Focused,2025-02-13,20904.3496
^CRSLDX,Nifty 500,Flexi Cap / Multi Cap / ELSS / Focused,2025-02-14,20633.0996
^CRSLDX,Nifty 500,Flexi Cap / Multi Cap / ELSS / Focused,2025-02-17,20652.3496
^CRSLDX,Nifty 500,Flexi Cap / Multi Cap / ELSS / Focused,2025-02-18,20611.4004
^CRSLDX,Nifty 500,Flexi Cap / Multi Cap / ELSS / Focused,2025-02-19,20731.4492
^CRSLDX,Nifty 500,Flexi Cap / Multi Cap / ELSS / Focused,2025-02-20,20831.0996
^CRSLDX,Nifty 500,Flexi Cap / Multi Cap / ELSS / Focused,2025-02-21,20690.25
^CRSLDX,Nifty 500,Flexi Cap / Multi Cap / ELSS / Focused,2025-02-24,20468.4492
^CRSLDX,Nifty 500,Flexi Cap / Multi Cap / ELSS / Focused,2025-02-25,20418.75
^CRSLDX,Nifty 500,Flexi Cap / Multi Cap / ELSS / Focused,2025-02-27,20315.5508
^CRSLDX,Nifty 500,Flexi Cap / Multi Cap / ELSS / Focused,2025-02-28,19880.9004
^CRSLDX,Nifty 500,Flexi Cap / Multi Cap / ELSS / Focused,2025-03-03,19896.9492
^CRSLDX,Nifty 500,Flexi Cap / Multi Cap / ELSS / Focused,2025-03-04,19917.8496
^CRSLDX,Nifty 500,Flexi Cap / Multi Cap / ELSS / Focused,2025-03-05,20256.5
^CRSLDX,Nifty 500,Flexi Cap / Multi Cap / ELSS / Focused,2025-03-06,20447.0996
^CRSLDX,Nifty 500,Flexi Cap / Multi Cap / ELSS / Focused,2025-03-07,20443.4004
^CRSLDX,Nifty 500,Flexi Cap / Multi Cap / ELSS / Focused,2025-03-10,20266.5
^CRSLDX,Nifty 500,Flexi Cap / Multi Cap / ELSS / Focused,2025-03-11,20302.5
^CRSLDX,Nifty 500,Flexi Cap / Multi Cap / ELSS / Focused,2025-03-12,20264.3496
^CRSLDX,Nifty 500,Flexi Cap / Multi Cap / ELSS / Focused,2025-03-13,20176.0508
^CRSLDX,Nifty 500,Flexi Cap / Multi Cap / ELSS / Focused,2025-03-17,20288.3008
^CRSLDX,Nifty 500,Flexi Cap / Multi Cap / ELSS / Focused,2025-03-18,20657.1992
^CRSLDX,Nifty 500,Flexi Cap / Multi Cap / ELSS / Focused,2025-03-19,20864.5
^CRSLDX,Nifty 500,Flexi Cap / Multi Cap / ELSS / Focused,2025-03-20,21070.0508
^CRSLDX,Nifty 500,Flexi Cap / Multi Cap / ELSS / Focused,2025-03-21,21273.9004
^CRSLDX,Nifty 500,Flexi Cap / Multi Cap / ELSS / Focused,2025-03-24,21538.0996
^CRSLDX,Nifty 500,Flexi Cap / Multi Cap / ELSS / Focused,2025-03-25,21437.75
^CRSLDX,Nifty 500,Flexi Cap / Multi Cap / ELSS / Focused,2025-03-26,21275.4492
^CRSLDX,Nifty 500,Flexi Cap / Multi Cap / ELSS / Focused,2025-03-27,21407.9492
^CRSLDX,Nifty 500,Flexi Cap / Multi Cap / ELSS / Focused,2025-03-28,21339.5508
^CRSLDX,Nifty 500,Flexi Cap / Multi Cap / ELSS / Focused,2025-04-01,21070.75
^CRSLDX,Nifty 500,Flexi Cap / Multi Cap / ELSS / Focused,2025-04-02,21265.6504
^CRSLDX,Nifty 500,Flexi Cap / Multi Cap / ELSS / Focused,2025-04-03,21243.4004
^CRSLDX,Nifty 500,Flexi Cap / Multi Cap / ELSS / Focused,2025-04-04,20805.3496
^CRSLDX,Nifty 500,Flexi Cap / Multi Cap / ELSS / Focused,2025-04-07,20105.6992
^CRSLDX,Nifty 500,Flexi Cap / Multi Cap / ELSS / Focused,2025-04-08,20480.8008
^CRSLDX,Nifty 500,Flexi Cap / Multi Cap / ELSS / Focused,2025-04-09,20356.75
^CRSLDX,Nifty 500,Flexi Cap / Multi Cap / ELSS / Focused,2025-04-11,20752.8496
^CRSLDX,Nifty 500,Flexi Cap / Multi Cap / ELSS / Focused,2025-04-15,21279.4004
^CRSLDX,Nifty 500,Flexi Cap / Multi Cap / ELSS / Focused,2025-04-16,21404.3496
^CRSLDX,Nifty 500,Flexi Cap / Multi Cap / ELSS / Focused,2025-04-17,21681.5508
^CRSLDX,Nifty 500,Flexi Cap / Multi Cap / ELSS / Focused,2025-04-21,22005.75
^CRSLDX,Nifty 500,Flexi Cap / Multi Cap / ELSS / Focused,2025-04-22,22085.1504
^CRSLDX,Nifty 500,Flexi Cap / Multi Cap / ELSS / Focused,2025-04-23,22237.5996
^CRSLDX,Nifty 500,Flexi Cap / Multi Cap / ELSS / Focused,2025-04-24,22180.6504
^CRSLDX,Nifty 500,Flexi Cap / Multi Cap / ELSS / Focused,2025-04-25,21848.1504
^CRSLDX,Nifty 500,Flexi Cap / Multi Cap / ELSS / Focused,2025-04-28,22101.8496
^CRSLDX,Nifty 500,Flexi Cap / Multi Cap / ELSS / Focused,2025-04-29,22112.4004
^CRSLDX,Nifty 500,Flexi Cap / Multi Cap / ELSS / Focused,2025-04-30,22030.0508
^CRSLDX,Nifty 500,Flexi Cap / Multi Cap / ELSS / Focused,2025-05-02,22006.0
^CRSLDX,Nifty 500,Flexi Cap / Multi Cap / ELSS / Focused,2025-05-05,22195.1504
^CRSLDX,Nifty 500,Flexi Cap / Multi Cap / ELSS / Focused,2025-05-06,21956.5996
^CRSLDX,Nifty 500,Flexi Cap / Multi Cap / ELSS / Focused,2025-05-07,22072.4492
^CRSLDX,Nifty 500,Flexi Cap / Multi Cap / ELSS / Focused,2025-05-08,21843.0508
^CRSLDX,Nifty 500,Flexi Cap / Multi Cap / ELSS / Focused,2025-05-09,21675.5508
^CRSLDX,Nifty 500,Flexi Cap / Multi Cap / ELSS / Focused,2025-05-12,22511.4004
^CRSLDX,Nifty 500,Flexi Cap / Multi Cap / ELSS / Focused,2025-05-13,22349.4004
^CRSLDX,Nifty 500,Flexi Cap / Multi Cap / ELSS / Focused,2025-05-14,22499.5
^CRSLDX,Nifty 500,Flexi Cap / Multi Cap / ELSS / Focused,2025-05-15,22788.8008
^CRSLDX,Nifty 500,Flexi Cap / Multi Cap / ELSS / Focused,2025-05-16,22870.9004
^CRSLDX,Nifty 500,Flexi Cap / Multi Cap / ELSS / Focused,2025-05-19,22865.8008
^CRSLDX,Nifty 500,Flexi Cap / Multi Cap / ELSS / Focused,2025-05-20,22585.5996
^CRSLDX,Nifty 500,Flexi Cap / Multi Cap / ELSS / Focused,2025-05-21,22730.6504
^CRSLDX,Nifty 500,Flexi Cap / Multi Cap / ELSS / Focused,2025-05-22,22595.0
^CRSLDX,Nifty 500,Flexi Cap / Multi Cap / ELSS / Focused,2025-05-23,22781.0508
^CRSLDX,Nifty 500,Flexi Cap / Multi Cap / ELSS / Focused,2025-05-26,22908.3008
^CRSLDX,Nifty 500,Flexi Cap / Multi Cap / ELSS / Focused,2025-05-27,22816.5
^CRSLDX,Nifty 500,Flexi Cap / Multi Cap / ELSS / Focused,2025-05-28,22779.4004
^CRSLDX,Nifty 500,Flexi Cap / Multi Cap / ELSS / Focused,2025-05-29,22861.3496
^CRSLDX,Nifty 500,Flexi Cap / Multi Cap / ELSS / Focused,2025-05-30,22801.9492
^CRSLDX,Nifty 500,Flexi Cap / Multi Cap / ELSS / Focused,2025-06-02,22834.5
^CRSLDX,Nifty 500,Flexi Cap / Multi Cap / ELSS / Focused,2025-06-03,22711.3008
^CRSLDX,Nifty 500,Flexi Cap / Multi Cap / ELSS / Focused,2025-06-04,22807.8496
^CRSLDX,Nifty 500,Flexi Cap / Multi Cap / ELSS / Focused,2025-06-05,22934.5
^CRSLDX,Nifty 500,Flexi Cap / Multi Cap / ELSS / Focused,2025-06-06,23165.0996
^CRSLDX,Nifty 500,Flexi Cap / Multi Cap / ELSS / Focused,2025-06-09,23330.5508
^CRSLDX,Nifty 500,Flexi Cap / Multi Cap / ELSS / Focused,2025-06-10,23339.9492
^CRSLDX,Nifty 500,Flexi Cap / Multi Cap / ELSS / Focused,2025-06-11,23337.8496
^CRSLDX,Nifty 500,Flexi Cap / Multi Cap / ELSS / Focused,2025-06-12,23046.4492
^CRSLDX,Nifty 500,Flexi Cap / Multi Cap / ELSS / Focused,2025-06-13,22906.1992
^CRSLDX,Nifty 500,Flexi Cap / Multi Cap / ELSS / Focused,2025-06-16,23095.0508
^CRSLDX,Nifty 500,Flexi Cap / Multi Cap / ELSS / Focused,2025-06-17,22981.5
^CRSLDX,Nifty 500,Flexi Cap / Multi Cap / ELSS / Focused,2025-06-18,22925.1992
^CRSLDX,Nifty 500,Flexi Cap / Multi Cap / ELSS / Focused,2025-06-19,22763.5
^CRSLDX,Nifty 500,Flexi Cap / Multi Cap / ELSS / Focused,2025-06-20,23041.0996
^CRSLDX,Nifty 500,Flexi Cap / Multi Cap / ELSS / Focused,2025-06-23,23001.5
^CRSLDX,Nifty 500,Flexi Cap / Multi Cap / ELSS / Focused,2025-06-24,23113.1992
^CRSLDX,Nifty 500,Flexi Cap / Multi Cap / ELSS / Focused,2025-06-25,23296.8496
^CRSLDX,Nifty 500,Flexi Cap / Multi Cap / ELSS / Focused,2025-06-26,23517.5508
^CRSLDX,Nifty 500,Flexi Cap / Multi Cap / ELSS / Focused,2025-06-27,23620.1504
^CRSLDX,Nifty 500,Flexi Cap / Multi Cap / ELSS / Focused,2025-06-30,23617.1992
^CRSLDX,Nifty 500,Flexi Cap / Multi Cap / ELSS / Focused,2025-07-01,23615.4492
^CRSLDX,Nifty 500,Flexi Cap / Multi Cap / ELSS / Focused,2025-07-02,23547.25
^CRSLDX,Nifty 500,Flexi Cap / Multi Cap / ELSS / Focused,2025-07-03,23521.8496
^CRSLDX,Nifty 500,Flexi Cap / Multi Cap / ELSS / Focused,2025-07-04,23562.4492
^CRSLDX,Nifty 500,Flexi Cap / Multi Cap / ELSS / Focused,2025-07-07,23551.1992
^CRSLDX,Nifty 500,Flexi Cap / Multi Cap / ELSS / Focused,2025-07-08,23572.5508
^CRSLDX,Nifty 500,Flexi Cap / Multi Cap / ELSS / Focused,2025-07-09,23557.4492
^CRSLDX,Nifty 500,Flexi Cap / Multi Cap / ELSS / Focused,2025-07-10,23471.4004
^CRSLDX,Nifty 500,Flexi Cap / Multi Cap / ELSS / Focused,2025-07-11,23282.6992
^CRSLDX,Nifty 500,Flexi Cap / Multi Cap / ELSS / Focused,2025-07-14,23309.0508
^CRSLDX,Nifty 500,Flexi Cap / Multi Cap / ELSS / Focused,2025-07-15,23449.1504
^CRSLDX,Nifty 500,Flexi Cap / Multi Cap / ELSS / Focused,2025-07-16,23472.5
^CRSLDX,Nifty 500,Flexi Cap / Multi Cap / ELSS / Focused,2025-07-17,23419.6992
^CRSLDX,Nifty 500,Flexi Cap / Multi Cap / ELSS / Focused,2025-07-18,23275.1504
^CRSLDX,Nifty 500,Flexi Cap / Multi Cap / ELSS / Focused,2025-07-21,23378.4492
^CRSLDX,Nifty 500,Flexi Cap / Multi Cap / ELSS / Focused,2025-07-22,23320.9004
^CRSLDX,Nifty 500,Flexi Cap / Multi Cap / ELSS / Focused,2025-07-23,23428.4004
^CRSLDX,Nifty 500,Flexi Cap / Multi Cap / ELSS / Focused,2025-07-24,23301.0996
^CRSLDX,Nifty 500,Flexi Cap / Multi Cap / ELSS / Focused,2025-07-25,23014.8008
^CRSLDX,Nifty 500,Flexi Cap / Multi Cap / ELSS / Focused,2025-07-28,22846.9492
^CRSLDX,Nifty 500,Flexi Cap / Multi Cap / ELSS / Focused,2025-07-29,23007.3496
^CRSLDX,Nifty 500,Flexi Cap / Multi Cap / ELSS / Focused,2025-07-30,23033.5508
^CRSLDX,Nifty 500,Flexi Cap / Multi Cap / ELSS / Focused,2025-07-31,22914.9492
^CRSLDX,Nifty 500,Flexi Cap / Multi Cap / ELSS / Focused,2025-08-01,22673.6504
^CRSLDX,Nifty 500,Flexi Cap / Multi Cap / ELSS / Focused,2025-08-04,22860.4004
^CRSLDX,Nifty 500,Flexi Cap / Multi Cap / ELSS / Focused,2025-08-05,22798.5
^CRSLDX,Nifty 500,Flexi Cap / Multi Cap / ELSS / Focused,2025-08-06,22666.8496
^CRSLDX,Nifty 500,Flexi Cap / Multi Cap / ELSS / Focused,2025-08-07,22694.0996
^CRSLDX,Nifty 500,Flexi Cap / Multi Cap / ELSS / Focused,2025-08-08,22443.1504
^CRSLDX,Nifty 500,Flexi Cap / Multi Cap / ELSS / Focused,2025-08-11,22633.4492
^CRSLDX,Nifty 500,Flexi Cap / Multi Cap / ELSS / Focused,2025-08-12,22568.5996
^CRSLDX,Nifty 500,Flexi Cap / Multi Cap / ELSS / Focused,2025-08-13,22698.0996
^CRSLDX,Nifty 500,Flexi Cap / Multi Cap / ELSS / Focused,2025-08-14,22680.25
^CRSLDX,Nifty 500,Flexi Cap / Multi Cap / ELSS / Focused,2025-08-18,22931.5
^CRSLDX,Nifty 500,Flexi Cap / Multi Cap / ELSS / Focused,2025-08-19,23066.5996
^CRSLDX,Nifty 500,Flexi Cap / Multi Cap / ELSS / Focused,2025-08-20,23143.1504
^CRSLDX,Nifty 500,Flexi Cap / Multi Cap / ELSS / Focused,2025-08-21,23137.1504
^CRSLDX,Nifty 500,Flexi Cap / Multi Cap / ELSS / Focused,2025-08-22,22991.3008
^CRSLDX,Nifty 500,Flexi Cap / Multi Cap / ELSS / Focused,2025-08-25,23052.0
^CRSLDX,Nifty 500,Flexi Cap / Multi Cap / ELSS / Focused,2025-08-26,22768.6504
^CRSLDX,Nifty 500,Flexi Cap / Multi Cap / ELSS / Focused,2025-08-28,22541.6504
^CRSLDX,Nifty 500,Flexi Cap / Multi Cap / ELSS / Focused,2025-08-29,22462.9492
^CRSLDX,Nifty 500,Flexi Cap / Multi Cap / ELSS / Focused,2025-09-01,22713.5508
^CRSLDX,Nifty 500,Flexi Cap / Multi Cap / ELSS / Focused,2025-09-02,22724.4004
^CRSLDX,Nifty 500,Flexi Cap / Multi Cap / ELSS / Focused,2025-09-03,22864.6504
^CRSLDX,Nifty 500,Flexi Cap / Multi Cap / ELSS / Focused,2025-09-04,22819.6504
^CRSLDX,Nifty 500,Flexi Cap / Multi Cap / ELSS / Focused,2025-09-05,22829.1504
^CRSLDX,Nifty 500,Flexi Cap / Multi Cap / ELSS / Focused,2025-09-08,22878.6504
^CRSLDX,Nifty 500,Flexi Cap / Multi Cap / ELSS / Focused,2025-09-09,22949.0996
^CRSLDX,Nifty 500,Flexi Cap / Multi Cap / ELSS / Focused,2025-09-10,23074.1504
^CRSLDX,Nifty 500,Flexi Cap / Multi Cap / ELSS / Focused,2025-09-11,23102.6504
^CRSLDX,Nifty 500,Flexi Cap / Multi Cap / ELSS / Focused,2025-09-12,23190.25
^CRSLDX,Nifty 500,Flexi Cap / Multi Cap / ELSS / Focused,2025-09-15,23215.8496
^CRSLDX,Nifty 500,Flexi Cap / Multi Cap / ELSS / Focused,2025-09-16,23369.3008
^CRSLDX,Nifty 500,Flexi Cap / Multi Cap / ELSS / Focused,2025-09-17,23445.1992
^CRSLDX,Nifty 500,Flexi Cap / Multi Cap / ELSS / Focused,2025-09-18,23518.9004
^CRSLDX,Nifty 500,Flexi Cap / Multi Cap / ELSS / Focused,2025-09-19,23486.6504
^CRSLDX,Nifty 500,Flexi Cap / Multi Cap / ELSS / Focused,2025-09-22,23381.4492
^CRSLDX,Nifty 500,Flexi Cap / Multi Cap / ELSS / Focused,2025-09-23,23325.25
^CRSLDX,Nifty 500,Flexi Cap / Multi Cap / ELSS / Focused,2025-09-24,23178.25
^CRSLDX,Nifty 500,Flexi Cap / Multi Cap / ELSS / Focused,2025-09-25,23022.4004
^CRSLDX,Nifty 500,Flexi Cap / Multi Cap / ELSS / Focused,2025-09-26,22713.1504
^CRSLDX,Nifty 500,Flexi Cap / Multi Cap / ELSS / Focused,2025-09-29,22739.0996
^CRSLDX,Nifty 500,Flexi Cap / Multi Cap / ELSS / Focused,2025-09-30,22734.0996
^CRSLDX,Nifty 500,Flexi Cap / Multi Cap / ELSS / Focused,2025-10-01,22928.3008
^CRSLDX,Nifty 500,Flexi Cap / Multi Cap / ELSS / Focused,2025-10-03,23027.6992
^CRSLDX,Nifty 500,Flexi Cap / Multi Cap / ELSS / Focused,2025-10-06,23169.6504
^CRSLDX,Nifty 500,Flexi Cap / Multi Cap / ELSS / Focused,2025-10-07,23209.5
^CRSLDX,Nifty 500,Flexi Cap / Multi Cap / ELSS / Focused,2025-10-08,23109.3496
^CRSLDX,Nifty 500,Flexi Cap / Multi Cap / ELSS / Focused,2025-10-09,23241.75
^CRSLDX,Nifty 500,Flexi Cap / Multi Cap / ELSS / Focused,2025-10-10,23337.5508
^CRSLDX,Nifty 500,Flexi Cap / Multi Cap / ELSS / Focused,2025-10-13,23294.8008
^CRSLDX,Nifty 500,Flexi Cap / Multi Cap / ELSS / Focused,2025-10-14,23184.0508
^CRSLDX,Nifty 500,Flexi Cap / Multi Cap / ELSS / Focused,2025-10-15,23377.3496
^CRSLDX,Nifty 500,Flexi Cap / Multi Cap / ELSS / Focused,2025-10-16,23563.8008
^CRSLDX,Nifty 500,Flexi Cap / Multi Cap / ELSS / Focused,2025-10-17,23598.0508
^CRSLDX,Nifty 500,Flexi Cap / Multi Cap / ELSS / Focused,2025-10-20,23716.0996
^CRSLDX,Nifty 500,Flexi Cap / Multi Cap / ELSS / Focused,2025-10-21,23759.1992
^CRSLDX,Nifty 500,Flexi Cap / Multi Cap / ELSS / Focused,2025-10-23,23755.9004
^CRSLDX,Nifty 500,Flexi Cap / Multi Cap / ELSS / Focused,2025-10-24,23686.5996
^CRSLDX,Nifty 500,Flexi Cap / Multi Cap / ELSS / Focused,2025-10-27,23840.9004
^CRSLDX,Nifty 500,Flexi Cap / Multi Cap / ELSS / Focused,2025-10-28,23812.5508
^CRSLDX,Nifty 500,Flexi Cap / Multi Cap / ELSS / Focused,2025-10-29,23952.4004
^CRSLDX,Nifty 500,Flexi Cap / Multi Cap / ELSS / Focused,2025-10-30,23841.3008
^CRSLDX,Nifty 500,Flexi Cap / Multi Cap / ELSS / Focused,2025-10-31,23710.4004
^CRSLDX,Nifty 500,Flexi Cap / Multi Cap / ELSS / Focused,2025-11-03,23810.6992
^CRSLDX,Nifty 500,Flexi Cap / Multi Cap / ELSS / Focused,2025-11-04,23675.4492
^CRSLDX,Nifty 500,Flexi Cap / Multi Cap / ELSS / Focused,2025-11-06,23513.1504
^CRSLDX,Nifty 500,Flexi Cap / Multi Cap / ELSS / Focused,2025-11-07,23521.5
^CRSLDX,Nifty 500,Flexi Cap / Multi Cap / ELSS / Focused,2025-11-10,23596.9004
^CRSLDX,Nifty 500,Flexi Cap / Multi Cap / ELSS / Focused,2025-11-11,23682.6504
^CRSLDX,Nifty 500,Flexi Cap / Multi Cap / ELSS / Focused,2025-11-12,23836.9004
^CRSLDX,Nifty 500,Flexi Cap / Multi Cap / ELSS / Focused,2025-11-13,23816.0
^CRSLDX,Nifty 500,Flexi Cap / Multi Cap / ELSS / Focused,2025-11-14,23836.3496
^CRSLDX,Nifty 500,Flexi Cap / Multi Cap / ELSS / Focused,2025-11-17,23954.5508
^CRSLDX,Nifty 500,Flexi Cap / Multi Cap / ELSS / Focused,2025-11-18,23824.6504
^CRSLDX,Nifty 500,Flexi Cap / Multi Cap / ELSS / Focused,2025-11-19,23906.3008
^CRSLDX,Nifty 500,Flexi Cap / Multi Cap / ELSS / Focused,2025-11-20,23975.4492
^CRSLDX,Nifty 500,Flexi Cap / Multi Cap / ELSS / Focused,2025-11-21,23790.25
^CRSLDX,Nifty 500,Flexi Cap / Multi Cap / ELSS / Focused,2025-11-24,23674.5508
^CRSLDX,Nifty 500,Flexi Cap / Multi Cap / ELSS / Focused,2025-11-25,23655.0508
^CRSLDX,Nifty 500,Flexi Cap / Multi Cap / ELSS / Focused,2025-11-26,23955.1992
^CRSLDX,Nifty 500,Flexi Cap / Multi Cap / ELSS / Focused,2025-11-27,23947.75
^CRSLDX,Nifty 500,Flexi Cap / Multi Cap / ELSS / Focused,2025-11-28,23933.1992
^CRSLDX,Nifty 500,Flexi Cap / Multi Cap / ELSS / Focused,2025-12-01,23922.4492
^CRSLDX,Nifty 500,Flexi Cap / Multi Cap / ELSS / Focused,2025-12-02,23822.25
^CRSLDX,Nifty 500,Flexi Cap / Multi Cap / ELSS / Focused,2025-12-03,23716.3008
^CRSLDX,Nifty 500,Flexi Cap / Multi Cap / ELSS / Focused,2025-12-04,23741.0996
^CRSLDX,Nifty 500,Flexi Cap / Multi Cap / ELSS / Focused,2025-12-05,23835.25
^CRSLDX,Nifty 500,Flexi Cap / Multi Cap / ELSS / Focused,2025-12-08,23526.1992
^CRSLDX,Nifty 500,Flexi Cap / Multi Cap / ELSS / Focused,2025-12-09,23516.25
^CRSLDX,Nifty 500,Flexi Cap / Multi Cap / ELSS / Focused,2025-12-10,23408.8008
^CRSLDX,Nifty 500,Flexi Cap / Multi Cap / ELSS / Focused,2025-12-11,23550.8496
^CRSLDX,Nifty 500,Flexi Cap / Multi Cap / ELSS / Focused,2025-12-12,23726.1992
^CRSLDX,Nifty 500,Flexi Cap / Multi Cap / ELSS / Focused,2025-12-15,23725.1992
^CRSLDX,Nifty 500,Flexi Cap / Multi Cap / ELSS / Focused,2025-12-16,23570.1504
^CRSLDX,Nifty 500,Flexi Cap / Multi Cap / ELSS / Focused,2025-12-17,23496.0508
^CRSLDX,Nifty 500,Flexi Cap / Multi Cap / ELSS / Focused,2025-12-18,23491.5
^CRSLDX,Nifty 500,Flexi Cap / Multi Cap / ELSS / Focused,2025-12-19,23677.5508
^CRSLDX,Nifty 500,Flexi Cap / Multi Cap / ELSS / Focused,2025-12-22,23867.6504
^CRSLDX,Nifty 500,Flexi Cap / Multi Cap / ELSS / Focused,2025-12-23,23895.1504
^CRSLDX,Nifty 500,Flexi Cap / Multi Cap / ELSS / Focused,2025-12-24,23850.25
^CRSLDX,Nifty 500,Flexi Cap / Multi Cap / ELSS / Focused,2025-12-26,23780.25
^CRSLDX,Nifty 500,Flexi Cap / Multi Cap / ELSS / Focused,2025-12-29,23682.0996
^CRSLDX,Nifty 500,Flexi Cap / Multi Cap / ELSS / Focused,2025-12-30,23668.8008
^CRSLDX,Nifty 500,Flexi Cap / Multi Cap / ELSS / Focused,2025-12-31,23871.5508
^CRSLDX,Nifty 500,Flexi Cap / Multi Cap / ELSS / Focused,2026-01-02,24099.0
^CRSLDX,Nifty 500,Flexi Cap / Multi Cap / ELSS / Focused,2026-01-05,24058.4492
^CRSLDX,Nifty 500,Flexi Cap / Multi Cap / ELSS / Focused,2026-01-06,24010.5
^CRSLDX,Nifty 500,Flexi Cap / Multi Cap / ELSS / Focused,2026-01-07,24016.5996
^CRSLDX,Nifty 500,Flexi Cap / Multi Cap / ELSS / Focused,2026-01-08,23680.0996
^CRSLDX,Nifty 500,Flexi Cap / Multi Cap / ELSS / Focused,2026-01-09,23467.3496
^CRSLDX,Nifty 500,Flexi Cap / Multi Cap / ELSS / Focused,2026-01-12,23510.4492
^CRSLDX,Nifty 500,Flexi Cap / Multi Cap / ELSS / Focused,2026-01-13,23480.6504
^CRSLDX,Nifty 500,Flexi Cap / Multi Cap / ELSS / Focused,2026-01-14,23475.8496
^CRSLDX,Nifty 500,Flexi Cap / Multi Cap / ELSS / Focused,2026-01-16,23485.3008
^CRSLDX,Nifty 500,Flexi Cap / Multi Cap / ELSS / Focused,2026-01-19,23373.75
^CRSLDX,Nifty 500,Flexi Cap / Multi Cap / ELSS / Focused,2026-01-20,22946.6504
^CRSLDX,Nifty 500,Flexi Cap / Multi Cap / ELSS / Focused,2026-01-21,22835.1504
^CRSLDX,Nifty 500,Flexi Cap / Multi Cap / ELSS / Focused,2026-01-22,23008.75
^CRSLDX,Nifty 500,Flexi Cap / Multi Cap / ELSS / Focused,2026-01-23,22706.1992
^CRSLDX,Nifty 500,Flexi Cap / Multi Cap / ELSS / Focused,2026-01-27,22819.25
^CRSLDX,Nifty 500,Flexi Cap / Multi Cap / ELSS / Focused,2026-01-28,23082.0996
^CRSLDX,Nifty 500,Flexi Cap / Multi Cap / ELSS / Focused,2026-01-29,23134.8008
^CRSLDX,Nifty 500,Flexi Cap / Multi Cap / ELSS / Focused,2026-01-30,23079.5
^CRSLDX,Nifty 500,Flexi Cap / Multi Cap / ELSS / Focused,2026-02-02,22837.0
^CRSLDX,Nifty 500,Flexi Cap / Multi Cap / ELSS / Focused,2026-02-03,23446.3008
^CRSLDX,Nifty 500,Flexi Cap / Multi Cap / ELSS / Focused,2026-02-04,23534.9492
^CRSLDX,Nifty 500,Flexi Cap / Multi Cap / ELSS / Focused,2026-02-05,23411.6992
^CRSLDX,Nifty 500,Flexi Cap / Multi Cap / ELSS / Focused,2026-02-06,23434.0
^CRSLDX,Nifty 500,Flexi Cap / Multi Cap / ELSS / Focused,2026-02-09,23683.4004
^CRSLDX,Nifty 500,Flexi Cap / Multi Cap / ELSS / Focused,2026-02-10,23753.75
^CRSLDX,Nifty 500,Flexi Cap / Multi Cap / ELSS / Focused,2026-02-11,23783.0508
^CRSLDX,Nifty 500,Flexi Cap / Multi Cap / ELSS / Focused,2026-02-12,23651.5508
^CRSLDX,Nifty 500,Flexi Cap / Multi Cap / ELSS / Focused,2026-02-13,23313.1504
^CRSLDX,Nifty 500,Flexi Cap / Multi Cap / ELSS / Focused,2026-02-16,23472.4492
^CRSLDX,Nifty 500,Flexi Cap / Multi Cap / ELSS / Focused,2026-02-17,23540.0508
^CRSLDX,Nifty 500,Flexi Cap / Multi Cap / ELSS / Focused,2026-02-18,23645.8008
^CRSLDX,Nifty 500,Flexi Cap / Multi Cap / ELSS / Focused,2026-02-19,23297.4492
^CRSLDX,Nifty 500,Flexi Cap / Multi Cap / ELSS / Focused,2026-02-20,23395.0
^CRSLDX,Nifty 500,Flexi Cap / Multi Cap / ELSS / Focused,2026-02-23,23484.9492
^CRSLDX,Nifty 500,Flexi Cap / Multi Cap / ELSS / Focused,2026-02-24,23304.5996
^CRSLDX,Nifty 500,Flexi Cap / Multi Cap / ELSS / Focused,2026-02-25,23403.8008
^CRSLDX,Nifty 500,Flexi Cap / Multi Cap / ELSS / Focused,2026-02-26,23448.5
^CRSLDX,Nifty 500,Flexi Cap / Multi Cap / ELSS / Focused,2026-02-27,23166.8496
^CRSLDX,Nifty 500,Flexi Cap / Multi Cap / ELSS / Focused,2026-03-02,22835.9492
^CRSLDX,Nifty 500,Flexi Cap / Multi Cap / ELSS / Focused,2026-03-04,22409.8008
^CRSLDX,Nifty 500,Flexi Cap / Multi Cap / ELSS / Focused,2026-03-05,22697.8008
^CRSLDX,Nifty 500,Flexi Cap / Multi Cap / ELSS / Focused,2026-03-06,22481.3008
^CRSLDX,Nifty 500,Flexi Cap / Multi Cap / ELSS / Focused,2026-03-09,22056.5508
^CRSLDX,Nifty 500,Flexi Cap / Multi Cap / ELSS / Focused,2026-03-10,22342.9492
^CRSLDX,Nifty 500,Flexi Cap / Multi Cap / ELSS / Focused,2026-03-11,22042.3008
^CRSLDX,Nifty 500,Flexi Cap / Multi Cap / ELSS / Focused,2026-03-12,21897.5
^CRSLDX,Nifty 500,Flexi Cap / Multi Cap / ELSS / Focused,2026-03-13,21391.1992
^CRSLDX,Nifty 500,Flexi Cap / Multi Cap / ELSS / Focused,2026-03-16,21498.8008
^CRSLDX,Nifty 500,Flexi Cap / Multi Cap / ELSS / Focused,2026-03-17,21669.3008
^CRSLDX,Nifty 500,Flexi Cap / Multi Cap / ELSS / Focused,2026-03-18,21917.4004
^CRSLDX,Nifty 500,Flexi Cap / Multi Cap / ELSS / Focused,2026-03-19,21225.8008
^CRSLDX,Nifty 500,Flexi Cap / Multi Cap / ELSS / Focused,2026-03-20,21327.9004
^CRSLDX,Nifty 500,Flexi Cap / Multi Cap / ELSS / Focused,2026-03-23,20664.25
^CRSLDX,Nifty 500,Flexi Cap / Multi Cap / ELSS / Focused,2026-03-24,21067.0
^CRSLDX,Nifty 500,Flexi Cap / Multi Cap / ELSS / Focused,2026-03-25,21478.1992
^CRSLDX,Nifty 500,Flexi Cap / Multi Cap / ELSS / Focused,2026-03-27,21020.1504
^CRSLDX,Nifty 500,Flexi Cap / Multi Cap / ELSS / Focused,2026-03-30,20528.0508
^CRSLDX,Nifty 500,Flexi Cap / Multi Cap / ELSS / Focused,2026-04-01,20935.1504
^CRSLDX,Nifty 500,Flexi Cap / Multi Cap / ELSS / Focused,2026-04-02,20938.3496
^CRSLDX,Nifty 500,Flexi Cap / Multi Cap / ELSS / Focused,2026-04-06,21194.0508
^CRSLDX,Nifty 500,Flexi Cap / Multi Cap / ELSS / Focused,2026-04-07,21296.4492
^CRSLDX,Nifty 500,Flexi Cap / Multi Cap / ELSS / Focused,2026-04-08,22137.0996
^CRSLDX,Nifty 500,Flexi Cap / Multi Cap / ELSS / Focused,2026-04-09,22037.5
^CRSLDX,Nifty 500,Flexi Cap / Multi Cap / ELSS / Focused,2026-04-10,22346.75
^CRSLDX,Nifty 500,Flexi Cap / Multi Cap / ELSS / Focused,2026-04-13,22179.0508
^CRSLDX,Nifty 500,Flexi Cap / Multi Cap / ELSS / Focused,2026-04-15,22595.5508
^CRSLDX,Nifty 500,Flexi Cap / Multi Cap / ELSS / Focused,2026-04-16,22656.3008
^CRSLDX,Nifty 500,Flexi Cap / Multi Cap / ELSS / Focused,2026-04-17,22869.4004
^CRSLDX,Nifty 500,Flexi Cap / Multi Cap / ELSS / Focused,2026-04-20,22865.8008
^CRSLDX,Nifty 500,Flexi Cap / Multi Cap / ELSS / Focused,2026-04-21,23042.3496
^CRSLDX,Nifty 500,Flexi Cap / Multi Cap / ELSS / Focused,2026-04-22,22991.5
^CRSLDX,Nifty 500,Flexi Cap / Multi Cap / ELSS / Focused,2026-04-23,22810.8496
^CRSLDX,Nifty 500,Flexi Cap / Multi Cap / ELSS / Focused,2026-04-24,22570.0508
^CRSLDX,Nifty 500,Flexi Cap / Multi Cap / ELSS / Focused,2026-04-27,22821.4004
^CRSLDX,Nifty 500,Flexi Cap / Multi Cap / ELSS / Focused,2026-04-28,22765.5996
^CRSLDX,Nifty 500,Flexi Cap / Multi Cap / ELSS / Focused,2026-04-29,22871.0
^CRSLDX,Nifty 500,Flexi Cap / Multi Cap / ELSS / Focused,2026-04-30,22683.5508
^CRSLDX,Nifty 500,Flexi Cap / Multi Cap / ELSS / Focused,2026-05-04,22830.75
^CRSLDX,Nifty 500,Flexi Cap / Multi Cap / ELSS / Focused,2026-05-05,22808.25
^CRSLDX,Nifty 500,Flexi Cap / Multi Cap / ELSS / Focused,2026-05-06,23133.4004
^CRSLDX,Nifty 500,Flexi Cap / Multi Cap / ELSS / Focused,2026-05-07,23214.0
^CRSLDX,Nifty 500,Flexi Cap / Multi Cap / ELSS / Focused,2026-05-08,23115.6504
^CRSLDX,Nifty 500,Flexi Cap / Multi Cap / ELSS / Focused,2026-05-11,22795.75
^CRSLDX,Nifty 500,Flexi Cap / Multi Cap / ELSS / Focused,2026-05-12,22299.9004
^CRSLDX,Nifty 500,Flexi Cap / Multi Cap / ELSS / Focused,2026-05-13,22377.3496
^CRSLDX,Nifty 500,Flexi Cap / Multi Cap / ELSS / Focused,2026-05-14,22613.0996
^CRSLDX,Nifty 500,Flexi Cap / Multi Cap / ELSS / Focused,2026-05-15,22531.1504
^CRSLDX,Nifty 500,Flexi Cap / Multi Cap / ELSS / Focused,2026-05-18,22461.0508
^CRSLDX,Nifty 500,Flexi Cap / Multi Cap / ELSS / Focused,2026-05-19,22521.75
^CRSLDX,Nifty 500,Flexi Cap / Multi Cap / ELSS / Focused,2026-05-20,22578.1504
^CRSLDX,Nifty 500,Flexi Cap / Multi Cap / ELSS / Focused,2026-05-21,22602.8496
^CRSLDX,Nifty 500,Flexi Cap / Multi Cap / ELSS / Focused,2026-05-22,22651.3008
^CRSLDX,Nifty 500,Flexi Cap / Multi Cap / ELSS / Focused,2026-05-25,22929.4492
^CRSLDX,Nifty 500,Flexi Cap / Multi Cap / ELSS / Focused,2026-05-26,22897.1992
^CRSLDX,Nifty 500,Flexi Cap / Multi Cap / ELSS / Focused,2026-05-27,22967.4004
^CRSLDX,Nifty 500,Flexi Cap / Multi Cap / ELSS / Focused,2026-05-29,22657.0
^CRSLDX,Nifty 500,Flexi Cap / Multi Cap / ELSS / Focused,2026-06-01,22437.9492
^CRSLDX,Nifty 500,Flexi Cap / Multi Cap / ELSS / Focused,2026-06-02,22521.0996
^CRSLDX,Nifty 500,Flexi Cap / Multi Cap / ELSS / Focused,2026-06-03,22451.8496
^CRSLDX,Nifty 500,Flexi Cap / Multi Cap / ELSS / Focused,2026-06-04,22497.6992
^CRSLDX,Nifty 500,Flexi Cap / Multi Cap / ELSS / Focused,2026-06-05,22465.3496
^CRSLDX,Nifty 500,Flexi Cap / Multi Cap / ELSS / Focused,2026-06-08,22173.6992
^CRSLDX,Nifty 500,Flexi Cap / Multi Cap / ELSS / Focused,2026-06-09,22370.1504
^CRSLDX,Nifty 500,Flexi Cap / Multi Cap / ELSS / Focused,2026-06-10,22233.8496
^CRSLDX,Nifty 500,Flexi Cap / Multi Cap / ELSS / Focused,2026-06-11,22114.4492
^CRSLDX,Nifty 500,Flexi Cap / Multi Cap / ELSS / Focused,2026-06-12,22599.8008
^CRSLDX,Nifty 500,Flexi Cap / Multi Cap / ELSS / Focused,2026-06-15,22891.3008
^CRSLDX,Nifty 500,Flexi Cap / Multi Cap / ELSS / Focused,2026-06-16,22997.25
^CRSLDX,Nifty 500,Flexi Cap / Multi Cap / ELSS / Focused,2026-06-17,23109.6992
^CRSLDX,Nifty 500,Flexi Cap / Multi Cap / ELSS / Focused,2026-06-18,23206.4492
^CRSLDX,Nifty 500,Flexi Cap / Multi Cap / ELSS / Focused,2026-06-19,23144.1992
^CRSLDX,Nifty 500,Flexi Cap / Multi Cap / ELSS / Focused,2026-06-22,23261.8496
^CRSLDX,Nifty 500,Flexi Cap / Multi Cap / ELSS / Focused,2026-06-23,23010.9492
^CRSLDX,Nifty 500,Flexi Cap / Multi Cap / ELSS / Focused,2026-06-24,23126.3008
^CRSLDX,Nifty 500,Flexi Cap / Multi Cap / ELSS / Focused,2026-06-25,23113.6992
^CRSLDX,Nifty 500,Flexi Cap / Multi Cap / ELSS / Focused,2026-06-29,23000.0
^CRSLDX,Nifty 500,Flexi Cap / Multi Cap / ELSS / Focused,2026-06-30,22995.6504
^CRSLDX,Nifty 500,Flexi Cap / Multi Cap / ELSS / Focused,2026-07-01,23111.6504
^CRSLDX,Nifty 500,Flexi Cap / Multi Cap / ELSS / Focused,2026-07-02,23264.8008
^CRSLDX,Nifty 500,Flexi Cap / Multi Cap / ELSS / Focused,2026-07-03,23301.1504
^CRSLDX,Nifty 500,Flexi Cap / Multi Cap / ELSS / Focused,2026-07-06,23433.9492
^CRSLDX,Nifty 500,Flexi Cap / Multi Cap / ELSS / Focused,2026-07-07,23368.8496
^CRSLDX,Nifty 500,Flexi Cap / Multi Cap / ELSS / Focused,2026-07-08,22908.0508
^CRSLDX,Nifty 500,Flexi Cap / Multi Cap / ELSS / Focused,2026-07-09,23081.1504
^CRSLDX,Nifty 500,Flexi Cap / Multi Cap / ELSS / Focused,2026-07-10,23348.4004
^CRSLDX,Nifty 500,Flexi Cap / Multi Cap / ELSS / Focused,2026-07-13,23347.0508
^CRSLDX,Nifty 500,Flexi Cap / Multi Cap / ELSS / Focused,2026-07-14,23199.4492
^CRSLDX,Nifty 500,Flexi Cap / Multi Cap / ELSS / Focused,2026-07-15,23263.9004
^CRSLDX,Nifty 500,Flexi Cap / Multi Cap / ELSS / Focused,2026-07-16,23232.6504
^CRSLDX,Nifty 500,Flexi Cap / Multi Cap / ELSS / Focused,2026-07-17,23336.3008
^CRSLDX,Nifty 500,Flexi Cap / Multi Cap / ELSS / Focused,2026-07-20,23338.0508
^CRSLDX,Nifty 500,Flexi Cap / Multi Cap / ELSS / Focused,2026-07-21,23352.1504
^CRSLDX,Nifty 500,Flexi Cap / Multi Cap / ELSS / Focused,2026-07-22,23145.0508
^CRSLDX,Nifty 500,Flexi Cap / Multi Cap / ELSS / Focused,2026-07-23,22982.4004
^CRSLDX,Nifty 500,Flexi Cap / Multi Cap / ELSS / Focused,2026-07-24,22913.3008
^CRSLDX,Nifty 500,Flexi Cap / Multi Cap / ELSS / Focused,2026-07-27,23153.0996
^CRSLDX,Nifty 500,Flexi Cap / Multi Cap / ELSS / Focused,2026-07-28,23114.9004
^CRSLDX,Nifty 500,Flexi Cap / Multi Cap / ELSS / Focused,2026-07-29,23352.5996
^CRSLDX,Nifty 500,Flexi Cap / Multi Cap / ELSS / Focused,2026-07-30,23353.5508
^CRSLDX,Nifty 500,Flexi Cap / Multi Cap / ELSS / Focused,2026-07-31,23460.6992
^CRSLDX,Nifty 500,Flexi Cap / Multi Cap / ELSS / Focused,2026-08-03,23802.8496
^CRSLDX,Nifty 500,Flexi Cap / Multi Cap / ELSS / Focused,2026-08-04,23690.1504
^CRSLDX,Nifty 500,Flexi Cap / Multi Cap / ELSS / Focused,2026-08-05,23735.5508
^CRSLDX,Nifty 500,Flexi Cap / Multi Cap / ELSS / Focused,2026-08-06,23729.4492
^CRSLDX,Nifty 500,Flexi Cap / Multi Cap / ELSS / Focused,2026-08-07,23712.0996
^CRSLDX,Nifty 500,Flexi Cap / Multi Cap / ELSS / Focused,2026-08-10,23743.1992
^CRSLDX,Nifty 500,Flexi Cap / Multi Cap / ELSS / Focused,2026-08-11,23681.1504
^CRSLDX,Nifty 500,Flexi Cap / Multi Cap / ELSS / Focused,2026-08-12,23672.4492
^CRSLDX,Nifty 500,Flexi Cap / Multi Cap / ELSS / Focused,2026-08-13,23658.0996
^CRSLDX,Nifty 500,Flexi Cap / Multi Cap / ELSS / Focused,2026-08-14,23594.9004
^CRSLDX,Nifty 500,Flexi Cap / Multi Cap / ELSS / Focused,2026-08-17,23564.4492
^CRSLDX,Nifty 500,Flexi Cap / Multi Cap / ELSS / Focused,2026-08-18,23472.4004
^CRSLDX,Nifty 500,Flexi Cap / Multi Cap / ELSS / Focused,2026-08-19,23386.1992
^CRSLDX,Nifty 500,Flexi Cap / Multi Cap / ELSS / Focused,2026-08-20,23512.9492
^CRSLDX,Nifty 500,Flexi Cap / Multi Cap / ELSS / Focused,2026-08-21,23530.3008
^CRSLDX,Nifty 500,Flexi Cap / Multi Cap / ELSS / Focused,2026-08-24,23511.75
^CRSLDX,Nifty 500,Flexi Cap / Multi Cap / ELSS / Focused,2026-08-25,23611.5996
^CRSLDX,Nifty 500,Flexi Cap / Multi Cap / ELSS / Focused,2026-08-26,23559.1992
^CRSLDX,Nifty 500,Flexi Cap / Multi Cap / ELSS / Focused,2026-08-27,23482.0
^CRSLDX,Nifty 500,Flexi Cap / Multi Cap / ELSS / Focused,2026-08-28,23528.5508
^CRSLDX,Nifty 500,Flexi Cap / Multi Cap / ELSS / Focused,2026-08-31,23450.3496
^CRSLDX,Nifty 500,Flexi Cap / Multi Cap / ELSS / Focused,2026-09-01,23339.9004
^CRSLDX,Nifty 500,Flexi Cap / Multi Cap / ELSS / Focused,2026-09-02,23222.8008
^CRSLDX,Nifty 500,Flexi Cap / Multi Cap / ELSS / Focused,2026-09-03,23254.0508
^CRSLDX,Nifty 500,Flexi Cap / Multi Cap / ELSS / Focused,2026-09-04,23254.1504
^CRSLDX,Nifty 500,Flexi Cap / Multi Cap / ELSS / Focused,2026-09-07,23156.1992
^CRSLDX,Nifty 500,Flexi Cap / Multi Cap / ELSS / Focused,2026-09-08,23106.0996
^CRSLDX,Nifty 500,Flexi Cap / Multi Cap / ELSS / Focused,2026-09-09,22958.75
^CRSLDX,Nifty 500,Flexi Cap / Multi Cap / ELSS / Focused,2026-09-10,22952.3496
^CRSLDX,Nifty 500,Flexi Cap / Multi Cap / ELSS / Focused,2026-09-11,22866.5
^CRSLDX,Nifty 500,Flexi Cap / Multi Cap / ELSS / Focused,2026-09-15,22477.4492
^CRSLDX,Nifty 500,Flexi Cap / Multi Cap / ELSS / Focused,2026-09-16,22532.0
^CRSLDX,Nifty 500,Flexi Cap / Multi Cap / ELSS / Focused,2026-09-17,22654.6504
^CRSLDX,Nifty 500,Flexi Cap / Multi Cap / ELSS / Focused,2026-09-18,22840.5508
^CRSLDX,Nifty 500,Flexi Cap / Multi Cap / ELSS / Focused,2026-09-21,22860.0508
^CRSLDX,Nifty 500,Flexi Cap / Multi Cap / ELSS / Focused,2026-09-23,22935.0996
^CRSLDX,Nifty 500,Flexi Cap / Multi Cap / ELSS / Focused,2026-09-24,22552.5996
^NSEI,Nifty 50,Large Cap / Core,2016-09-26,8723.0498
^NSEI,Nifty 50,Large Cap / Core,2016-09-27,8706.4004
^NSEI,Nifty 50,Large Cap / Core,2016-09-28,8745.1504
^NSEI,Nifty 50,Large Cap / Core,2016-09-29,8591.25
^NSEI,Nifty 50,Large Cap / Core,2016-09-30,8611.1504
^NSEI,Nifty 50,Large Cap / Core,2016-10-03,8738.0996
^NSEI,Nifty 50,Large Cap / Core,2016-10-04,8769.1504
^NSEI,Nifty 50,Large Cap / Core,2016-10-05,8743.9502
^NSEI,Nifty 50,Large Cap / Core,2016-10-06,8709.5498
^NSEI,Nifty 50,Large Cap / Core,2016-10-07,8697.5996
^NSEI,Nifty 50,Large Cap / Core,2016-10-10,8708.7998
^NSEI,Nifty 50,Large Cap / Core,2016-10-13,8573.3496
^NSEI,Nifty 50,Large Cap / Core,2016-10-14,8583.4004
^NSEI,Nifty 50,Large Cap / Core,2016-10-17,8520.4004
^NSEI,Nifty 50,Large Cap / Core,2016-10-18,8677.9004
^NSEI,Nifty 50,Large Cap / Core,2016-10-19,8659.0996
^NSEI,Nifty 50,Large Cap / Core,2016-10-20,8699.4004
^NSEI,Nifty 50,Large Cap / Core,2016-10-21,8693.0498
^NSEI,Nifty 50,Large Cap / Core,2016-10-24,8708.9502
^NSEI,Nifty 50,Large Cap / Core,2016-10-25,8691.2998
^NSEI,Nifty 50,Large Cap / Core,2016-10-26,8615.25
^NSEI,Nifty 50,Large Cap / Core,2016-10-27,8615.25
^NSEI,Nifty 50,Large Cap / Core,2016-10-28,8638.0
^NSEI,Nifty 50,Large Cap / Core,2016-11-01,8626.25
^NSEI,Nifty 50,Large Cap / Core,2016-11-02,8514.0
^NSEI,Nifty 50,Large Cap / Core,2016-11-03,8484.9502
^NSEI,Nifty 50,Large Cap / Core,2016-11-04,8433.75
^NSEI,Nifty 50,Large Cap / Core,2016-11-07,8497.0498
^NSEI,Nifty 50,Large Cap / Core,2016-11-08,8543.5498
^NSEI,Nifty 50,Large Cap / Core,2016-11-09,8432.0
^NSEI,Nifty 50,Large Cap / Core,2016-11-10,8525.75
^NSEI,Nifty 50,Large Cap / Core,2016-11-11,8296.2998
^NSEI,Nifty 50,Large Cap / Core,2016-11-15,8108.4502
^NSEI,Nifty 50,Large Cap / Core,2016-11-16,8111.6001
^NSEI,Nifty 50,Large Cap / Core,2016-11-17,8079.9502
^NSEI,Nifty 50,Large Cap / Core,2016-11-18,8074.1001
^NSEI,Nifty 50,Large Cap / Core,2016-11-21,7929.1001
^NSEI,Nifty 50,Large Cap / Core,2016-11-22,8002.2998
^NSEI,Nifty 50,Large Cap / Core,2016-11-23,8033.2998
^NSEI,Nifty 50,Large Cap / Core,2016-11-24,7965.5
^NSEI,Nifty 50,Large Cap / Core,2016-11-25,8114.2998
^NSEI,Nifty 50,Large Cap / Core,2016-11-28,8126.8999
^NSEI,Nifty 50,Large Cap / Core,2016-11-29,8142.1499
^NSEI,Nifty 50,Large Cap / Core,2016-11-30,8224.5
^NSEI,Nifty 50,Large Cap / Core,2016-12-01,8192.9004
^NSEI,Nifty 50,Large Cap / Core,2016-12-02,8086.7998
^NSEI,Nifty 50,Large Cap / Core,2016-12-05,8128.75
^NSEI,Nifty 50,Large Cap / Core,2016-12-06,8143.1499
^NSEI,Nifty 50,Large Cap / Core,2016-12-07,8102.0498
^NSEI,Nifty 50,Large Cap / Core,2016-12-08,8246.8496
^NSEI,Nifty 50,Large Cap / Core,2016-12-09,8261.75
^NSEI,Nifty 50,Large Cap / Core,2016-12-12,8170.7998
^NSEI,Nifty 50,Large Cap / Core,2016-12-13,8221.7998
^NSEI,Nifty 50,Large Cap / Core,2016-12-14,8182.4502
^NSEI,Nifty 50,Large Cap / Core,2016-12-15,8153.6001
^NSEI,Nifty 50,Large Cap / Core,2016-12-16,8139.4502
^NSEI,Nifty 50,Large Cap / Core,2016-12-19,8104.3501
^NSEI,Nifty 50,Large Cap / Core,2016-12-20,8082.3999
^NSEI,Nifty 50,Large Cap / Core,2016-12-21,8061.2998
^NSEI,Nifty 50,Large Cap / Core,2016-12-22,7979.1001
^NSEI,Nifty 50,Large Cap / Core,2016-12-23,7985.75
^NSEI,Nifty 50,Large Cap / Core,2016-12-26,7908.25
^NSEI,Nifty 50,Large Cap / Core,2016-12-27,8032.8501
^NSEI,Nifty 50,Large Cap / Core,2016-12-28,8034.8501
^NSEI,Nifty 50,Large Cap / Core,2016-12-29,8103.6001
^NSEI,Nifty 50,Large Cap / Core,2016-12-30,8185.7998
^NSEI,Nifty 50,Large Cap / Core,2017-01-02,8179.5
^NSEI,Nifty 50,Large Cap / Core,2017-01-03,8192.25
^NSEI,Nifty 50,Large Cap / Core,2017-01-04,8190.5
^NSEI,Nifty 50,Large Cap / Core,2017-01-05,8273.7998
^NSEI,Nifty 50,Large Cap / Core,2017-01-06,8243.7998
^NSEI,Nifty 50,Large Cap / Core,2017-01-09,8236.0498
^NSEI,Nifty 50,Large Cap / Core,2017-01-10,8288.5996
^NSEI,Nifty 50,Large Cap / Core,2017-01-11,8380.6504
^NSEI,Nifty 50,Large Cap / Core,2017-01-12,8407.2002
^NSEI,Nifty 50,Large Cap / Core,2017-01-13,8400.3496
^NSEI,Nifty 50,Large Cap / Core,2017-01-16,8412.7998
^NSEI,Nifty 50,Large Cap / Core,2017-01-17,8398.0
^NSEI,Nifty 50,Large Cap / Core,2017-01-18,8417.0
^NSEI,Nifty 50,Large Cap / Core,2017-01-19,8435.0996
^NSEI,Nifty 50,Large Cap / Core,2017-01-20,8349.3496
^NSEI,Nifty 50,Large Cap / Core,2017-01-23,8391.5
^NSEI,Nifty 50,Large Cap / Core,2017-01-24,8475.7998
^NSEI,Nifty 50,Large Cap / Core,2017-01-25,8602.75
^NSEI,Nifty 50,Large Cap / Core,2017-01-27,8641.25
^NSEI,Nifty 50,Large Cap / Core,2017-01-30,8632.75
^NSEI,Nifty 50,Large Cap / Core,2017-01-31,8561.2998
^NSEI,Nifty 50,Large Cap / Core,2017-02-01,8716.4004
^NSEI,Nifty 50,Large Cap / Core,2017-02-02,8734.25
^NSEI,Nifty 50,Large Cap / Core,2017-02-03,8740.9502
^NSEI,Nifty 50,Large Cap / Core,2017-02-06,8801.0498
^NSEI,Nifty 50,Large Cap / Core,2017-02-07,8768.2998
^NSEI,Nifty 50,Large Cap / Core,2017-02-08,8769.0498
^NSEI,Nifty 50,Large Cap / Core,2017-02-09,8778.4004
^NSEI,Nifty 50,Large Cap / Core,2017-02-10,8793.5498
^NSEI,Nifty 50,Large Cap / Core,2017-02-13,8805.0498
^NSEI,Nifty 50,Large Cap / Core,2017-02-14,8792.2998
^NSEI,Nifty 50,Large Cap / Core,2017-02-15,8724.7002
^NSEI,Nifty 50,Large Cap / Core,2017-02-16,8778.0
^NSEI,Nifty 50,Large Cap / Core,2017-02-17,8821.7002
^NSEI,Nifty 50,Large Cap / Core,2017-02-20,8879.2002
^NSEI,Nifty 50,Large Cap / Core,2017-02-21,8907.8496
^NSEI,Nifty 50,Large Cap / Core,2017-02-22,8926.9004
^NSEI,Nifty 50,Large Cap / Core,2017-02-23,8939.5
^NSEI,Nifty 50,Large Cap / Core,2017-02-27,8896.7002
^NSEI,Nifty 50,Large Cap / Core,2017-02-28,8879.5996
^NSEI,Nifty 50,Large Cap / Core,2017-03-01,8945.7998
^NSEI,Nifty 50,Large Cap / Core,2017-03-02,8899.75
^NSEI,Nifty 50,Large Cap / Core,2017-03-03,8897.5498
^NSEI,Nifty 50,Large Cap / Core,2017-03-06,8963.4502
^NSEI,Nifty 50,Large Cap / Core,2017-03-07,8946.9004
^NSEI,Nifty 50,Large Cap / Core,2017-03-08,8924.2998
^NSEI,Nifty 50,Large Cap / Core,2017-03-09,8927.0
^NSEI,Nifty 50,Large Cap / Core,2017-03-10,8934.5498
^NSEI,Nifty 50,Large Cap / Core,2017-03-14,9087.0
^NSEI,Nifty 50,Large Cap / Core,2017-03-15,9084.7998
^NSEI,Nifty 50,Large Cap / Core,2017-03-16,9153.7002
^NSEI,Nifty 50,Large Cap / Core,2017-03-17,9160.0498
^NSEI,Nifty 50,Large Cap / Core,2017-03-20,9126.8496
^NSEI,Nifty 50,Large Cap / Core,2017-03-21,9121.5
^NSEI,Nifty 50,Large Cap / Core,2017-03-22,9030.4502
^NSEI,Nifty 50,Large Cap / Core,2017-03-23,9086.2998
^NSEI,Nifty 50,Large Cap / Core,2017-03-24,9108.0
^NSEI,Nifty 50,Large Cap / Core,2017-03-27,9045.2002
^NSEI,Nifty 50,Large Cap / Core,2017-03-28,9100.7998
^NSEI,Nifty 50,Large Cap / Core,2017-03-29,9143.7998
^NSEI,Nifty 50,Large Cap / Core,2017-03-30,9173.75
^NSEI,Nifty 50,Large Cap / Core,2017-03-31,9173.75
^NSEI,Nifty 50,Large Cap / Core,2017-04-03,9237.8496
^NSEI,Nifty 50,Large Cap / Core,2017-04-05,9265.1504
^NSEI,Nifty 50,Large Cap / Core,2017-04-06,9261.9502
^NSEI,Nifty 50,Large Cap / Core,2017-04-07,9198.2998
^NSEI,Nifty 50,Large Cap / Core,2017-04-10,9181.4502
^NSEI,Nifty 50,Large Cap / Core,2017-04-11,9237.0
^NSEI,Nifty 50,Large Cap / Core,2017-04-12,9203.4502
^NSEI,Nifty 50,Large Cap / Core,2017-04-13,9150.7998
^NSEI,Nifty 50,Large Cap / Core,2017-04-17,9139.2998
^NSEI,Nifty 50,Large Cap / Core,2017-04-18,9105.1504
^NSEI,Nifty 50,Large Cap / Core,2017-04-19,9103.5
^NSEI,Nifty 50,Large Cap / Core,2017-04-20,9136.4004
^NSEI,Nifty 50,Large Cap / Core,2017-04-21,9119.4004
^NSEI,Nifty 50,Large Cap / Core,2017-04-24,9217.9502
^NSEI,Nifty 50,Large Cap / Core,2017-04-25,9306.5996
^NSEI,Nifty 50,Large Cap / Core,2017-04-26,9351.8496
^NSEI,Nifty 50,Large Cap / Core,2017-04-27,9342.1504
^NSEI,Nifty 50,Large Cap / Core,2017-04-28,9304.0498
^NSEI,Nifty 50,Large Cap / Core,2017-05-02,9313.7998
^NSEI,Nifty 50,Large Cap / Core,2017-05-03,9311.9502
^NSEI,Nifty 50,Large Cap / Core,2017-05-04,9359.9004
^NSEI,Nifty 50,Large Cap / Core,2017-05-05,9285.2998
^NSEI,Nifty 50,Large Cap / Core,2017-05-08,9314.0498
^NSEI,Nifty 50,Large Cap / Core,2017-05-09,9316.8496
^NSEI,Nifty 50,Large Cap / Core,2017-05-10,9407.2998
^NSEI,Nifty 50,Large Cap / Core,2017-05-11,9422.4004
^NSEI,Nifty 50,Large Cap / Core,2017-05-12,9400.9004
^NSEI,Nifty 50,Large Cap / Core,2017-05-15,9445.4004
^NSEI,Nifty 50,Large Cap / Core,2017-05-16,9512.25
^NSEI,Nifty 50,Large Cap / Core,2017-05-17,9525.75
^NSEI,Nifty 50,Large Cap / Core,2017-05-18,9429.4502
^NSEI,Nifty 50,Large Cap / Core,2017-05-19,9427.9004
^NSEI,Nifty 50,Large Cap / Core,2017-05-22,9438.25
^NSEI,Nifty 50,Large Cap / Core,2017-05-23,9386.1504
^NSEI,Nifty 50,Large Cap / Core,2017-05-24,9360.5498
^NSEI,Nifty 50,Large Cap / Core,2017-05-25,9509.75
^NSEI,Nifty 50,Large Cap / Core,2017-05-26,9595.0996
^NSEI,Nifty 50,Large Cap / Core,2017-05-29,9604.9004
^NSEI,Nifty 50,Large Cap / Core,2017-05-30,9624.5498
^NSEI,Nifty 50,Large Cap / Core,2017-05-31,9621.25
^NSEI,Nifty 50,Large Cap / Core,2017-06-01,9616.0996
^NSEI,Nifty 50,Large Cap / Core,2017-06-02,9653.5
^NSEI,Nifty 50,Large Cap / Core,2017-06-05,9675.0996
^NSEI,Nifty 50,Large Cap / Core,2017-06-06,9637.1504
^NSEI,Nifty 50,Large Cap / Core,2017-06-07,9663.9004
^NSEI,Nifty 50,Large Cap / Core,2017-06-08,9647.25
^NSEI,Nifty 50,Large Cap / Core,2017-06-09,9668.25
^NSEI,Nifty 50,Large Cap / Core,2017-06-12,9616.4004
^NSEI,Nifty 50,Large Cap / Core,2017-06-13,9606.9004
^NSEI,Nifty 50,Large Cap / Core,2017-06-14,9618.1504
^NSEI,Nifty 50,Large Cap / Core,2017-06-15,9578.0498
^NSEI,Nifty 50,Large Cap / Core,2017-06-16,9588.0498
^NSEI,Nifty 50,Large Cap / Core,2017-06-19,9657.5498
^NSEI,Nifty 50,Large Cap / Core,2017-06-20,9653.5
^NSEI,Nifty 50,Large Cap / Core,2017-06-21,9633.5996
^NSEI,Nifty 50,Large Cap / Core,2017-06-22,9630.0
^NSEI,Nifty 50,Large Cap / Core,2017-06-23,9574.9502
^NSEI,Nifty 50,Large Cap / Core,2017-06-27,9511.4004
^NSEI,Nifty 50,Large Cap / Core,2017-06-28,9491.25
^NSEI,Nifty 50,Large Cap / Core,2017-06-29,9504.0996
^NSEI,Nifty 50,Large Cap / Core,2017-06-30,9520.9004
^NSEI,Nifty 50,Large Cap / Core,2017-07-03,9615.0
^NSEI,Nifty 50,Large Cap / Core,2017-07-04,9613.2998
^NSEI,Nifty 50,Large Cap / Core,2017-07-05,9637.5996
^NSEI,Nifty 50,Large Cap / Core,2017-07-06,9674.5498
^NSEI,Nifty 50,Large Cap / Core,2017-07-07,9665.7998
^NSEI,Nifty 50,Large Cap / Core,2017-07-10,9771.0498
^NSEI,Nifty 50,Large Cap / Core,2017-07-11,9786.0498
^NSEI,Nifty 50,Large Cap / Core,2017-07-12,9816.0996
^NSEI,Nifty 50,Large Cap / Core,2017-07-13,9891.7002
^NSEI,Nifty 50,Large Cap / Core,2017-07-14,9886.3496
^NSEI,Nifty 50,Large Cap / Core,2017-07-17,9915.9502
^NSEI,Nifty 50,Large Cap / Core,2017-07-18,9827.1504
^NSEI,Nifty 50,Large Cap / Core,2017-07-19,9899.5996
^NSEI,Nifty 50,Large Cap / Core,2017-07-20,9873.2998
^NSEI,Nifty 50,Large Cap / Core,2017-07-21,9915.25
^NSEI,Nifty 50,Large Cap / Core,2017-07-24,9966.4004
^NSEI,Nifty 50,Large Cap / Core,2017-07-25,9964.5498
^NSEI,Nifty 50,Large Cap / Core,2017-07-26,10020.6504
^NSEI,Nifty 50,Large Cap / Core,2017-07-27,10020.5498
^NSEI,Nifty 50,Large Cap / Core,2017-07-28,10014.5
^NSEI,Nifty 50,Large Cap / Core,2017-07-31,10077.0996
^NSEI,Nifty 50,Large Cap / Core,2017-08-01,10114.6504
^NSEI,Nifty 50,Large Cap / Core,2017-08-02,10081.5
^NSEI,Nifty 50,Large Cap / Core,2017-08-03,10013.6504
^NSEI,Nifty 50,Large Cap / Core,2017-08-04,10066.4004
^NSEI,Nifty 50,Large Cap / Core,2017-08-07,10057.4004
^NSEI,Nifty 50,Large Cap / Core,2017-08-08,9978.5498
^NSEI,Nifty 50,Large Cap / Core,2017-08-09,9908.0498
^NSEI,Nifty 50,Large Cap / Core,2017-08-10,9820.25
^NSEI,Nifty 50,Large Cap / Core,2017-08-11,9710.7998
^NSEI,Nifty 50,Large Cap / Core,2017-08-14,9794.1504
^NSEI,Nifty 50,Large Cap / Core,2017-08-16,9897.2998
^NSEI,Nifty 50,Large Cap / Core,2017-08-17,9904.1504
^NSEI,Nifty 50,Large Cap / Core,2017-08-18,9837.4004
^NSEI,Nifty 50,Large Cap / Core,2017-08-21,9754.3496
^NSEI,Nifty 50,Large Cap / Core,2017-08-22,9765.5498
^NSEI,Nifty 50,Large Cap / Core,2017-08-23,9852.5
^NSEI,Nifty 50,Large Cap / Core,2017-08-24,9857.0498
^NSEI,Nifty 50,Large Cap / Core,2017-08-28,9912.7998
^NSEI,Nifty 50,Large Cap / Core,2017-08-29,9796.0498
^NSEI,Nifty 50,Large Cap / Core,2017-08-30,9884.4004
^NSEI,Nifty 50,Large Cap / Core,2017-08-31,9917.9004
^NSEI,Nifty 50,Large Cap / Core,2017-09-01,9974.4004
^NSEI,Nifty 50,Large Cap / Core,2017-09-04,9912.8496
^NSEI,Nifty 50,Large Cap / Core,2017-09-05,9952.2002
^NSEI,Nifty 50,Large Cap / Core,2017-09-06,9916.2002
^NSEI,Nifty 50,Large Cap / Core,2017-09-07,9929.9004
^NSEI,Nifty 50,Large Cap / Core,2017-09-08,9934.7998
^NSEI,Nifty 50,Large Cap / Core,2017-09-11,10006.0498
^NSEI,Nifty 50,Large Cap / Core,2017-09-12,10093.0498
^NSEI,Nifty 50,Large Cap / Core,2017-09-13,10079.2998
^NSEI,Nifty 50,Large Cap / Core,2017-09-14,10086.5996
^NSEI,Nifty 50,Large Cap / Core,2017-09-15,10085.4004
^NSEI,Nifty 50,Large Cap / Core,2017-09-18,10153.0996
^NSEI,Nifty 50,Large Cap / Core,2017-09-19,10147.5498
^NSEI,Nifty 50,Large Cap / Core,2017-09-20,10141.1504
^NSEI,Nifty 50,Large Cap / Core,2017-09-21,10121.9004
^NSEI,Nifty 50,Large Cap / Core,2017-09-22,9964.4004
^NSEI,Nifty 50,Large Cap / Core,2017-09-25,9872.5996
^NSEI,Nifty 50,Large Cap / Core,2017-09-26,9871.5
^NSEI,Nifty 50,Large Cap / Core,2017-09-27,9735.75
^NSEI,Nifty 50,Large Cap / Core,2017-09-28,9768.9502
^NSEI,Nifty 50,Large Cap / Core,2017-09-29,9788.5996
^NSEI,Nifty 50,Large Cap / Core,2017-10-03,9859.5
^NSEI,Nifty 50,Large Cap / Core,2017-10-04,9914.9004
^NSEI,Nifty 50,Large Cap / Core,2017-10-05,9888.7002
^NSEI,Nifty 50,Large Cap / Core,2017-10-06,9979.7002
^NSEI,Nifty 50,Large Cap / Core,2017-10-09,9988.75
^NSEI,Nifty 50,Large Cap / Core,2017-10-10,10016.9502
^NSEI,Nifty 50,Large Cap / Core,2017-10-11,9984.7998
^NSEI,Nifty 50,Large Cap / Core,2017-10-12,10096.4004
^NSEI,Nifty 50,Large Cap / Core,2017-10-13,10167.4502
^NSEI,Nifty 50,Large Cap / Core,2017-10-16,10230.8496
^NSEI,Nifty 50,Large Cap / Core,2017-10-17,10234.4502
^NSEI,Nifty 50,Large Cap / Core,2017-10-18,10210.8496
^NSEI,Nifty 50,Large Cap / Core,2017-10-19,10146.5498
^NSEI,Nifty 50,Large Cap / Core,2017-10-23,10184.8496
^NSEI,Nifty 50,Large Cap / Core,2017-10-24,10207.7002
^NSEI,Nifty 50,Large Cap / Core,2017-10-25,10295.3496
^NSEI,Nifty 50,Large Cap / Core,2017-10-26,10343.7998
^NSEI,Nifty 50,Large Cap / Core,2017-10-27,10323.0498
^NSEI,Nifty 50,Large Cap / Core,2017-10-30,10363.6504
^NSEI,Nifty 50,Large Cap / Core,2017-10-31,10335.2998
^NSEI,Nifty 50,Large Cap / Core,2017-11-01,10440.5
^NSEI,Nifty 50,Large Cap / Core,2017-11-02,10423.7998
^NSEI,Nifty 50,Large Cap / Core,2017-11-03,10452.5
^NSEI,Nifty 50,Large Cap / Core,2017-11-06,10451.7998
^NSEI,Nifty 50,Large Cap / Core,2017-11-07,10350.1504
^NSEI,Nifty 50,Large Cap / Core,2017-11-08,10303.1504
^NSEI,Nifty 50,Large Cap / Core,2017-11-09,10308.9502
^NSEI,Nifty 50,Large Cap / Core,2017-11-10,10321.75
^NSEI,Nifty 50,Large Cap / Core,2017-11-13,10224.9502
^NSEI,Nifty 50,Large Cap / Core,2017-11-14,10186.5996
^NSEI,Nifty 50,Large Cap / Core,2017-11-15,10118.0498
^NSEI,Nifty 50,Large Cap / Core,2017-11-16,10214.75
^NSEI,Nifty 50,Large Cap / Core,2017-11-17,10283.5996
^NSEI,Nifty 50,Large Cap / Core,2017-11-20,10298.75
^NSEI,Nifty 50,Large Cap / Core,2017-11-21,10326.9004
^NSEI,Nifty 50,Large Cap / Core,2017-11-22,10342.2998
^NSEI,Nifty 50,Large Cap / Core,2017-11-23,10348.75
^NSEI,Nifty 50,Large Cap / Core,2017-11-24,10389.7002
^NSEI,Nifty 50,Large Cap / Core,2017-11-27,10399.5498
^NSEI,Nifty 50,Large Cap / Core,2017-11-28,10370.25
^NSEI,Nifty 50,Large Cap / Core,2017-11-29,10361.2998
^NSEI,Nifty 50,Large Cap / Core,2017-11-30,10226.5498
^NSEI,Nifty 50,Large Cap / Core,2017-12-01,10121.7998
^NSEI,Nifty 50,Large Cap / Core,2017-12-04,10127.75
^NSEI,Nifty 50,Large Cap / Core,2017-12-05,10118.25
^NSEI,Nifty 50,Large Cap / Core,2017-12-06,10044.0996
^NSEI,Nifty 50,Large Cap / Core,2017-12-07,10166.7002
^NSEI,Nifty 50,Large Cap / Core,2017-12-08,10265.6504
^NSEI,Nifty 50,Large Cap / Core,2017-12-11,10322.25
^NSEI,Nifty 50,Large Cap / Core,2017-12-12,10240.1504
^NSEI,Nifty 50,Large Cap / Core,2017-12-13,10192.9502
^NSEI,Nifty 50,Large Cap / Core,2017-12-14,10252.0996
^NSEI,Nifty 50,Large Cap / Core,2017-12-15,10333.25
^NSEI,Nifty 50,Large Cap / Core,2017-12-18,10388.75
^NSEI,Nifty 50,Large Cap / Core,2017-12-19,10463.2002
^NSEI,Nifty 50,Large Cap / Core,2017-12-20,10444.2002
^NSEI,Nifty 50,Large Cap / Core,2017-12-21,10440.2998
^NSEI,Nifty 50,Large Cap / Core,2017-12-22,10493.0
^NSEI,Nifty 50,Large Cap / Core,2017-12-26,10531.5
^NSEI,Nifty 50,Large Cap / Core,2017-12-27,10490.75
^NSEI,Nifty 50,Large Cap / Core,2017-12-28,10477.9004
^NSEI,Nifty 50,Large Cap / Core,2017-12-29,10530.7002
^NSEI,Nifty 50,Large Cap / Core,2018-01-02,10442.2002
^NSEI,Nifty 50,Large Cap / Core,2018-01-03,10443.2002
^NSEI,Nifty 50,Large Cap / Core,2018-01-04,10504.7998
^NSEI,Nifty 50,Large Cap / Core,2018-01-05,10558.8496
^NSEI,Nifty 50,Large Cap / Core,2018-01-08,10623.5996
^NSEI,Nifty 50,Large Cap / Core,2018-01-09,10637.0
^NSEI,Nifty 50,Large Cap / Core,2018-01-10,10632.2002
^NSEI,Nifty 50,Large Cap / Core,2018-01-11,10651.2002
^NSEI,Nifty 50,Large Cap / Core,2018-01-12,10681.25
^NSEI,Nifty 50,Large Cap / Core,2018-01-15,10741.5498
^NSEI,Nifty 50,Large Cap / Core,2018-01-16,10700.4502
^NSEI,Nifty 50,Large Cap / Core,2018-01-17,10788.5498
^NSEI,Nifty 50,Large Cap / Core,2018-01-18,10817.0
^NSEI,Nifty 50,Large Cap / Core,2018-01-19,10894.7002
^NSEI,Nifty 50,Large Cap / Core,2018-01-22,10966.2002
^NSEI,Nifty 50,Large Cap / Core,2018-01-23,11083.7002
^NSEI,Nifty 50,Large Cap / Core,2018-01-24,11086.0
^NSEI,Nifty 50,Large Cap / Core,2018-01-25,11069.6504
^NSEI,Nifty 50,Large Cap / Core,2018-01-29,11130.4004
^NSEI,Nifty 50,Large Cap / Core,2018-01-30,11049.6504
^NSEI,Nifty 50,Large Cap / Core,2018-01-31,11027.7002
^NSEI,Nifty 50,Large Cap / Core,2018-02-01,11016.9004
^NSEI,Nifty 50,Large Cap / Core,2018-02-02,10760.5996
^NSEI,Nifty 50,Large Cap / Core,2018-02-05,10666.5498
^NSEI,Nifty 50,Large Cap / Core,2018-02-06,10498.25
^NSEI,Nifty 50,Large Cap / Core,2018-02-07,10476.7002
^NSEI,Nifty 50,Large Cap / Core,2018-02-08,10576.8496
^NSEI,Nifty 50,Large Cap / Core,2018-02-09,10454.9502
^NSEI,Nifty 50,Large Cap / Core,2018-02-12,10539.75
^NSEI,Nifty 50,Large Cap / Core,2018-02-14,10500.9004
^NSEI,Nifty 50,Large Cap / Core,2018-02-15,10545.5
^NSEI,Nifty 50,Large Cap / Core,2018-02-16,10452.2998
^NSEI,Nifty 50,Large Cap / Core,2018-02-19,10378.4004
^NSEI,Nifty 50,Large Cap / Core,2018-02-20,10360.4004
^NSEI,Nifty 50,Large Cap / Core,2018-02-21,10397.4502
^NSEI,Nifty 50,Large Cap / Core,2018-02-22,10382.7002
^NSEI,Nifty 50,Large Cap / Core,2018-02-23,10491.0498
^NSEI,Nifty 50,Large Cap / Core,2018-02-26,10582.5996
^NSEI,Nifty 50,Large Cap / Core,2018-02-27,10554.2998
^NSEI,Nifty 50,Large Cap / Core,2018-02-28,10492.8496
^NSEI,Nifty 50,Large Cap / Core,2018-03-01,10458.3496
^NSEI,Nifty 50,Large Cap / Core,2018-03-05,10358.8496
^NSEI,Nifty 50,Large Cap / Core,2018-03-06,10249.25
^NSEI,Nifty 50,Large Cap / Core,2018-03-07,10154.2002
^NSEI,Nifty 50,Large Cap / Core,2018-03-08,10242.6504
^NSEI,Nifty 50,Large Cap / Core,2018-03-09,10226.8496
^NSEI,Nifty 50,Large Cap / Core,2018-03-12,10421.4004
^NSEI,Nifty 50,Large Cap / Core,2018-03-13,10426.8496
^NSEI,Nifty 50,Large Cap / Core,2018-03-14,10410.9004
^NSEI,Nifty 50,Large Cap / Core,2018-03-15,10360.1504
^NSEI,Nifty 50,Large Cap / Core,2018-03-16,10195.1504
^NSEI,Nifty 50,Large Cap / Core,2018-03-19,10094.25
^NSEI,Nifty 50,Large Cap / Core,2018-03-20,10124.3496
^NSEI,Nifty 50,Large Cap / Core,2018-03-21,10155.25
^NSEI,Nifty 50,Large Cap / Core,2018-03-22,10114.75
^NSEI,Nifty 50,Large Cap / Core,2018-03-23,9998.0498
^NSEI,Nifty 50,Large Cap / Core,2018-03-26,10130.6504
^NSEI,Nifty 50,Large Cap / Core,2018-03-27,10184.1504
^NSEI,Nifty 50,Large Cap / Core,2018-03-28,10113.7002
^NSEI,Nifty 50,Large Cap / Core,2018-04-02,10211.7998
^NSEI,Nifty 50,Large Cap / Core,2018-04-03,10245.0
^NSEI,Nifty 50,Large Cap / Core,2018-04-04,10128.4004
^NSEI,Nifty 50,Large Cap / Core,2018-04-05,10325.1504
^NSEI,Nifty 50,Large Cap / Core,2018-04-06,10331.5996
^NSEI,Nifty 50,Large Cap / Core,2018-04-09,10379.3496
^NSEI,Nifty 50,Large Cap / Core,2018-04-10,10402.25
^NSEI,Nifty 50,Large Cap / Core,2018-04-11,10417.1504
^NSEI,Nifty 50,Large Cap / Core,2018-04-12,10458.6504
^NSEI,Nifty 50,Large Cap / Core,2018-04-13,10480.5996
^NSEI,Nifty 50,Large Cap / Core,2018-04-16,10528.3496
^NSEI,Nifty 50,Large Cap / Core,2018-04-17,10548.7002
^NSEI,Nifty 50,Large Cap / Core,2018-04-18,10526.2002
^NSEI,Nifty 50,Large Cap / Core,2018-04-19,10565.2998
^NSEI,Nifty 50,Large Cap / Core,2018-04-20,10564.0498
^NSEI,Nifty 50,Large Cap / Core,2018-04-23,10584.7002
^NSEI,Nifty 50,Large Cap / Core,2018-04-24,10614.3496
^NSEI,Nifty 50,Large Cap / Core,2018-04-25,10570.5498
^NSEI,Nifty 50,Large Cap / Core,2018-04-26,10617.7998
^NSEI,Nifty 50,Large Cap / Core,2018-04-27,10692.2998
^NSEI,Nifty 50,Large Cap / Core,2018-04-30,10739.3496
^NSEI,Nifty 50,Large Cap / Core,2018-05-02,10718.0498
^NSEI,Nifty 50,Large Cap / Core,2018-05-03,10679.6504
^NSEI,Nifty 50,Large Cap / Core,2018-05-04,10618.25
^NSEI,Nifty 50,Large Cap / Core,2018-05-07,10715.5
^NSEI,Nifty 50,Large Cap / Core,2018-05-08,10717.7998
^NSEI,Nifty 50,Large Cap / Core,2018-05-09,10741.7002
^NSEI,Nifty 50,Large Cap / Core,2018-05-10,10716.5498
^NSEI,Nifty 50,Large Cap / Core,2018-05-11,10806.5
^NSEI,Nifty 50,Large Cap / Core,2018-05-14,10806.5996
^NSEI,Nifty 50,Large Cap / Core,2018-05-15,10801.8496
^NSEI,Nifty 50,Large Cap / Core,2018-05-16,10741.0996
^NSEI,Nifty 50,Large Cap / Core,2018-05-17,10682.7002
^NSEI,Nifty 50,Large Cap / Core,2018-05-18,10596.4004
^NSEI,Nifty 50,Large Cap / Core,2018-05-21,10516.7002
^NSEI,Nifty 50,Large Cap / Core,2018-05-22,10536.7002
^NSEI,Nifty 50,Large Cap / Core,2018-05-23,10430.3496
^NSEI,Nifty 50,Large Cap / Core,2018-05-24,10513.8496
^NSEI,Nifty 50,Large Cap / Core,2018-05-25,10605.1504
^NSEI,Nifty 50,Large Cap / Core,2018-05-28,10688.6504
^NSEI,Nifty 50,Large Cap / Core,2018-05-29,10633.2998
^NSEI,Nifty 50,Large Cap / Core,2018-05-30,10614.3496
^NSEI,Nifty 50,Large Cap / Core,2018-05-31,10736.1504
^NSEI,Nifty 50,Large Cap / Core,2018-06-01,10696.2002
^NSEI,Nifty 50,Large Cap / Core,2018-06-04,10628.5
^NSEI,Nifty 50,Large Cap / Core,2018-06-05,10593.1504
^NSEI,Nifty 50,Large Cap / Core,2018-06-06,10684.6504
^NSEI,Nifty 50,Large Cap / Core,2018-06-07,10768.3496
^NSEI,Nifty 50,Large Cap / Core,2018-06-08,10767.6504
^NSEI,Nifty 50,Large Cap / Core,2018-06-11,10786.9502
^NSEI,Nifty 50,Large Cap / Core,2018-06-12,10842.8496
^NSEI,Nifty 50,Large Cap / Core,2018-06-13,10856.7002
^NSEI,Nifty 50,Large Cap / Core,2018-06-14,10808.0498
^NSEI,Nifty 50,Large Cap / Core,2018-06-15,10817.7002
^NSEI,Nifty 50,Large Cap / Core,2018-06-18,10799.8496
^NSEI,Nifty 50,Large Cap / Core,2018-06-19,10710.4502
^NSEI,Nifty 50,Large Cap / Core,2018-06-20,10772.0498
^NSEI,Nifty 50,Large Cap / Core,2018-06-21,10741.0996
^NSEI,Nifty 50,Large Cap / Core,2018-06-22,10821.8496
^NSEI,Nifty 50,Large Cap / Core,2018-06-25,10762.4502
^NSEI,Nifty 50,Large Cap / Core,2018-06-26,10769.1504
^NSEI,Nifty 50,Large Cap / Core,2018-06-27,10671.4004
^NSEI,Nifty 50,Large Cap / Core,2018-06-28,10589.0996
^NSEI,Nifty 50,Large Cap / Core,2018-06-29,10714.2998
^NSEI,Nifty 50,Large Cap / Core,2018-07-02,10657.2998
^NSEI,Nifty 50,Large Cap / Core,2018-07-03,10699.9004
^NSEI,Nifty 50,Large Cap / Core,2018-07-04,10769.9004
^NSEI,Nifty 50,Large Cap / Core,2018-07-05,10749.75
^NSEI,Nifty 50,Large Cap / Core,2018-07-06,10772.6504
^NSEI,Nifty 50,Large Cap / Core,2018-07-09,10852.9004
^NSEI,Nifty 50,Large Cap / Core,2018-07-10,10947.25
^NSEI,Nifty 50,Large Cap / Core,2018-07-11,10948.2998
^NSEI,Nifty 50,Large Cap / Core,2018-07-12,11023.2002
^NSEI,Nifty 50,Large Cap / Core,2018-07-13,11018.9004
^NSEI,Nifty 50,Large Cap / Core,2018-07-16,10936.8496
^NSEI,Nifty 50,Large Cap / Core,2018-07-17,11008.0498
^NSEI,Nifty 50,Large Cap / Core,2018-07-18,10980.4502
^NSEI,Nifty 50,Large Cap / Core,2018-07-19,10957.0996
^NSEI,Nifty 50,Large Cap / Core,2018-07-20,11010.2002
^NSEI,Nifty 50,Large Cap / Core,2018-07-23,11084.75
^NSEI,Nifty 50,Large Cap / Core,2018-07-24,11134.2998
^NSEI,Nifty 50,Large Cap / Core,2018-07-25,11132.0
^NSEI,Nifty 50,Large Cap / Core,2018-07-26,11167.2998
^NSEI,Nifty 50,Large Cap / Core,2018-07-27,11278.3496
^NSEI,Nifty 50,Large Cap / Core,2018-07-30,11319.5498
^NSEI,Nifty 50,Large Cap / Core,2018-07-31,11356.5
^NSEI,Nifty 50,Large Cap / Core,2018-08-01,11346.2002
^NSEI,Nifty 50,Large Cap / Core,2018-08-02,11244.7002
^NSEI,Nifty 50,Large Cap / Core,2018-08-03,11360.7998
^NSEI,Nifty 50,Large Cap / Core,2018-08-06,11387.0996
^NSEI,Nifty 50,Large Cap / Core,2018-08-07,11389.4502
^NSEI,Nifty 50,Large Cap / Core,2018-08-08,11450.0
^NSEI,Nifty 50,Large Cap / Core,2018-08-09,11470.7002
^NSEI,Nifty 50,Large Cap / Core,2018-08-10,11429.5
^NSEI,Nifty 50,Large Cap / Core,2018-08-13,11355.75
^NSEI,Nifty 50,Large Cap / Core,2018-08-14,11435.0996
^NSEI,Nifty 50,Large Cap / Core,2018-08-16,11385.0498
^NSEI,Nifty 50,Large Cap / Core,2018-08-17,11470.75
^NSEI,Nifty 50,Large Cap / Core,2018-08-20,11551.75
^NSEI,Nifty 50,Large Cap / Core,2018-08-21,11570.9004
^NSEI,Nifty 50,Large Cap / Core,2018-08-23,11582.75
^NSEI,Nifty 50,Large Cap / Core,2018-08-24,11557.0996
^NSEI,Nifty 50,Large Cap / Core,2018-08-27,11691.9502
^NSEI,Nifty 50,Large Cap / Core,2018-08-28,11738.5
^NSEI,Nifty 50,Large Cap / Core,2018-08-29,11691.9004
^NSEI,Nifty 50,Large Cap / Core,2018-08-30,11676.7998
^NSEI,Nifty 50,Large Cap / Core,2018-08-31,11680.5
^NSEI,Nifty 50,Large Cap / Core,2018-09-03,11582.3496
^NSEI,Nifty 50,Large Cap / Core,2018-09-04,11520.2998
^NSEI,Nifty 50,Large Cap / Core,2018-09-05,11476.9502
^NSEI,Nifty 50,Large Cap / Core,2018-09-06,11536.9004
^NSEI,Nifty 50,Large Cap / Core,2018-09-07,11589.0996
^NSEI,Nifty 50,Large Cap / Core,2018-09-10,11438.0996
^NSEI,Nifty 50,Large Cap / Core,2018-09-11,11287.5
^NSEI,Nifty 50,Large Cap / Core,2018-09-12,11369.9004
^NSEI,Nifty 50,Large Cap / Core,2018-09-14,11515.2002
^NSEI,Nifty 50,Large Cap / Core,2018-09-17,11377.75
^NSEI,Nifty 50,Large Cap / Core,2018-09-18,11278.9004
^NSEI,Nifty 50,Large Cap / Core,2018-09-19,11234.3496
^NSEI,Nifty 50,Large Cap / Core,2018-09-21,11143.0996
^NSEI,Nifty 50,Large Cap / Core,2018-09-24,10967.4004
^NSEI,Nifty 50,Large Cap / Core,2018-09-25,11067.4502
^NSEI,Nifty 50,Large Cap / Core,2018-09-26,11053.7998
^NSEI,Nifty 50,Large Cap / Core,2018-09-27,10977.5498
^NSEI,Nifty 50,Large Cap / Core,2018-09-28,10930.4502
^NSEI,Nifty 50,Large Cap / Core,2018-10-01,11008.2998
^NSEI,Nifty 50,Large Cap / Core,2018-10-03,10858.25
^NSEI,Nifty 50,Large Cap / Core,2018-10-04,10599.25
^NSEI,Nifty 50,Large Cap / Core,2018-10-05,10316.4502
^NSEI,Nifty 50,Large Cap / Core,2018-10-08,10348.0498
^NSEI,Nifty 50,Large Cap / Core,2018-10-09,10301.0498
^NSEI,Nifty 50,Large Cap / Core,2018-10-10,10460.0996
^NSEI,Nifty 50,Large Cap / Core,2018-10-11,10234.6504
^NSEI,Nifty 50,Large Cap / Core,2018-10-12,10472.5
^NSEI,Nifty 50,Large Cap / Core,2018-10-15,10512.5
^NSEI,Nifty 50,Large Cap / Core,2018-10-16,10584.75
^NSEI,Nifty 50,Large Cap / Core,2018-10-17,10453.0498
^NSEI,Nifty 50,Large Cap / Core,2018-10-19,10303.5498
^NSEI,Nifty 50,Large Cap / Core,2018-10-22,10245.25
^NSEI,Nifty 50,Large Cap / Core,2018-10-23,10146.7998
^NSEI,Nifty 50,Large Cap / Core,2018-10-24,10224.75
^NSEI,Nifty 50,Large Cap / Core,2018-10-25,10124.9004
^NSEI,Nifty 50,Large Cap / Core,2018-10-26,10030.0
^NSEI,Nifty 50,Large Cap / Core,2018-10-29,10250.8496
^NSEI,Nifty 50,Large Cap / Core,2018-10-30,10198.4004
^NSEI,Nifty 50,Large Cap / Core,2018-10-31,10386.5996
^NSEI,Nifty 50,Large Cap / Core,2018-11-01,10380.4502
^NSEI,Nifty 50,Large Cap / Core,2018-11-02,10553.0
^NSEI,Nifty 50,Large Cap / Core,2018-11-05,10524.0
^NSEI,Nifty 50,Large Cap / Core,2018-11-06,10530.0
^NSEI,Nifty 50,Large Cap / Core,2018-11-07,10598.4004
^NSEI,Nifty 50,Large Cap / Core,2018-11-09,10585.2002
^NSEI,Nifty 50,Large Cap / Core,2018-11-12,10482.2002
^NSEI,Nifty 50,Large Cap / Core,2018-11-13,10582.5
^NSEI,Nifty 50,Large Cap / Core,2018-11-14,10576.2998
^NSEI,Nifty 50,Large Cap / Core,2018-11-15,10616.7002
^NSEI,Nifty 50,Large Cap / Core,2018-11-16,10682.2002
^NSEI,Nifty 50,Large Cap / Core,2018-11-19,10763.4004
^NSEI,Nifty 50,Large Cap / Core,2018-11-20,10656.2002
^NSEI,Nifty 50,Large Cap / Core,2018-11-21,10600.0498
^NSEI,Nifty 50,Large Cap / Core,2018-11-22,10526.75
^NSEI,Nifty 50,Large Cap / Core,2018-11-26,10628.5996
^NSEI,Nifty 50,Large Cap / Core,2018-11-27,10685.5996
^NSEI,Nifty 50,Large Cap / Core,2018-11-28,10728.8496
^NSEI,Nifty 50,Large Cap / Core,2018-11-29,10858.7002
^NSEI,Nifty 50,Large Cap / Core,2018-11-30,10876.75
^NSEI,Nifty 50,Large Cap / Core,2018-12-03,10883.75
^NSEI,Nifty 50,Large Cap / Core,2018-12-04,10869.5
^NSEI,Nifty 50,Large Cap / Core,2018-12-05,10782.9004
^NSEI,Nifty 50,Large Cap / Core,2018-12-06,10601.1504
^NSEI,Nifty 50,Large Cap / Core,2018-12-07,10693.7002
^NSEI,Nifty 50,Large Cap / Core,2018-12-10,10488.4502
^NSEI,Nifty 50,Large Cap / Core,2018-12-11,10549.1504
^NSEI,Nifty 50,Large Cap / Core,2018-12-12,10737.5996
^NSEI,Nifty 50,Large Cap / Core,2018-12-13,10791.5498
^NSEI,Nifty 50,Large Cap / Core,2018-12-14,10805.4502
^NSEI,Nifty 50,Large Cap / Core,2018-12-17,10888.3496
^NSEI,Nifty 50,Large Cap / Core,2018-12-18,10908.7002
^NSEI,Nifty 50,Large Cap / Core,2018-12-19,10967.2998
^NSEI,Nifty 50,Large Cap / Core,2018-12-20,10951.7002
^NSEI,Nifty 50,Large Cap / Core,2018-12-21,10754.0
^NSEI,Nifty 50,Large Cap / Core,2018-12-24,10663.5
^NSEI,Nifty 50,Large Cap / Core,2018-12-26,10729.8496
^NSEI,Nifty 50,Large Cap / Core,2018-12-27,10779.7998
^NSEI,Nifty 50,Large Cap / Core,2018-12-28,10859.9004
^NSEI,Nifty 50,Large Cap / Core,2018-12-31,10862.5498
^NSEI,Nifty 50,Large Cap / Core,2019-01-02,10792.5
^NSEI,Nifty 50,Large Cap / Core,2019-01-03,10672.25
^NSEI,Nifty 50,Large Cap / Core,2019-01-04,10727.3496
^NSEI,Nifty 50,Large Cap / Core,2019-01-07,10771.7998
^NSEI,Nifty 50,Large Cap / Core,2019-01-08,10802.1504
^NSEI,Nifty 50,Large Cap / Core,2019-01-09,10855.1504
^NSEI,Nifty 50,Large Cap / Core,2019-01-10,10821.5996
^NSEI,Nifty 50,Large Cap / Core,2019-01-11,10794.9502
^NSEI,Nifty 50,Large Cap / Core,2019-01-14,10737.5996
^NSEI,Nifty 50,Large Cap / Core,2019-01-15,10886.7998
^NSEI,Nifty 50,Large Cap / Core,2019-01-16,10890.2998
^NSEI,Nifty 50,Large Cap / Core,2019-01-17,10905.2002
^NSEI,Nifty 50,Large Cap / Core,2019-01-18,10906.9502
^NSEI,Nifty 50,Large Cap / Core,2019-01-21,10961.8496
^NSEI,Nifty 50,Large Cap / Core,2019-01-22,10922.75
^NSEI,Nifty 50,Large Cap / Core,2019-01-23,10831.5
^NSEI,Nifty 50,Large Cap / Core,2019-01-24,10849.7998
^NSEI,Nifty 50,Large Cap / Core,2019-01-25,10780.5498
^NSEI,Nifty 50,Large Cap / Core,2019-01-28,10661.5498
^NSEI,Nifty 50,Large Cap / Core,2019-01-29,10652.2002
^NSEI,Nifty 50,Large Cap / Core,2019-01-30,10651.7998
^NSEI,Nifty 50,Large Cap / Core,2019-01-31,10830.9502
^NSEI,Nifty 50,Large Cap / Core,2019-02-01,10893.6504
^NSEI,Nifty 50,Large Cap / Core,2019-02-04,10912.25
^NSEI,Nifty 50,Large Cap / Core,2019-02-05,10934.3496
^NSEI,Nifty 50,Large Cap / Core,2019-02-06,11062.4502
^NSEI,Nifty 50,Large Cap / Core,2019-02-07,11069.4004
^NSEI,Nifty 50,Large Cap / Core,2019-02-08,10943.5996
^NSEI,Nifty 50,Large Cap / Core,2019-02-11,10888.7998
^NSEI,Nifty 50,Large Cap / Core,2019-02-12,10831.4004
^NSEI,Nifty 50,Large Cap / Core,2019-02-14,10746.0498
^NSEI,Nifty 50,Large Cap / Core,2019-02-15,10724.4004
^NSEI,Nifty 50,Large Cap / Core,2019-02-18,10640.9502
^NSEI,Nifty 50,Large Cap / Core,2019-02-19,10604.3496
^NSEI,Nifty 50,Large Cap / Core,2019-02-20,10735.4502
^NSEI,Nifty 50,Large Cap / Core,2019-02-21,10789.8496
^NSEI,Nifty 50,Large Cap / Core,2019-02-22,10791.6504
^NSEI,Nifty 50,Large Cap / Core,2019-02-25,10880.0996
^NSEI,Nifty 50,Large Cap / Core,2019-02-26,10835.2998
^NSEI,Nifty 50,Large Cap / Core,2019-02-27,10806.6504
^NSEI,Nifty 50,Large Cap / Core,2019-02-28,10792.5
^NSEI,Nifty 50,Large Cap / Core,2019-03-01,10863.5
^NSEI,Nifty 50,Large Cap / Core,2019-03-05,10987.4502
^NSEI,Nifty 50,Large Cap / Core,2019-03-06,11053.0
^NSEI,Nifty 50,Large Cap / Core,2019-03-07,11058.2002
^NSEI,Nifty 50,Large Cap / Core,2019-03-08,11035.4004
^NSEI,Nifty 50,Large Cap / Core,2019-03-11,11168.0498
^NSEI,Nifty 50,Large Cap / Core,2019-03-12,11301.2002
^NSEI,Nifty 50,Large Cap / Core,2019-03-13,11341.7002
^NSEI,Nifty 50,Large Cap / Core,2019-03-14,11343.25
^NSEI,Nifty 50,Large Cap / Core,2019-03-15,11426.8496
^NSEI,Nifty 50,Large Cap / Core,2019-03-18,11462.2002
^NSEI,Nifty 50,Large Cap / Core,2019-03-19,11532.4004
^NSEI,Nifty 50,Large Cap / Core,2019-03-20,11521.0498
^NSEI,Nifty 50,Large Cap / Core,2019-03-22,11456.9004
^NSEI,Nifty 50,Large Cap / Core,2019-03-25,11354.25
^NSEI,Nifty 50,Large Cap / Core,2019-03-26,11483.25
^NSEI,Nifty 50,Large Cap / Core,2019-03-27,11445.0498
^NSEI,Nifty 50,Large Cap / Core,2019-03-28,11570.0
^NSEI,Nifty 50,Large Cap / Core,2019-04-01,11669.1504
^NSEI,Nifty 50,Large Cap / Core,2019-04-02,11713.2002
^NSEI,Nifty 50,Large Cap / Core,2019-04-03,11643.9502
^NSEI,Nifty 50,Large Cap / Core,2019-04-04,11598.0
^NSEI,Nifty 50,Large Cap / Core,2019-04-05,11665.9502
^NSEI,Nifty 50,Large Cap / Core,2019-04-08,11604.5
^NSEI,Nifty 50,Large Cap / Core,2019-04-09,11671.9502
^NSEI,Nifty 50,Large Cap / Core,2019-04-10,11584.2998
^NSEI,Nifty 50,Large Cap / Core,2019-04-11,11596.7002
^NSEI,Nifty 50,Large Cap / Core,2019-04-12,11643.4502
^NSEI,Nifty 50,Large Cap / Core,2019-04-15,11690.3496
^NSEI,Nifty 50,Large Cap / Core,2019-04-16,11787.1504
^NSEI,Nifty 50,Large Cap / Core,2019-04-18,11752.7998
^NSEI,Nifty 50,Large Cap / Core,2019-04-22,11594.4502
^NSEI,Nifty 50,Large Cap / Core,2019-04-23,11575.9502
^NSEI,Nifty 50,Large Cap / Core,2019-04-24,11726.1504
^NSEI,Nifty 50,Large Cap / Core,2019-04-25,11641.7998
^NSEI,Nifty 50,Large Cap / Core,2019-04-26,11754.6504
^NSEI,Nifty 50,Large Cap / Core,2019-04-30,11748.1504
^NSEI,Nifty 50,Large Cap / Core,2019-05-02,11724.75
^NSEI,Nifty 50,Large Cap / Core,2019-05-03,11712.25
^NSEI,Nifty 50,Large Cap / Core,2019-05-06,11598.25
^NSEI,Nifty 50,Large Cap / Core,2019-05-07,11497.9004
^NSEI,Nifty 50,Large Cap / Core,2019-05-08,11359.4502
^NSEI,Nifty 50,Large Cap / Core,2019-05-09,11301.7998
^NSEI,Nifty 50,Large Cap / Core,2019-05-10,11278.9004
^NSEI,Nifty 50,Large Cap / Core,2019-05-13,11148.2002
^NSEI,Nifty 50,Large Cap / Core,2019-05-14,11222.0498
^NSEI,Nifty 50,Large Cap / Core,2019-05-15,11157.0
^NSEI,Nifty 50,Large Cap / Core,2019-05-16,11257.0996
^NSEI,Nifty 50,Large Cap / Core,2019-05-17,11407.1504
^NSEI,Nifty 50,Large Cap / Core,2019-05-20,11828.25
^NSEI,Nifty 50,Large Cap / Core,2019-05-21,11709.0996
^NSEI,Nifty 50,Large Cap / Core,2019-05-22,11737.9004
^NSEI,Nifty 50,Large Cap / Core,2019-05-23,11657.0498
^NSEI,Nifty 50,Large Cap / Core,2019-05-24,11844.0996
^NSEI,Nifty 50,Large Cap / Core,2019-05-27,11924.75
^NSEI,Nifty 50,Large Cap / Core,2019-05-28,11928.75
^NSEI,Nifty 50,Large Cap / Core,2019-05-29,11861.0996
^NSEI,Nifty 50,Large Cap / Core,2019-05-30,11945.9004
^NSEI,Nifty 50,Large Cap / Core,2019-05-31,11922.7998
^NSEI,Nifty 50,Large Cap / Core,2019-06-03,12088.5498
^NSEI,Nifty 50,Large Cap / Core,2019-06-04,12021.6504
^NSEI,Nifty 50,Large Cap / Core,2019-06-06,11843.75
^NSEI,Nifty 50,Large Cap / Core,2019-06-07,11870.6504
^NSEI,Nifty 50,Large Cap / Core,2019-06-10,11922.7002
^NSEI,Nifty 50,Large Cap / Core,2019-06-11,11965.5996
^NSEI,Nifty 50,Large Cap / Core,2019-06-12,11906.2002
^NSEI,Nifty 50,Large Cap / Core,2019-06-13,11914.0498
^NSEI,Nifty 50,Large Cap / Core,2019-06-14,11823.2998
^NSEI,Nifty 50,Large Cap / Core,2019-06-17,11672.1504
^NSEI,Nifty 50,Large Cap / Core,2019-06-18,11691.5
^NSEI,Nifty 50,Large Cap / Core,2019-06-19,11691.4502
^NSEI,Nifty 50,Large Cap / Core,2019-06-20,11831.75
^NSEI,Nifty 50,Large Cap / Core,2019-06-21,11724.0996
^NSEI,Nifty 50,Large Cap / Core,2019-06-24,11699.6504
^NSEI,Nifty 50,Large Cap / Core,2019-06-25,11796.4502
^NSEI,Nifty 50,Large Cap / Core,2019-06-26,11847.5498
^NSEI,Nifty 50,Large Cap / Core,2019-06-27,11841.5498
^NSEI,Nifty 50,Large Cap / Core,2019-06-28,11788.8496
^NSEI,Nifty 50,Large Cap / Core,2019-07-01,11865.5996
^NSEI,Nifty 50,Large Cap / Core,2019-07-02,11910.2998
^NSEI,Nifty 50,Large Cap / Core,2019-07-03,11916.75
^NSEI,Nifty 50,Large Cap / Core,2019-07-04,11946.75
^NSEI,Nifty 50,Large Cap / Core,2019-07-05,11811.1504
^NSEI,Nifty 50,Large Cap / Core,2019-07-08,11558.5996
^NSEI,Nifty 50,Large Cap / Core,2019-07-09,11555.9004
^NSEI,Nifty 50,Large Cap / Core,2019-07-10,11498.9004
^NSEI,Nifty 50,Large Cap / Core,2019-07-11,11582.9004
^NSEI,Nifty 50,Large Cap / Core,2019-07-12,11552.5
^NSEI,Nifty 50,Large Cap / Core,2019-07-15,11588.3496
^NSEI,Nifty 50,Large Cap / Core,2019-07-16,11662.5996
^NSEI,Nifty 50,Large Cap / Core,2019-07-17,11687.5
^NSEI,Nifty 50,Large Cap / Core,2019-07-18,11596.9004
^NSEI,Nifty 50,Large Cap / Core,2019-07-19,11419.25
^NSEI,Nifty 50,Large Cap / Core,2019-07-22,11346.2002
^NSEI,Nifty 50,Large Cap / Core,2019-07-23,11331.0498
^NSEI,Nifty 50,Large Cap / Core,2019-07-24,11271.2998
^NSEI,Nifty 50,Large Cap / Core,2019-07-25,11252.1504
^NSEI,Nifty 50,Large Cap / Core,2019-07-26,11284.2998
^NSEI,Nifty 50,Large Cap / Core,2019-07-29,11189.2002
^NSEI,Nifty 50,Large Cap / Core,2019-07-30,11085.4004
^NSEI,Nifty 50,Large Cap / Core,2019-07-31,11118.0
^NSEI,Nifty 50,Large Cap / Core,2019-08-01,10980.0
^NSEI,Nifty 50,Large Cap / Core,2019-08-02,10997.3496
^NSEI,Nifty 50,Large Cap / Core,2019-08-05,10862.5996
^NSEI,Nifty 50,Large Cap / Core,2019-08-06,10948.25
^NSEI,Nifty 50,Large Cap / Core,2019-08-07,10855.5
^NSEI,Nifty 50,Large Cap / Core,2019-08-08,11032.4502
^NSEI,Nifty 50,Large Cap / Core,2019-08-09,11109.6504
^NSEI,Nifty 50,Large Cap / Core,2019-08-13,10925.8496
^NSEI,Nifty 50,Large Cap / Core,2019-08-14,11029.4004
^NSEI,Nifty 50,Large Cap / Core,2019-08-16,11047.7998
^NSEI,Nifty 50,Large Cap / Core,2019-08-19,11053.9004
^NSEI,Nifty 50,Large Cap / Core,2019-08-20,11017.0
^NSEI,Nifty 50,Large Cap / Core,2019-08-21,10918.7002
^NSEI,Nifty 50,Large Cap / Core,2019-08-22,10741.3496
^NSEI,Nifty 50,Large Cap / Core,2019-08-23,10829.3496
^NSEI,Nifty 50,Large Cap / Core,2019-08-26,11057.8496
^NSEI,Nifty 50,Large Cap / Core,2019-08-27,11105.3496
^NSEI,Nifty 50,Large Cap / Core,2019-08-28,11046.0996
^NSEI,Nifty 50,Large Cap / Core,2019-08-29,10948.2998
^NSEI,Nifty 50,Large Cap / Core,2019-08-30,11023.25
^NSEI,Nifty 50,Large Cap / Core,2019-09-03,10797.9004
^NSEI,Nifty 50,Large Cap / Core,2019-09-04,10844.6504
^NSEI,Nifty 50,Large Cap / Core,2019-09-05,10847.9004
^NSEI,Nifty 50,Large Cap / Core,2019-09-06,10946.2002
^NSEI,Nifty 50,Large Cap / Core,2019-09-09,11003.0498
^NSEI,Nifty 50,Large Cap / Core,2019-09-11,11035.7002
^NSEI,Nifty 50,Large Cap / Core,2019-09-12,10982.7998
^NSEI,Nifty 50,Large Cap / Core,2019-09-13,11075.9004
^NSEI,Nifty 50,Large Cap / Core,2019-09-16,11003.5
^NSEI,Nifty 50,Large Cap / Core,2019-09-17,10817.5996
^NSEI,Nifty 50,Large Cap / Core,2019-09-18,10840.6504
^NSEI,Nifty 50,Large Cap / Core,2019-09-19,10704.7998
^NSEI,Nifty 50,Large Cap / Core,2019-09-20,11274.2002
^NSEI,Nifty 50,Large Cap / Core,2019-09-23,11600.2002
^NSEI,Nifty 50,Large Cap / Core,2019-09-24,11588.2002
^NSEI,Nifty 50,Large Cap / Core,2019-09-25,11440.2002
^NSEI,Nifty 50,Large Cap / Core,2019-09-26,11571.2002
^NSEI,Nifty 50,Large Cap / Core,2019-09-27,11512.4004
^NSEI,Nifty 50,Large Cap / Core,2019-09-30,11474.4502
^NSEI,Nifty 50,Large Cap / Core,2019-10-01,11359.9004
^NSEI,Nifty 50,Large Cap / Core,2019-10-03,11314.0
^NSEI,Nifty 50,Large Cap / Core,2019-10-04,11174.75
^NSEI,Nifty 50,Large Cap / Core,2019-10-07,11126.4004
^NSEI,Nifty 50,Large Cap / Core,2019-10-09,11313.2998
^NSEI,Nifty 50,Large Cap / Core,2019-10-10,11234.5498
^NSEI,Nifty 50,Large Cap / Core,2019-10-11,11305.0498
^NSEI,Nifty 50,Large Cap / Core,2019-10-14,11341.1504
^NSEI,Nifty 50,Large Cap / Core,2019-10-15,11428.2998
^NSEI,Nifty 50,Large Cap / Core,2019-10-16,11464.0
^NSEI,Nifty 50,Large Cap / Core,2019-10-17,11586.3496
^NSEI,Nifty 50,Large Cap / Core,2019-10-18,11661.8496
^NSEI,Nifty 50,Large Cap / Core,2019-10-22,11588.3496
^NSEI,Nifty 50,Large Cap / Core,2019-10-23,11604.0996
^NSEI,Nifty 50,Large Cap / Core,2019-10-24,11582.5996
^NSEI,Nifty 50,Large Cap / Core,2019-10-25,11583.9004
^NSEI,Nifty 50,Large Cap / Core,2019-10-29,11786.8496
^NSEI,Nifty 50,Large Cap / Core,2019-10-30,11844.0996
^NSEI,Nifty 50,Large Cap / Core,2019-10-31,11877.4502
^NSEI,Nifty 50,Large Cap / Core,2019-11-01,11890.5996
^NSEI,Nifty 50,Large Cap / Core,2019-11-04,11941.2998
^NSEI,Nifty 50,Large Cap / Core,2019-11-05,11917.2002
^NSEI,Nifty 50,Large Cap / Core,2019-11-06,11966.0498
^NSEI,Nifty 50,Large Cap / Core,2019-11-07,12012.0498
^NSEI,Nifty 50,Large Cap / Core,2019-11-08,11908.1504
^NSEI,Nifty 50,Large Cap / Core,2019-11-11,11913.4502
^NSEI,Nifty 50,Large Cap / Core,2019-11-13,11840.4502
^NSEI,Nifty 50,Large Cap / Core,2019-11-14,11872.0996
^NSEI,Nifty 50,Large Cap / Core,2019-11-15,11895.4502
^NSEI,Nifty 50,Large Cap / Core,2019-11-18,11884.5
^NSEI,Nifty 50,Large Cap / Core,2019-11-19,11940.0996
^NSEI,Nifty 50,Large Cap / Core,2019-11-20,11999.0996
^NSEI,Nifty 50,Large Cap / Core,2019-11-21,11968.4004
^NSEI,Nifty 50,Large Cap / Core,2019-11-22,11914.4004
^NSEI,Nifty 50,Large Cap / Core,2019-11-25,12073.75
^NSEI,Nifty 50,Large Cap / Core,2019-11-26,12037.7002
^NSEI,Nifty 50,Large Cap / Core,2019-11-27,12100.7002
^NSEI,Nifty 50,Large Cap / Core,2019-11-28,12151.1504
^NSEI,Nifty 50,Large Cap / Core,2019-11-29,12056.0498
^NSEI,Nifty 50,Large Cap / Core,2019-12-02,12048.2002
^NSEI,Nifty 50,Large Cap / Core,2019-12-03,11994.2002
^NSEI,Nifty 50,Large Cap / Core,2019-12-04,12043.2002
^NSEI,Nifty 50,Large Cap / Core,2019-12-05,12018.4004
^NSEI,Nifty 50,Large Cap / Core,2019-12-06,11921.5
^NSEI,Nifty 50,Large Cap / Core,2019-12-09,11937.5
^NSEI,Nifty 50,Large Cap / Core,2019-12-10,11856.7998
^NSEI,Nifty 50,Large Cap / Core,2019-12-11,11910.1504
^NSEI,Nifty 50,Large Cap / Core,2019-12-12,11971.7998
^NSEI,Nifty 50,Large Cap / Core,2019-12-13,12086.7002
^NSEI,Nifty 50,Large Cap / Core,2019-12-16,12053.9502
^NSEI,Nifty 50,Large Cap / Core,2019-12-17,12165.0
^NSEI,Nifty 50,Large Cap / Core,2019-12-18,12221.6504
^NSEI,Nifty 50,Large Cap / Core,2019-12-19,12259.7002
^NSEI,Nifty 50,Large Cap / Core,2019-12-20,12271.7998
^NSEI,Nifty 50,Large Cap / Core,2019-12-23,12262.75
^NSEI,Nifty 50,Large Cap / Core,2019-12-24,12214.5498
^NSEI,Nifty 50,Large Cap / Core,2019-12-26,12126.5498
^NSEI,Nifty 50,Large Cap / Core,2019-12-27,12245.7998
^NSEI,Nifty 50,Large Cap / Core,2019-12-30,12255.8496
^NSEI,Nifty 50,Large Cap / Core,2019-12-31,12168.4502
^NSEI,Nifty 50,Large Cap / Core,2020-01-01,12182.5
^NSEI,Nifty 50,Large Cap / Core,2020-01-02,12282.2002
^NSEI,Nifty 50,Large Cap / Core,2020-01-03,12226.6504
^NSEI,Nifty 50,Large Cap / Core,2020-01-06,11993.0498
^NSEI,Nifty 50,Large Cap / Core,2020-01-07,12052.9502
^NSEI,Nifty 50,Large Cap / Core,2020-01-08,12025.3496
^NSEI,Nifty 50,Large Cap / Core,2020-01-09,12215.9004
^NSEI,Nifty 50,Large Cap / Core,2020-01-10,12256.7998
^NSEI,Nifty 50,Large Cap / Core,2020-01-13,12329.5498
^NSEI,Nifty 50,Large Cap / Core,2020-01-14,12362.2998
^NSEI,Nifty 50,Large Cap / Core,2020-01-15,12343.2998
^NSEI,Nifty 50,Large Cap / Core,2020-01-16,12355.5
^NSEI,Nifty 50,Large Cap / Core,2020-01-17,12352.3496
^NSEI,Nifty 50,Large Cap / Core,2020-01-20,12224.5498
^NSEI,Nifty 50,Large Cap / Core,2020-01-21,12169.8496
^NSEI,Nifty 50,Large Cap / Core,2020-01-22,12106.9004
^NSEI,Nifty 50,Large Cap / Core,2020-01-23,12180.3496
^NSEI,Nifty 50,Large Cap / Core,2020-01-24,12248.25
^NSEI,Nifty 50,Large Cap / Core,2020-01-27,12119.0
^NSEI,Nifty 50,Large Cap / Core,2020-01-28,12055.7998
^NSEI,Nifty 50,Large Cap / Core,2020-01-29,12129.5
^NSEI,Nifty 50,Large Cap / Core,2020-01-30,12035.7998
^NSEI,Nifty 50,Large Cap / Core,2020-01-31,11962.0996
^NSEI,Nifty 50,Large Cap / Core,2020-02-03,11707.9004
^NSEI,Nifty 50,Large Cap / Core,2020-02-04,11979.6504
^NSEI,Nifty 50,Large Cap / Core,2020-02-05,12089.1504
^NSEI,Nifty 50,Large Cap / Core,2020-02-06,12137.9502
^NSEI,Nifty 50,Large Cap / Core,2020-02-07,12098.3496
^NSEI,Nifty 50,Large Cap / Core,2020-02-10,12031.5
^NSEI,Nifty 50,Large Cap / Core,2020-02-11,12107.9004
^NSEI,Nifty 50,Large Cap / Core,2020-02-12,12201.2002
^NSEI,Nifty 50,Large Cap / Core,2020-02-13,12174.6504
^NSEI,Nifty 50,Large Cap / Core,2020-02-14,12113.4502
^NSEI,Nifty 50,Large Cap / Core,2020-02-17,12045.7998
^NSEI,Nifty 50,Large Cap / Core,2020-02-18,11992.5
^NSEI,Nifty 50,Large Cap / Core,2020-02-19,12125.9004
^NSEI,Nifty 50,Large Cap / Core,2020-02-20,12080.8496
^NSEI,Nifty 50,Large Cap / Core,2020-02-24,11829.4004
^NSEI,Nifty 50,Large Cap / Core,2020-02-25,11797.9004
^NSEI,Nifty 50,Large Cap / Core,2020-02-26,11678.5
^NSEI,Nifty 50,Large Cap / Core,2020-02-27,11633.2998
^NSEI,Nifty 50,Large Cap / Core,2020-02-28,11201.75
^NSEI,Nifty 50,Large Cap / Core,2020-03-02,11132.75
^NSEI,Nifty 50,Large Cap / Core,2020-03-03,11303.2998
^NSEI,Nifty 50,Large Cap / Core,2020-03-04,11251.0
^NSEI,Nifty 50,Large Cap / Core,2020-03-05,11269.0
^NSEI,Nifty 50,Large Cap / Core,2020-03-06,10989.4502
^NSEI,Nifty 50,Large Cap / Core,2020-03-09,10451.4502
^NSEI,Nifty 50,Large Cap / Core,2020-03-11,10458.4004
^NSEI,Nifty 50,Large Cap / Core,2020-03-12,9590.1504
^NSEI,Nifty 50,Large Cap / Core,2020-03-13,9955.2002
^NSEI,Nifty 50,Large Cap / Core,2020-03-16,9197.4004
^NSEI,Nifty 50,Large Cap / Core,2020-03-17,8967.0498
^NSEI,Nifty 50,Large Cap / Core,2020-03-18,8468.7998
^NSEI,Nifty 50,Large Cap / Core,2020-03-19,8263.4502
^NSEI,Nifty 50,Large Cap / Core,2020-03-20,8745.4502
^NSEI,Nifty 50,Large Cap / Core,2020-03-23,7610.25
^NSEI,Nifty 50,Large Cap / Core,2020-03-24,7801.0498
^NSEI,Nifty 50,Large Cap / Core,2020-03-25,8317.8496
^NSEI,Nifty 50,Large Cap / Core,2020-03-26,8641.4502
^NSEI,Nifty 50,Large Cap / Core,2020-03-27,8660.25
^NSEI,Nifty 50,Large Cap / Core,2020-03-30,8281.0996
^NSEI,Nifty 50,Large Cap / Core,2020-03-31,8597.75
^NSEI,Nifty 50,Large Cap / Core,2020-04-01,8253.7998
^NSEI,Nifty 50,Large Cap / Core,2020-04-03,8083.7998
^NSEI,Nifty 50,Large Cap / Core,2020-04-07,8792.2002
^NSEI,Nifty 50,Large Cap / Core,2020-04-08,8748.75
^NSEI,Nifty 50,Large Cap / Core,2020-04-09,9111.9004
^NSEI,Nifty 50,Large Cap / Core,2020-04-13,8993.8496
^NSEI,Nifty 50,Large Cap / Core,2020-04-15,8925.2998
^NSEI,Nifty 50,Large Cap / Core,2020-04-16,8992.7998
^NSEI,Nifty 50,Large Cap / Core,2020-04-17,9266.75
^NSEI,Nifty 50,Large Cap / Core,2020-04-20,9261.8496
^NSEI,Nifty 50,Large Cap / Core,2020-04-21,8981.4502
^NSEI,Nifty 50,Large Cap / Core,2020-04-22,9187.2998
^NSEI,Nifty 50,Large Cap / Core,2020-04-23,9313.9004
^NSEI,Nifty 50,Large Cap / Core,2020-04-24,9154.4004
^NSEI,Nifty 50,Large Cap / Core,2020-04-27,9282.2998
^NSEI,Nifty 50,Large Cap / Core,2020-04-28,9380.9004
^NSEI,Nifty 50,Large Cap / Core,2020-04-29,9553.3496
^NSEI,Nifty 50,Large Cap / Core,2020-04-30,9859.9004
^NSEI,Nifty 50,Large Cap / Core,2020-05-04,9293.5
^NSEI,Nifty 50,Large Cap / Core,2020-05-05,9205.5996
^NSEI,Nifty 50,Large Cap / Core,2020-05-06,9270.9004
^NSEI,Nifty 50,Large Cap / Core,2020-05-07,9199.0498
^NSEI,Nifty 50,Large Cap / Core,2020-05-08,9251.5
^NSEI,Nifty 50,Large Cap / Core,2020-05-11,9239.2002
^NSEI,Nifty 50,Large Cap / Core,2020-05-12,9196.5498
^NSEI,Nifty 50,Large Cap / Core,2020-05-13,9383.5498
^NSEI,Nifty 50,Large Cap / Core,2020-05-14,9142.75
^NSEI,Nifty 50,Large Cap / Core,2020-05-15,9136.8496
^NSEI,Nifty 50,Large Cap / Core,2020-05-18,8823.25
^NSEI,Nifty 50,Large Cap / Core,2020-05-19,8879.0996
^NSEI,Nifty 50,Large Cap / Core,2020-05-20,9066.5498
^NSEI,Nifty 50,Large Cap / Core,2020-05-21,9106.25
^NSEI,Nifty 50,Large Cap / Core,2020-05-22,9039.25
^NSEI,Nifty 50,Large Cap / Core,2020-05-26,9029.0498
^NSEI,Nifty 50,Large Cap / Core,2020-05-27,9314.9502
^NSEI,Nifty 50,Large Cap / Core,2020-05-28,9490.0996
^NSEI,Nifty 50,Large Cap / Core,2020-05-29,9580.2998
^NSEI,Nifty 50,Large Cap / Core,2020-06-01,9826.1504
^NSEI,Nifty 50,Large Cap / Core,2020-06-02,9979.0996
^NSEI,Nifty 50,Large Cap / Core,2020-06-03,10061.5498
^NSEI,Nifty 50,Large Cap / Core,2020-06-04,10029.0996
^NSEI,Nifty 50,Large Cap / Core,2020-06-05,10142.1504
^NSEI,Nifty 50,Large Cap / Core,2020-06-08,10167.4502
^NSEI,Nifty 50,Large Cap / Core,2020-06-09,10046.6504
^NSEI,Nifty 50,Large Cap / Core,2020-06-10,10116.1504
^NSEI,Nifty 50,Large Cap / Core,2020-06-11,9902.0
^NSEI,Nifty 50,Large Cap / Core,2020-06-12,9972.9004
^NSEI,Nifty 50,Large Cap / Core,2020-06-15,9813.7002
^NSEI,Nifty 50,Large Cap / Core,2020-06-16,9914.0
^NSEI,Nifty 50,Large Cap / Core,2020-06-17,9881.1504
^NSEI,Nifty 50,Large Cap / Core,2020-06-18,10091.6504
^NSEI,Nifty 50,Large Cap / Core,2020-06-19,10244.4004
^NSEI,Nifty 50,Large Cap / Core,2020-06-22,10311.2002
^NSEI,Nifty 50,Large Cap / Core,2020-06-23,10471.0
^NSEI,Nifty 50,Large Cap / Core,2020-06-24,10305.2998
^NSEI,Nifty 50,Large Cap / Core,2020-06-25,10288.9004
^NSEI,Nifty 50,Large Cap / Core,2020-06-26,10383.0
^NSEI,Nifty 50,Large Cap / Core,2020-06-29,10312.4004
^NSEI,Nifty 50,Large Cap / Core,2020-06-30,10302.0996
^NSEI,Nifty 50,Large Cap / Core,2020-07-01,10430.0498
^NSEI,Nifty 50,Large Cap / Core,2020-07-02,10551.7002
^NSEI,Nifty 50,Large Cap / Core,2020-07-03,10607.3496
^NSEI,Nifty 50,Large Cap / Core,2020-07-06,10763.6504
^NSEI,Nifty 50,Large Cap / Core,2020-07-07,10799.6504
^NSEI,Nifty 50,Large Cap / Core,2020-07-08,10705.75
^NSEI,Nifty 50,Large Cap / Core,2020-07-09,10813.4502
^NSEI,Nifty 50,Large Cap / Core,2020-07-10,10768.0498
^NSEI,Nifty 50,Large Cap / Core,2020-07-13,10802.7002
^NSEI,Nifty 50,Large Cap / Core,2020-07-14,10607.3496
^NSEI,Nifty 50,Large Cap / Core,2020-07-15,10618.2002
^NSEI,Nifty 50,Large Cap / Core,2020-07-16,10739.9502
^NSEI,Nifty 50,Large Cap / Core,2020-07-17,10901.7002
^NSEI,Nifty 50,Large Cap / Core,2020-07-20,11022.2002
^NSEI,Nifty 50,Large Cap / Core,2020-07-21,11162.25
^NSEI,Nifty 50,Large Cap / Core,2020-07-22,11132.5996
^NSEI,Nifty 50,Large Cap / Core,2020-07-23,11215.4502
^NSEI,Nifty 50,Large Cap / Core,2020-07-24,11194.1504
^NSEI,Nifty 50,Large Cap / Core,2020-07-27,11131.7998
^NSEI,Nifty 50,Large Cap / Core,2020-07-28,11300.5498
^NSEI,Nifty 50,Large Cap / Core,2020-07-29,11202.8496
^NSEI,Nifty 50,Large Cap / Core,2020-07-30,11102.1504
^NSEI,Nifty 50,Large Cap / Core,2020-07-31,11073.4502
^NSEI,Nifty 50,Large Cap / Core,2020-08-03,10891.5996
^NSEI,Nifty 50,Large Cap / Core,2020-08-04,11095.25
^NSEI,Nifty 50,Large Cap / Core,2020-08-05,11101.6504
^NSEI,Nifty 50,Large Cap / Core,2020-08-06,11200.1504
^NSEI,Nifty 50,Large Cap / Core,2020-08-07,11214.0498
^NSEI,Nifty 50,Large Cap / Core,2020-08-10,11270.1504
^NSEI,Nifty 50,Large Cap / Core,2020-08-11,11322.5
^NSEI,Nifty 50,Large Cap / Core,2020-08-12,11308.4004
^NSEI,Nifty 50,Large Cap / Core,2020-08-13,11300.4502
^NSEI,Nifty 50,Large Cap / Core,2020-08-14,11178.4004
^NSEI,Nifty 50,Large Cap / Core,2020-08-17,11247.0996
^NSEI,Nifty 50,Large Cap / Core,2020-08-18,11385.3496
^NSEI,Nifty 50,Large Cap / Core,2020-08-19,11408.4004
^NSEI,Nifty 50,Large Cap / Core,2020-08-20,11312.2002
^NSEI,Nifty 50,Large Cap / Core,2020-08-21,11371.5996
^NSEI,Nifty 50,Large Cap / Core,2020-08-24,11466.4502
^NSEI,Nifty 50,Large Cap / Core,2020-08-25,11472.25
^NSEI,Nifty 50,Large Cap / Core,2020-08-26,11549.5996
^NSEI,Nifty 50,Large Cap / Core,2020-08-27,11559.25
^NSEI,Nifty 50,Large Cap / Core,2020-08-28,11647.5996
^NSEI,Nifty 50,Large Cap / Core,2020-08-31,11387.5
^NSEI,Nifty 50,Large Cap / Core,2020-09-01,11470.25
^NSEI,Nifty 50,Large Cap / Core,2020-09-02,11535.0
^NSEI,Nifty 50,Large Cap / Core,2020-09-03,11527.4502
^NSEI,Nifty 50,Large Cap / Core,2020-09-04,11333.8496
^NSEI,Nifty 50,Large Cap / Core,2020-09-07,11355.0498
^NSEI,Nifty 50,Large Cap / Core,2020-09-08,11317.3496
^NSEI,Nifty 50,Large Cap / Core,2020-09-09,11278.0
^NSEI,Nifty 50,Large Cap / Core,2020-09-10,11449.25
^NSEI,Nifty 50,Large Cap / Core,2020-09-11,11464.4502
^NSEI,Nifty 50,Large Cap / Core,2020-09-14,11440.0498
^NSEI,Nifty 50,Large Cap / Core,2020-09-15,11521.7998
^NSEI,Nifty 50,Large Cap / Core,2020-09-16,11604.5498
^NSEI,Nifty 50,Large Cap / Core,2020-09-17,11516.0996
^NSEI,Nifty 50,Large Cap / Core,2020-09-18,11504.9502
^NSEI,Nifty 50,Large Cap / Core,2020-09-21,11250.5498
^NSEI,Nifty 50,Large Cap / Core,2020-09-22,11153.6504
^NSEI,Nifty 50,Large Cap / Core,2020-09-23,11131.8496
^NSEI,Nifty 50,Large Cap / Core,2020-09-24,10805.5498
^NSEI,Nifty 50,Large Cap / Core,2020-09-25,11050.25
^NSEI,Nifty 50,Large Cap / Core,2020-09-28,11227.5498
^NSEI,Nifty 50,Large Cap / Core,2020-09-29,11222.4004
^NSEI,Nifty 50,Large Cap / Core,2020-09-30,11247.5498
^NSEI,Nifty 50,Large Cap / Core,2020-10-01,11416.9502
^NSEI,Nifty 50,Large Cap / Core,2020-10-05,11503.3496
^NSEI,Nifty 50,Large Cap / Core,2020-10-06,11662.4004
^NSEI,Nifty 50,Large Cap / Core,2020-10-07,11738.8496
^NSEI,Nifty 50,Large Cap / Core,2020-10-08,11834.5996
^NSEI,Nifty 50,Large Cap / Core,2020-10-09,11914.2002
^NSEI,Nifty 50,Large Cap / Core,2020-10-12,11930.9502
^NSEI,Nifty 50,Large Cap / Core,2020-10-13,11934.5
^NSEI,Nifty 50,Large Cap / Core,2020-10-14,11971.0498
^NSEI,Nifty 50,Large Cap / Core,2020-10-15,11680.3496
^NSEI,Nifty 50,Large Cap / Core,2020-10-16,11762.4502
^NSEI,Nifty 50,Large Cap / Core,2020-10-19,11873.0498
^NSEI,Nifty 50,Large Cap / Core,2020-10-20,11896.7998
^NSEI,Nifty 50,Large Cap / Core,2020-10-21,11937.6504
^NSEI,Nifty 50,Large Cap / Core,2020-10-22,11896.4502
^NSEI,Nifty 50,Large Cap / Core,2020-10-23,11930.3496
^NSEI,Nifty 50,Large Cap / Core,2020-10-26,11767.75
^NSEI,Nifty 50,Large Cap / Core,2020-10-27,11889.4004
^NSEI,Nifty 50,Large Cap / Core,2020-10-28,11729.5996
^NSEI,Nifty 50,Large Cap / Core,2020-10-29,11670.7998
^NSEI,Nifty 50,Large Cap / Core,2020-10-30,11642.4004
^NSEI,Nifty 50,Large Cap / Core,2020-11-02,11669.1504
^NSEI,Nifty 50,Large Cap / Core,2020-11-03,11813.5
^NSEI,Nifty 50,Large Cap / Core,2020-11-04,11908.5
^NSEI,Nifty 50,Large Cap / Core,2020-11-05,12120.2998
^NSEI,Nifty 50,Large Cap / Core,2020-11-06,12263.5498
^NSEI,Nifty 50,Large Cap / Core,2020-11-09,12461.0498
^NSEI,Nifty 50,Large Cap / Core,2020-11-10,12631.0996
^NSEI,Nifty 50,Large Cap / Core,2020-11-11,12749.1504
^NSEI,Nifty 50,Large Cap / Core,2020-11-12,12690.7998
^NSEI,Nifty 50,Large Cap / Core,2020-11-13,12719.9502
^NSEI,Nifty 50,Large Cap / Core,2020-11-17,12874.2002
^NSEI,Nifty 50,Large Cap / Core,2020-11-18,12938.25
^NSEI,Nifty 50,Large Cap / Core,2020-11-19,12771.7002
^NSEI,Nifty 50,Large Cap / Core,2020-11-20,12859.0498
^NSEI,Nifty 50,Large Cap / Core,2020-11-23,12926.4502
^NSEI,Nifty 50,Large Cap / Core,2020-11-24,13055.1504
^NSEI,Nifty 50,Large Cap / Core,2020-11-25,12858.4004
^NSEI,Nifty 50,Large Cap / Core,2020-11-26,12987.0
^NSEI,Nifty 50,Large Cap / Core,2020-11-27,12968.9502
^NSEI,Nifty 50,Large Cap / Core,2020-12-01,13109.0498
^NSEI,Nifty 50,Large Cap / Core,2020-12-02,13113.75
^NSEI,Nifty 50,Large Cap / Core,2020-12-03,13133.9004
^NSEI,Nifty 50,Large Cap / Core,2020-12-04,13258.5498
^NSEI,Nifty 50,Large Cap / Core,2020-12-07,13355.75
^NSEI,Nifty 50,Large Cap / Core,2020-12-08,13392.9502
^NSEI,Nifty 50,Large Cap / Core,2020-12-09,13529.0996
^NSEI,Nifty 50,Large Cap / Core,2020-12-10,13478.2998
^NSEI,Nifty 50,Large Cap / Core,2020-12-11,13513.8496
^NSEI,Nifty 50,Large Cap / Core,2020-12-14,13558.1504
^NSEI,Nifty 50,Large Cap / Core,2020-12-15,13567.8496
^NSEI,Nifty 50,Large Cap / Core,2020-12-16,13682.7002
^NSEI,Nifty 50,Large Cap / Core,2020-12-17,13740.7002
^NSEI,Nifty 50,Large Cap / Core,2020-12-18,13760.5498
^NSEI,Nifty 50,Large Cap / Core,2020-12-21,13328.4004
^NSEI,Nifty 50,Large Cap / Core,2020-12-22,13466.2998
^NSEI,Nifty 50,Large Cap / Core,2020-12-23,13601.0996
^NSEI,Nifty 50,Large Cap / Core,2020-12-24,13749.25
^NSEI,Nifty 50,Large Cap / Core,2020-12-28,13873.2002
^NSEI,Nifty 50,Large Cap / Core,2020-12-29,13932.5996
^NSEI,Nifty 50,Large Cap / Core,2020-12-30,13981.9502
^NSEI,Nifty 50,Large Cap / Core,2020-12-31,13981.75
^NSEI,Nifty 50,Large Cap / Core,2021-01-01,14018.5
^NSEI,Nifty 50,Large Cap / Core,2021-01-04,14132.9004
^NSEI,Nifty 50,Large Cap / Core,2021-01-05,14199.5
^NSEI,Nifty 50,Large Cap / Core,2021-01-06,14146.25
^NSEI,Nifty 50,Large Cap / Core,2021-01-07,14137.3496
^NSEI,Nifty 50,Large Cap / Core,2021-01-08,14347.25
^NSEI,Nifty 50,Large Cap / Core,2021-01-11,14484.75
^NSEI,Nifty 50,Large Cap / Core,2021-01-12,14563.4502
^NSEI,Nifty 50,Large Cap / Core,2021-01-13,14564.8496
^NSEI,Nifty 50,Large Cap / Core,2021-01-14,14595.5996
^NSEI,Nifty 50,Large Cap / Core,2021-01-15,14433.7002
^NSEI,Nifty 50,Large Cap / Core,2021-01-18,14281.2998
^NSEI,Nifty 50,Large Cap / Core,2021-01-19,14521.1504
^NSEI,Nifty 50,Large Cap / Core,2021-01-20,14644.7002
^NSEI,Nifty 50,Large Cap / Core,2021-01-21,14590.3496
^NSEI,Nifty 50,Large Cap / Core,2021-01-22,14371.9004
^NSEI,Nifty 50,Large Cap / Core,2021-01-25,14238.9004
^NSEI,Nifty 50,Large Cap / Core,2021-01-27,13967.5
^NSEI,Nifty 50,Large Cap / Core,2021-01-28,13817.5498
^NSEI,Nifty 50,Large Cap / Core,2021-01-29,13634.5996
^NSEI,Nifty 50,Large Cap / Core,2021-02-01,14281.2002
^NSEI,Nifty 50,Large Cap / Core,2021-02-02,14647.8496
^NSEI,Nifty 50,Large Cap / Core,2021-02-03,14789.9502
^NSEI,Nifty 50,Large Cap / Core,2021-02-04,14895.6504
^NSEI,Nifty 50,Large Cap / Core,2021-02-05,14924.25
^NSEI,Nifty 50,Large Cap / Core,2021-02-08,15115.7998
^NSEI,Nifty 50,Large Cap / Core,2021-02-09,15109.2998
^NSEI,Nifty 50,Large Cap / Core,2021-02-10,15106.5
^NSEI,Nifty 50,Large Cap / Core,2021-02-11,15173.2998
^NSEI,Nifty 50,Large Cap / Core,2021-02-12,15163.2998
^NSEI,Nifty 50,Large Cap / Core,2021-02-15,15314.7002
^NSEI,Nifty 50,Large Cap / Core,2021-02-16,15313.4502
^NSEI,Nifty 50,Large Cap / Core,2021-02-17,15208.9004
^NSEI,Nifty 50,Large Cap / Core,2021-02-18,15118.9502
^NSEI,Nifty 50,Large Cap / Core,2021-02-19,14981.75
^NSEI,Nifty 50,Large Cap / Core,2021-02-22,14675.7002
^NSEI,Nifty 50,Large Cap / Core,2021-02-23,14707.7998
^NSEI,Nifty 50,Large Cap / Core,2021-02-24,14982.0
^NSEI,Nifty 50,Large Cap / Core,2021-02-25,15097.3496
^NSEI,Nifty 50,Large Cap / Core,2021-02-26,14529.1504
^NSEI,Nifty 50,Large Cap / Core,2021-03-01,14761.5498
^NSEI,Nifty 50,Large Cap / Core,2021-03-02,14919.0996
^NSEI,Nifty 50,Large Cap / Core,2021-03-03,15245.5996
^NSEI,Nifty 50,Large Cap / Core,2021-03-04,15080.75
^NSEI,Nifty 50,Large Cap / Core,2021-03-05,14938.0996
^NSEI,Nifty 50,Large Cap / Core,2021-03-08,14956.2002
^NSEI,Nifty 50,Large Cap / Core,2021-03-09,15098.4004
^NSEI,Nifty 50,Large Cap / Core,2021-03-10,15174.7998
^NSEI,Nifty 50,Large Cap / Core,2021-03-12,15030.9502
^NSEI,Nifty 50,Large Cap / Core,2021-03-15,14929.5
^NSEI,Nifty 50,Large Cap / Core,2021-03-16,14910.4502
^NSEI,Nifty 50,Large Cap / Core,2021-03-17,14721.2998
^NSEI,Nifty 50,Large Cap / Core,2021-03-18,14557.8496
^NSEI,Nifty 50,Large Cap / Core,2021-03-19,14744.0
^NSEI,Nifty 50,Large Cap / Core,2021-03-22,14736.4004
^NSEI,Nifty 50,Large Cap / Core,2021-03-23,14814.75
^NSEI,Nifty 50,Large Cap / Core,2021-03-24,14549.4004
^NSEI,Nifty 50,Large Cap / Core,2021-03-25,14324.9004
^NSEI,Nifty 50,Large Cap / Core,2021-03-26,14507.2998
^NSEI,Nifty 50,Large Cap / Core,2021-03-30,14845.0996
^NSEI,Nifty 50,Large Cap / Core,2021-03-31,14690.7002
^NSEI,Nifty 50,Large Cap / Core,2021-04-01,14867.3496
^NSEI,Nifty 50,Large Cap / Core,2021-04-05,14637.7998
^NSEI,Nifty 50,Large Cap / Core,2021-04-06,14683.5
^NSEI,Nifty 50,Large Cap / Core,2021-04-07,14819.0498
^NSEI,Nifty 50,Large Cap / Core,2021-04-08,14873.7998
^NSEI,Nifty 50,Large Cap / Core,2021-04-09,14834.8496
^NSEI,Nifty 50,Large Cap / Core,2021-04-12,14310.7998
^NSEI,Nifty 50,Large Cap / Core,2021-04-13,14504.7998
^NSEI,Nifty 50,Large Cap / Core,2021-04-15,14581.4502
^NSEI,Nifty 50,Large Cap / Core,2021-04-16,14617.8496
^NSEI,Nifty 50,Large Cap / Core,2021-04-19,14359.4502
^NSEI,Nifty 50,Large Cap / Core,2021-04-20,14296.4004
^NSEI,Nifty 50,Large Cap / Core,2021-04-22,14406.1504
^NSEI,Nifty 50,Large Cap / Core,2021-04-23,14341.3496
^NSEI,Nifty 50,Large Cap / Core,2021-04-26,14485.0
^NSEI,Nifty 50,Large Cap / Core,2021-04-27,14653.0498
^NSEI,Nifty 50,Large Cap / Core,2021-04-28,14864.5498
^NSEI,Nifty 50,Large Cap / Core,2021-04-29,14894.9004
^NSEI,Nifty 50,Large Cap / Core,2021-04-30,14631.0996
^NSEI,Nifty 50,Large Cap / Core,2021-05-03,14634.1504
^NSEI,Nifty 50,Large Cap / Core,2021-05-04,14496.5
^NSEI,Nifty 50,Large Cap / Core,2021-05-05,14617.8496
^NSEI,Nifty 50,Large Cap / Core,2021-05-06,14724.7998
^NSEI,Nifty 50,Large Cap / Core,2021-05-07,14823.1504
^NSEI,Nifty 50,Large Cap / Core,2021-05-10,14942.3496
^NSEI,Nifty 50,Large Cap / Core,2021-05-11,14850.75
^NSEI,Nifty 50,Large Cap / Core,2021-05-12,14696.5
^NSEI,Nifty 50,Large Cap / Core,2021-05-14,14677.7998
^NSEI,Nifty 50,Large Cap / Core,2021-05-17,14923.1504
^NSEI,Nifty 50,Large Cap / Core,2021-05-18,15108.0996
^NSEI,Nifty 50,Large Cap / Core,2021-05-19,15030.1504
^NSEI,Nifty 50,Large Cap / Core,2021-05-20,14906.0498
^NSEI,Nifty 50,Large Cap / Core,2021-05-21,15175.2998
^NSEI,Nifty 50,Large Cap / Core,2021-05-24,15197.7002
^NSEI,Nifty 50,Large Cap / Core,2021-05-25,15208.4502
^NSEI,Nifty 50,Large Cap / Core,2021-05-26,15301.4502
^NSEI,Nifty 50,Large Cap / Core,2021-05-27,15337.8496
^NSEI,Nifty 50,Large Cap / Core,2021-05-28,15435.6504
^NSEI,Nifty 50,Large Cap / Core,2021-05-31,15582.7998
^NSEI,Nifty 50,Large Cap / Core,2021-06-01,15574.8496
^NSEI,Nifty 50,Large Cap / Core,2021-06-02,15576.2002
^NSEI,Nifty 50,Large Cap / Core,2021-06-03,15690.3496
^NSEI,Nifty 50,Large Cap / Core,2021-06-04,15670.25
^NSEI,Nifty 50,Large Cap / Core,2021-06-07,15751.6504
^NSEI,Nifty 50,Large Cap / Core,2021-06-08,15740.0996
^NSEI,Nifty 50,Large Cap / Core,2021-06-09,15635.3496
^NSEI,Nifty 50,Large Cap / Core,2021-06-10,15737.75
^NSEI,Nifty 50,Large Cap / Core,2021-06-11,15799.3496
^NSEI,Nifty 50,Large Cap / Core,2021-06-14,15811.8496
^NSEI,Nifty 50,Large Cap / Core,2021-06-15,15869.25
^NSEI,Nifty 50,Large Cap / Core,2021-06-16,15767.5498
^NSEI,Nifty 50,Large Cap / Core,2021-06-17,15691.4004
^NSEI,Nifty 50,Large Cap / Core,2021-06-18,15683.3496
^NSEI,Nifty 50,Large Cap / Core,2021-06-21,15746.5
^NSEI,Nifty 50,Large Cap / Core,2021-06-22,15772.75
^NSEI,Nifty 50,Large Cap / Core,2021-06-23,15686.9502
^NSEI,Nifty 50,Large Cap / Core,2021-06-24,15790.4502
^NSEI,Nifty 50,Large Cap / Core,2021-06-25,15860.3496
^NSEI,Nifty 50,Large Cap / Core,2021-06-28,15814.7002
^NSEI,Nifty 50,Large Cap / Core,2021-06-29,15748.4502
^NSEI,Nifty 50,Large Cap / Core,2021-06-30,15721.5
^NSEI,Nifty 50,Large Cap / Core,2021-07-01,15680.0
^NSEI,Nifty 50,Large Cap / Core,2021-07-02,15722.2002
^NSEI,Nifty 50,Large Cap / Core,2021-07-05,15834.3496
^NSEI,Nifty 50,Large Cap / Core,2021-07-06,15818.25
^NSEI,Nifty 50,Large Cap / Core,2021-07-07,15879.6504
^NSEI,Nifty 50,Large Cap / Core,2021-07-08,15727.9004
^NSEI,Nifty 50,Large Cap / Core,2021-07-09,15689.7998
^NSEI,Nifty 50,Large Cap / Core,2021-07-12,15692.5996
^NSEI,Nifty 50,Large Cap / Core,2021-07-13,15812.3496
^NSEI,Nifty 50,Large Cap / Core,2021-07-14,15853.9502
^NSEI,Nifty 50,Large Cap / Core,2021-07-15,15924.2002
^NSEI,Nifty 50,Large Cap / Core,2021-07-16,15923.4004
^NSEI,Nifty 50,Large Cap / Core,2021-07-19,15752.4004
^NSEI,Nifty 50,Large Cap / Core,2021-07-20,15632.0996
^NSEI,Nifty 50,Large Cap / Core,2021-07-22,15824.0498
^NSEI,Nifty 50,Large Cap / Core,2021-07-23,15856.0498
^NSEI,Nifty 50,Large Cap / Core,2021-07-26,15824.4502
^NSEI,Nifty 50,Large Cap / Core,2021-07-27,15746.4502
^NSEI,Nifty 50,Large Cap / Core,2021-07-28,15709.4004
^NSEI,Nifty 50,Large Cap / Core,2021-07-29,15778.4502
^NSEI,Nifty 50,Large Cap / Core,2021-07-30,15763.0498
^NSEI,Nifty 50,Large Cap / Core,2021-08-02,15885.1504
^NSEI,Nifty 50,Large Cap / Core,2021-08-03,16130.75
^NSEI,Nifty 50,Large Cap / Core,2021-08-04,16258.7998
^NSEI,Nifty 50,Large Cap / Core,2021-08-05,16294.5996
^NSEI,Nifty 50,Large Cap / Core,2021-08-06,16238.2002
^NSEI,Nifty 50,Large Cap / Core,2021-08-09,16258.25
^NSEI,Nifty 50,Large Cap / Core,2021-08-10,16280.0996
^NSEI,Nifty 50,Large Cap / Core,2021-08-11,16282.25
^NSEI,Nifty 50,Large Cap / Core,2021-08-12,16364.4004
^NSEI,Nifty 50,Large Cap / Core,2021-08-13,16529.0996
^NSEI,Nifty 50,Large Cap / Core,2021-08-16,16563.0508
^NSEI,Nifty 50,Large Cap / Core,2021-08-17,16614.5996
^NSEI,Nifty 50,Large Cap / Core,2021-08-18,16568.8496
^NSEI,Nifty 50,Large Cap / Core,2021-08-20,16450.5
^NSEI,Nifty 50,Large Cap / Core,2021-08-23,16496.4492
^NSEI,Nifty 50,Large Cap / Core,2021-08-24,16624.5996
^NSEI,Nifty 50,Large Cap / Core,2021-08-25,16634.6504
^NSEI,Nifty 50,Large Cap / Core,2021-08-26,16636.9004
^NSEI,Nifty 50,Large Cap / Core,2021-08-27,16705.1992
^NSEI,Nifty 50,Large Cap / Core,2021-08-30,16931.0508
^NSEI,Nifty 50,Large Cap / Core,2021-08-31,17132.1992
^NSEI,Nifty 50,Large Cap / Core,2021-09-01,17076.25
^NSEI,Nifty 50,Large Cap / Core,2021-09-02,17234.1504
^NSEI,Nifty 50,Large Cap / Core,2021-09-03,17323.5996
^NSEI,Nifty 50,Large Cap / Core,2021-09-06,17377.8008
^NSEI,Nifty 50,Large Cap / Core,2021-09-07,17362.0996
^NSEI,Nifty 50,Large Cap / Core,2021-09-08,17353.5
^NSEI,Nifty 50,Large Cap / Core,2021-09-09,17369.25
^NSEI,Nifty 50,Large Cap / Core,2021-09-13,17355.3008
^NSEI,Nifty 50,Large Cap / Core,2021-09-14,17380.0
^NSEI,Nifty 50,Large Cap / Core,2021-09-15,17519.4492
^NSEI,Nifty 50,Large Cap / Core,2021-09-16,17629.5
^NSEI,Nifty 50,Large Cap / Core,2021-09-17,17585.1504
^NSEI,Nifty 50,Large Cap / Core,2021-09-20,17396.9004
^NSEI,Nifty 50,Large Cap / Core,2021-09-21,17562.0
^NSEI,Nifty 50,Large Cap / Core,2021-09-22,17546.6504
^NSEI,Nifty 50,Large Cap / Core,2021-09-23,17822.9492
^NSEI,Nifty 50,Large Cap / Core,2021-09-24,17853.1992
^NSEI,Nifty 50,Large Cap / Core,2021-09-27,17855.0996
^NSEI,Nifty 50,Large Cap / Core,2021-09-28,17748.5996
^NSEI,Nifty 50,Large Cap / Core,2021-09-29,17711.3008
^NSEI,Nifty 50,Large Cap / Core,2021-09-30,17618.1504
^NSEI,Nifty 50,Large Cap / Core,2021-10-01,17532.0508
^NSEI,Nifty 50,Large Cap / Core,2021-10-04,17691.25
^NSEI,Nifty 50,Large Cap / Core,2021-10-05,17822.3008
^NSEI,Nifty 50,Large Cap / Core,2021-10-06,17646.0
^NSEI,Nifty 50,Large Cap / Core,2021-10-07,17790.3496
^NSEI,Nifty 50,Large Cap / Core,2021-10-08,17895.1992
^NSEI,Nifty 50,Large Cap / Core,2021-10-11,17945.9492
^NSEI,Nifty 50,Large Cap / Core,2021-10-12,17991.9492
^NSEI,Nifty 50,Large Cap / Core,2021-10-13,18161.75
^NSEI,Nifty 50,Large Cap / Core,2021-10-14,18338.5508
^NSEI,Nifty 50,Large Cap / Core,2021-10-18,18477.0508
^NSEI,Nifty 50,Large Cap / Core,2021-10-19,18418.75
^NSEI,Nifty 50,Large Cap / Core,2021-10-20,18266.5996
^NSEI,Nifty 50,Large Cap / Core,2021-10-21,18178.0996
^NSEI,Nifty 50,Large Cap / Core,2021-10-22,18114.9004
^NSEI,Nifty 50,Large Cap / Core,2021-10-25,18125.4004
^NSEI,Nifty 50,Large Cap / Core,2021-10-26,18268.4004
^NSEI,Nifty 50,Large Cap / Core,2021-10-27,18210.9492
^NSEI,Nifty 50,Large Cap / Core,2021-10-28,17857.25
^NSEI,Nifty 50,Large Cap / Core,2021-10-29,17671.6504
^NSEI,Nifty 50,Large Cap / Core,2021-11-01,17929.6504
^NSEI,Nifty 50,Large Cap / Core,2021-11-02,17888.9492
^NSEI,Nifty 50,Large Cap / Core,2021-11-03,17829.1992
^NSEI,Nifty 50,Large Cap / Core,2021-11-04,17916.8008
^NSEI,Nifty 50,Large Cap / Core,2021-11-08,18068.5508
^NSEI,Nifty 50,Large Cap / Core,2021-11-09,18044.25
^NSEI,Nifty 50,Large Cap / Core,2021-11-10,18017.1992
^NSEI,Nifty 50,Large Cap / Core,2021-11-11,17873.5996
^NSEI,Nifty 50,Large Cap / Core,2021-11-12,18102.75
^NSEI,Nifty 50,Large Cap / Core,2021-11-15,18109.4492
^NSEI,Nifty 50,Large Cap / Core,2021-11-16,17999.1992
^NSEI,Nifty 50,Large Cap / Core,2021-11-17,17898.6504
^NSEI,Nifty 50,Large Cap / Core,2021-11-18,17764.8008
^NSEI,Nifty 50,Large Cap / Core,2021-11-22,17416.5508
^NSEI,Nifty 50,Large Cap / Core,2021-11-23,17503.3496
^NSEI,Nifty 50,Large Cap / Core,2021-11-24,17415.0508
^NSEI,Nifty 50,Large Cap / Core,2021-11-25,17536.25
^NSEI,Nifty 50,Large Cap / Core,2021-11-26,17026.4492
^NSEI,Nifty 50,Large Cap / Core,2021-11-29,17053.9492
^NSEI,Nifty 50,Large Cap / Core,2021-11-30,16983.1992
^NSEI,Nifty 50,Large Cap / Core,2021-12-01,17166.9004
^NSEI,Nifty 50,Large Cap / Core,2021-12-02,17401.6504
^NSEI,Nifty 50,Large Cap / Core,2021-12-03,17196.6992
^NSEI,Nifty 50,Large Cap / Core,2021-12-06,16912.25
^NSEI,Nifty 50,Large Cap / Core,2021-12-07,17176.6992
^NSEI,Nifty 50,Large Cap / Core,2021-12-08,17469.75
^NSEI,Nifty 50,Large Cap / Core,2021-12-09,17516.8496
^NSEI,Nifty 50,Large Cap / Core,2021-12-10,17511.3008
^NSEI,Nifty 50,Large Cap / Core,2021-12-13,17368.25
^NSEI,Nifty 50,Large Cap / Core,2021-12-14,17324.9004
^NSEI,Nifty 50,Large Cap / Core,2021-12-15,17221.4004
^NSEI,Nifty 50,Large Cap / Core,2021-12-16,17248.4004
^NSEI,Nifty 50,Large Cap / Core,2021-12-17,16985.1992
^NSEI,Nifty 50,Large Cap / Core,2021-12-20,16614.1992
^NSEI,Nifty 50,Large Cap / Core,2021-12-21,16770.8496
^NSEI,Nifty 50,Large Cap / Core,2021-12-22,16955.4492
^NSEI,Nifty 50,Large Cap / Core,2021-12-23,17072.5996
^NSEI,Nifty 50,Large Cap / Core,2021-12-24,17003.75
^NSEI,Nifty 50,Large Cap / Core,2021-12-27,17086.25
^NSEI,Nifty 50,Large Cap / Core,2021-12-28,17233.25
^NSEI,Nifty 50,Large Cap / Core,2021-12-29,17213.5996
^NSEI,Nifty 50,Large Cap / Core,2021-12-30,17203.9492
^NSEI,Nifty 50,Large Cap / Core,2021-12-31,17354.0508
^NSEI,Nifty 50,Large Cap / Core,2022-01-03,17625.6992
^NSEI,Nifty 50,Large Cap / Core,2022-01-04,17805.25
^NSEI,Nifty 50,Large Cap / Core,2022-01-05,17925.25
^NSEI,Nifty 50,Large Cap / Core,2022-01-06,17745.9004
^NSEI,Nifty 50,Large Cap / Core,2022-01-07,17812.6992
^NSEI,Nifty 50,Large Cap / Core,2022-01-10,18003.3008
^NSEI,Nifty 50,Large Cap / Core,2022-01-11,18055.75
^NSEI,Nifty 50,Large Cap / Core,2022-01-12,18212.3496
^NSEI,Nifty 50,Large Cap / Core,2022-01-13,18257.8008
^NSEI,Nifty 50,Large Cap / Core,2022-01-14,18255.75
^NSEI,Nifty 50,Large Cap / Core,2022-01-17,18308.0996
^NSEI,Nifty 50,Large Cap / Core,2022-01-18,18113.0508
^NSEI,Nifty 50,Large Cap / Core,2022-01-19,17938.4004
^NSEI,Nifty 50,Large Cap / Core,2022-01-20,17757.0
^NSEI,Nifty 50,Large Cap / Core,2022-01-21,17617.1504
^NSEI,Nifty 50,Large Cap / Core,2022-01-24,17149.0996
^NSEI,Nifty 50,Large Cap / Core,2022-01-25,17277.9492
^NSEI,Nifty 50,Large Cap / Core,2022-01-27,17110.1504
^NSEI,Nifty 50,Large Cap / Core,2022-01-28,17101.9492
^NSEI,Nifty 50,Large Cap / Core,2022-01-31,17339.8496
^NSEI,Nifty 50,Large Cap / Core,2022-02-01,17576.8496
^NSEI,Nifty 50,Large Cap / Core,2022-02-02,17780.0
^NSEI,Nifty 50,Large Cap / Core,2022-02-03,17560.1992
^NSEI,Nifty 50,Large Cap / Core,2022-02-04,17516.3008
^NSEI,Nifty 50,Large Cap / Core,2022-02-07,17213.5996
^NSEI,Nifty 50,Large Cap / Core,2022-02-08,17266.75
^NSEI,Nifty 50,Large Cap / Core,2022-02-09,17463.8008
^NSEI,Nifty 50,Large Cap / Core,2022-02-10,17605.8496
^NSEI,Nifty 50,Large Cap / Core,2022-02-11,17374.75
^NSEI,Nifty 50,Large Cap / Core,2022-02-14,16842.8008
^NSEI,Nifty 50,Large Cap / Core,2022-02-15,17352.4492
^NSEI,Nifty 50,Large Cap / Core,2022-02-16,17322.1992
^NSEI,Nifty 50,Large Cap / Core,2022-02-17,17304.5996
^NSEI,Nifty 50,Large Cap / Core,2022-02-18,17276.3008
^NSEI,Nifty 50,Large Cap / Core,2022-02-21,17206.6504
^NSEI,Nifty 50,Large Cap / Core,2022-02-22,17092.1992
^NSEI,Nifty 50,Large Cap / Core,2022-02-23,17063.25
^NSEI,Nifty 50,Large Cap / Core,2022-02-24,16247.9502
^NSEI,Nifty 50,Large Cap / Core,2022-02-25,16658.4004
^NSEI,Nifty 50,Large Cap / Core,2022-02-28,16793.9004
^NSEI,Nifty 50,Large Cap / Core,2022-03-02,16605.9492
^NSEI,Nifty 50,Large Cap / Core,2022-03-03,16498.0508
^NSEI,Nifty 50,Large Cap / Core,2022-03-04,16245.3496
^NSEI,Nifty 50,Large Cap / Core,2022-03-07,15863.1504
^NSEI,Nifty 50,Large Cap / Core,2022-03-08,16013.4502
^NSEI,Nifty 50,Large Cap / Core,2022-03-09,16345.3496
^NSEI,Nifty 50,Large Cap / Core,2022-03-10,16594.9004
^NSEI,Nifty 50,Large Cap / Core,2022-03-11,16630.4492
^NSEI,Nifty 50,Large Cap / Core,2022-03-14,16871.3008
^NSEI,Nifty 50,Large Cap / Core,2022-03-15,16663.0
^NSEI,Nifty 50,Large Cap / Core,2022-03-16,16975.3496
^NSEI,Nifty 50,Large Cap / Core,2022-03-17,17287.0508
^NSEI,Nifty 50,Large Cap / Core,2022-03-21,17117.5996
^NSEI,Nifty 50,Large Cap / Core,2022-03-22,17315.5
^NSEI,Nifty 50,Large Cap / Core,2022-03-23,17245.6504
^NSEI,Nifty 50,Large Cap / Core,2022-03-24,17222.75
^NSEI,Nifty 50,Large Cap / Core,2022-03-25,17153.0
^NSEI,Nifty 50,Large Cap / Core,2022-03-28,17222.0
^NSEI,Nifty 50,Large Cap / Core,2022-03-29,17325.3008
^NSEI,Nifty 50,Large Cap / Core,2022-03-30,17498.25
^NSEI,Nifty 50,Large Cap / Core,2022-03-31,17464.75
^NSEI,Nifty 50,Large Cap / Core,2022-04-01,17670.4492
^NSEI,Nifty 50,Large Cap / Core,2022-04-04,18053.4004
^NSEI,Nifty 50,Large Cap / Core,2022-04-05,17957.4004
^NSEI,Nifty 50,Large Cap / Core,2022-04-06,17807.6504
^NSEI,Nifty 50,Large Cap / Core,2022-04-07,17639.5508
^NSEI,Nifty 50,Large Cap / Core,2022-04-08,17784.3496
^NSEI,Nifty 50,Large Cap / Core,2022-04-11,17674.9492
^NSEI,Nifty 50,Large Cap / Core,2022-04-12,17530.3008
^NSEI,Nifty 50,Large Cap / Core,2022-04-13,17475.6504
^NSEI,Nifty 50,Large Cap / Core,2022-04-18,17173.6504
^NSEI,Nifty 50,Large Cap / Core,2022-04-19,16958.6504
^NSEI,Nifty 50,Large Cap / Core,2022-04-20,17136.5508
^NSEI,Nifty 50,Large Cap / Core,2022-04-21,17392.5996
^NSEI,Nifty 50,Large Cap / Core,2022-04-22,17171.9492
^NSEI,Nifty 50,Large Cap / Core,2022-04-25,16953.9492
^NSEI,Nifty 50,Large Cap / Core,2022-04-26,17200.8008
^NSEI,Nifty 50,Large Cap / Core,2022-04-27,17038.4004
^NSEI,Nifty 50,Large Cap / Core,2022-04-28,17245.0508
^NSEI,Nifty 50,Large Cap / Core,2022-04-29,17102.5508
^NSEI,Nifty 50,Large Cap / Core,2022-05-02,17069.0996
^NSEI,Nifty 50,Large Cap / Core,2022-05-04,16677.5996
^NSEI,Nifty 50,Large Cap / Core,2022-05-05,16682.6504
^NSEI,Nifty 50,Large Cap / Core,2022-05-06,16411.25
^NSEI,Nifty 50,Large Cap / Core,2022-05-09,16301.8496
^NSEI,Nifty 50,Large Cap / Core,2022-05-10,16240.0498
^NSEI,Nifty 50,Large Cap / Core,2022-05-11,16167.0996
^NSEI,Nifty 50,Large Cap / Core,2022-05-12,15808.0
^NSEI,Nifty 50,Large Cap / Core,2022-05-13,15782.1504
^NSEI,Nifty 50,Large Cap / Core,2022-05-16,15842.2998
^NSEI,Nifty 50,Large Cap / Core,2022-05-17,16259.2998
^NSEI,Nifty 50,Large Cap / Core,2022-05-18,16240.2998
^NSEI,Nifty 50,Large Cap / Core,2022-05-19,15809.4004
^NSEI,Nifty 50,Large Cap / Core,2022-05-20,16266.1504
^NSEI,Nifty 50,Large Cap / Core,2022-05-23,16214.7002
^NSEI,Nifty 50,Large Cap / Core,2022-05-24,16125.1504
^NSEI,Nifty 50,Large Cap / Core,2022-05-25,16025.7998
^NSEI,Nifty 50,Large Cap / Core,2022-05-26,16170.1504
^NSEI,Nifty 50,Large Cap / Core,2022-05-27,16352.4502
^NSEI,Nifty 50,Large Cap / Core,2022-05-30,16661.4004
^NSEI,Nifty 50,Large Cap / Core,2022-05-31,16584.5508
^NSEI,Nifty 50,Large Cap / Core,2022-06-01,16522.75
^NSEI,Nifty 50,Large Cap / Core,2022-06-02,16628.0
^NSEI,Nifty 50,Large Cap / Core,2022-06-03,16584.3008
^NSEI,Nifty 50,Large Cap / Core,2022-06-06,16569.5508
^NSEI,Nifty 50,Large Cap / Core,2022-06-07,16416.3496
^NSEI,Nifty 50,Large Cap / Core,2022-06-08,16356.25
^NSEI,Nifty 50,Large Cap / Core,2022-06-09,16478.0996
^NSEI,Nifty 50,Large Cap / Core,2022-06-10,16201.7998
^NSEI,Nifty 50,Large Cap / Core,2022-06-13,15774.4004
^NSEI,Nifty 50,Large Cap / Core,2022-06-14,15732.0996
^NSEI,Nifty 50,Large Cap / Core,2022-06-15,15692.1504
^NSEI,Nifty 50,Large Cap / Core,2022-06-16,15360.5996
^NSEI,Nifty 50,Large Cap / Core,2022-06-17,15293.5
^NSEI,Nifty 50,Large Cap / Core,2022-06-20,15350.1504
^NSEI,Nifty 50,Large Cap / Core,2022-06-21,15638.7998
^NSEI,Nifty 50,Large Cap / Core,2022-06-22,15413.2998
^NSEI,Nifty 50,Large Cap / Core,2022-06-23,15556.6504
^NSEI,Nifty 50,Large Cap / Core,2022-06-24,15699.25
^NSEI,Nifty 50,Large Cap / Core,2022-06-27,15832.0498
^NSEI,Nifty 50,Large Cap / Core,2022-06-28,15850.2002
^NSEI,Nifty 50,Large Cap / Core,2022-06-29,15799.0996
^NSEI,Nifty 50,Large Cap / Core,2022-06-30,15780.25
^NSEI,Nifty 50,Large Cap / Core,2022-07-01,15752.0498
^NSEI,Nifty 50,Large Cap / Core,2022-07-04,15835.3496
^NSEI,Nifty 50,Large Cap / Core,2022-07-05,15810.8496
^NSEI,Nifty 50,Large Cap / Core,2022-07-06,15989.7998
^NSEI,Nifty 50,Large Cap / Core,2022-07-07,16132.9004
^NSEI,Nifty 50,Large Cap / Core,2022-07-08,16220.5996
^NSEI,Nifty 50,Large Cap / Core,2022-07-11,16216.0
^NSEI,Nifty 50,Large Cap / Core,2022-07-12,16058.2998
^NSEI,Nifty 50,Large Cap / Core,2022-07-13,15966.6504
^NSEI,Nifty 50,Large Cap / Core,2022-07-14,15938.6504
^NSEI,Nifty 50,Large Cap / Core,2022-07-15,16049.2002
^NSEI,Nifty 50,Large Cap / Core,2022-07-18,16278.5
^NSEI,Nifty 50,Large Cap / Core,2022-07-19,16340.5498
^NSEI,Nifty 50,Large Cap / Core,2022-07-20,16520.8496
^NSEI,Nifty 50,Large Cap / Core,2022-07-21,16605.25
^NSEI,Nifty 50,Large Cap / Core,2022-07-22,16719.4492
^NSEI,Nifty 50,Large Cap / Core,2022-07-25,16631.0
^NSEI,Nifty 50,Large Cap / Core,2022-07-26,16483.8496
^NSEI,Nifty 50,Large Cap / Core,2022-07-27,16641.8008
^NSEI,Nifty 50,Large Cap / Core,2022-07-28,16929.5996
^NSEI,Nifty 50,Large Cap / Core,2022-07-29,17158.25
^NSEI,Nifty 50,Large Cap / Core,2022-08-01,17340.0508
^NSEI,Nifty 50,Large Cap / Core,2022-08-02,17345.4492
^NSEI,Nifty 50,Large Cap / Core,2022-08-03,17388.1504
^NSEI,Nifty 50,Large Cap / Core,2022-08-04,17382.0
^NSEI,Nifty 50,Large Cap / Core,2022-08-05,17397.5
^NSEI,Nifty 50,Large Cap / Core,2022-08-08,17525.0996
^NSEI,Nifty 50,Large Cap / Core,2022-08-10,17534.75
^NSEI,Nifty 50,Large Cap / Core,2022-08-11,17659.0
^NSEI,Nifty 50,Large Cap / Core,2022-08-12,17698.1504
^NSEI,Nifty 50,Large Cap / Core,2022-08-16,17825.25
^NSEI,Nifty 50,Large Cap / Core,2022-08-17,17944.25
^NSEI,Nifty 50,Large Cap / Core,2022-08-18,17956.5
^NSEI,Nifty 50,Large Cap / Core,2022-08-19,17758.4492
^NSEI,Nifty 50,Large Cap / Core,2022-08-22,17490.6992
^NSEI,Nifty 50,Large Cap / Core,2022-08-23,17577.5
^NSEI,Nifty 50,Large Cap / Core,2022-08-24,17604.9492
^NSEI,Nifty 50,Large Cap / Core,2022-08-25,17522.4492
^NSEI,Nifty 50,Large Cap / Core,2022-08-26,17558.9004
^NSEI,Nifty 50,Large Cap / Core,2022-08-29,17312.9004
^NSEI,Nifty 50,Large Cap / Core,2022-08-30,17759.3008
^NSEI,Nifty 50,Large Cap / Core,2022-09-01,17542.8008
^NSEI,Nifty 50,Large Cap / Core,2022-09-02,17539.4492
^NSEI,Nifty 50,Large Cap / Core,2022-09-05,17665.8008
^NSEI,Nifty 50,Large Cap / Core,2022-09-06,17655.5996
^NSEI,Nifty 50,Large Cap / Core,2022-09-07,17624.4004
^NSEI,Nifty 50,Large Cap / Core,2022-09-08,17798.75
^NSEI,Nifty 50,Large Cap / Core,2022-09-09,17833.3496
^NSEI,Nifty 50,Large Cap / Core,2022-09-12,17936.3496
^NSEI,Nifty 50,Large Cap / Core,2022-09-13,18070.0508
^NSEI,Nifty 50,Large Cap / Core,2022-09-14,18003.75
^NSEI,Nifty 50,Large Cap / Core,2022-09-15,17877.4004
^NSEI,Nifty 50,Large Cap / Core,2022-09-16,17530.8496
^NSEI,Nifty 50,Large Cap / Core,2022-09-19,17622.25
^NSEI,Nifty 50,Large Cap / Core,2022-09-20,17816.25
^NSEI,Nifty 50,Large Cap / Core,2022-09-21,17718.3496
^NSEI,Nifty 50,Large Cap / Core,2022-09-22,17629.8008
^NSEI,Nifty 50,Large Cap / Core,2022-09-23,17327.3496
^NSEI,Nifty 50,Large Cap / Core,2022-09-26,17016.3008
^NSEI,Nifty 50,Large Cap / Core,2022-09-27,17007.4004
^NSEI,Nifty 50,Large Cap / Core,2022-09-28,16858.5996
^NSEI,Nifty 50,Large Cap / Core,2022-09-29,16818.0996
^NSEI,Nifty 50,Large Cap / Core,2022-09-30,17094.3496
^NSEI,Nifty 50,Large Cap / Core,2022-10-03,16887.3496
^NSEI,Nifty 50,Large Cap / Core,2022-10-04,17274.3008
^NSEI,Nifty 50,Large Cap / Core,2022-10-06,17331.8008
^NSEI,Nifty 50,Large Cap / Core,2022-10-07,17314.6504
^NSEI,Nifty 50,Large Cap / Core,2022-10-10,17241.0
^NSEI,Nifty 50,Large Cap / Core,2022-10-11,16983.5508
^NSEI,Nifty 50,Large Cap / Core,2022-10-12,17123.5996
^NSEI,Nifty 50,Large Cap / Core,2022-10-13,17014.3496
^NSEI,Nifty 50,Large Cap / Core,2022-10-14,17185.6992
^NSEI,Nifty 50,Large Cap / Core,2022-10-17,17311.8008
^NSEI,Nifty 50,Large Cap / Core,2022-10-18,17486.9492
^NSEI,Nifty 50,Large Cap / Core,2022-10-19,17512.25
^NSEI,Nifty 50,Large Cap / Core,2022-10-20,17563.9492
^NSEI,Nifty 50,Large Cap / Core,2022-10-21,17576.3008
^NSEI,Nifty 50,Large Cap / Core,2022-10-24,17730.75
^NSEI,Nifty 50,Large Cap / Core,2022-10-25,17656.3496
^NSEI,Nifty 50,Large Cap / Core,2022-10-27,17736.9492
^NSEI,Nifty 50,Large Cap / Core,2022-10-28,17786.8008
^NSEI,Nifty 50,Large Cap / Core,2022-10-31,18012.1992
^NSEI,Nifty 50,Large Cap / Core,2022-11-01,18145.4004
^NSEI,Nifty 50,Large Cap / Core,2022-11-02,18082.8496
^NSEI,Nifty 50,Large Cap / Core,2022-11-03,18052.6992
^NSEI,Nifty 50,Large Cap / Core,2022-11-04,18117.1504
^NSEI,Nifty 50,Large Cap / Core,2022-11-07,18202.8008
^NSEI,Nifty 50,Large Cap / Core,2022-11-09,18157.0
^NSEI,Nifty 50,Large Cap / Core,2022-11-10,18028.1992
^NSEI,Nifty 50,Large Cap / Core,2022-11-11,18349.6992
^NSEI,Nifty 50,Large Cap / Core,2022-11-14,18329.1504
^NSEI,Nifty 50,Large Cap / Core,2022-11-15,18403.4004
^NSEI,Nifty 50,Large Cap / Core,2022-11-16,18409.6504
^NSEI,Nifty 50,Large Cap / Core,2022-11-17,18343.9004
^NSEI,Nifty 50,Large Cap / Core,2022-11-18,18307.6504
^NSEI,Nifty 50,Large Cap / Core,2022-11-21,18159.9492
^NSEI,Nifty 50,Large Cap / Core,2022-11-22,18244.1992
^NSEI,Nifty 50,Large Cap / Core,2022-11-23,18267.25
^NSEI,Nifty 50,Large Cap / Core,2022-11-24,18484.0996
^NSEI,Nifty 50,Large Cap / Core,2022-11-25,18512.75
^NSEI,Nifty 50,Large Cap / Core,2022-11-28,18562.75
^NSEI,Nifty 50,Large Cap / Core,2022-11-29,18618.0508
^NSEI,Nifty 50,Large Cap / Core,2022-11-30,18758.3496
^NSEI,Nifty 50,Large Cap / Core,2022-12-01,18812.5
^NSEI,Nifty 50,Large Cap / Core,2022-12-02,18696.0996
^NSEI,Nifty 50,Large Cap / Core,2022-12-05,18701.0508
^NSEI,Nifty 50,Large Cap / Core,2022-12-06,18642.75
^NSEI,Nifty 50,Large Cap / Core,2022-12-07,18560.5
^NSEI,Nifty 50,Large Cap / Core,2022-12-08,18609.3496
^NSEI,Nifty 50,Large Cap / Core,2022-12-09,18496.5996
^NSEI,Nifty 50,Large Cap / Core,2022-12-12,18497.1504
^NSEI,Nifty 50,Large Cap / Core,2022-12-13,18608.0
^NSEI,Nifty 50,Large Cap / Core,2022-12-14,18660.3008
^NSEI,Nifty 50,Large Cap / Core,2022-12-15,18414.9004
^NSEI,Nifty 50,Large Cap / Core,2022-12-16,18269.0
^NSEI,Nifty 50,Large Cap / Core,2022-12-19,18420.4492
^NSEI,Nifty 50,Large Cap / Core,2022-12-20,18385.3008
^NSEI,Nifty 50,Large Cap / Core,2022-12-21,18199.0996
^NSEI,Nifty 50,Large Cap / Core,2022-12-22,18127.3496
^NSEI,Nifty 50,Large Cap / Core,2022-12-23,17806.8008
^NSEI,Nifty 50,Large Cap / Core,2022-12-26,18014.5996
^NSEI,Nifty 50,Large Cap / Core,2022-12-27,18132.3008
^NSEI,Nifty 50,Large Cap / Core,2022-12-28,18122.5
^NSEI,Nifty 50,Large Cap / Core,2022-12-29,18191.0
^NSEI,Nifty 50,Large Cap / Core,2022-12-30,18105.3008
^NSEI,Nifty 50,Large Cap / Core,2023-01-02,18197.4492
^NSEI,Nifty 50,Large Cap / Core,2023-01-03,18232.5508
^NSEI,Nifty 50,Large Cap / Core,2023-01-04,18042.9492
^NSEI,Nifty 50,Large Cap / Core,2023-01-05,17992.1504
^NSEI,Nifty 50,Large Cap / Core,2023-01-06,17859.4492
^NSEI,Nifty 50,Large Cap / Core,2023-01-09,18101.1992
^NSEI,Nifty 50,Large Cap / Core,2023-01-10,17914.1504
^NSEI,Nifty 50,Large Cap / Core,2023-01-11,17895.6992
^NSEI,Nifty 50,Large Cap / Core,2023-01-12,17858.1992
^NSEI,Nifty 50,Large Cap / Core,2023-01-13,17956.5996
^NSEI,Nifty 50,Large Cap / Core,2023-01-16,17894.8496
^NSEI,Nifty 50,Large Cap / Core,2023-01-17,18053.3008
^NSEI,Nifty 50,Large Cap / Core,2023-01-18,18165.3496
^NSEI,Nifty 50,Large Cap / Core,2023-01-19,18107.8496
^NSEI,Nifty 50,Large Cap / Core,2023-01-20,18027.6504
^NSEI,Nifty 50,Large Cap / Core,2023-01-23,18118.5508
^NSEI,Nifty 50,Large Cap / Core,2023-01-24,18118.3008
^NSEI,Nifty 50,Large Cap / Core,2023-01-25,17891.9492
^NSEI,Nifty 50,Large Cap / Core,2023-01-27,17604.3496
^NSEI,Nifty 50,Large Cap / Core,2023-01-30,17648.9492
^NSEI,Nifty 50,Large Cap / Core,2023-01-31,17662.1504
^NSEI,Nifty 50,Large Cap / Core,2023-02-01,17616.3008
^NSEI,Nifty 50,Large Cap / Core,2023-02-02,17610.4004
^NSEI,Nifty 50,Large Cap / Core,2023-02-03,17854.0508
^NSEI,Nifty 50,Large Cap / Core,2023-02-06,17764.5996
^NSEI,Nifty 50,Large Cap / Core,2023-02-07,17721.5
^NSEI,Nifty 50,Large Cap / Core,2023-02-08,17871.6992
^NSEI,Nifty 50,Large Cap / Core,2023-02-09,17893.4492
^NSEI,Nifty 50,Large Cap / Core,2023-02-10,17856.5
^NSEI,Nifty 50,Large Cap / Core,2023-02-13,17770.9004
^NSEI,Nifty 50,Large Cap / Core,2023-02-14,17929.8496
^NSEI,Nifty 50,Large Cap / Core,2023-02-15,18015.8496
^NSEI,Nifty 50,Large Cap / Core,2023-02-16,18035.8496
^NSEI,Nifty 50,Large Cap / Core,2023-02-17,17944.1992
^NSEI,Nifty 50,Large Cap / Core,2023-02-20,17844.5996
^NSEI,Nifty 50,Large Cap / Core,2023-02-21,17826.6992
^NSEI,Nifty 50,Large Cap / Core,2023-02-22,17554.3008
^NSEI,Nifty 50,Large Cap / Core,2023-02-23,17511.25
^NSEI,Nifty 50,Large Cap / Core,2023-02-24,17465.8008
^NSEI,Nifty 50,Large Cap / Core,2023-02-27,17392.6992
^NSEI,Nifty 50,Large Cap / Core,2023-02-28,17303.9492
^NSEI,Nifty 50,Large Cap / Core,2023-03-01,17450.9004
^NSEI,Nifty 50,Large Cap / Core,2023-03-02,17321.9004
^NSEI,Nifty 50,Large Cap / Core,2023-03-03,17594.3496
^NSEI,Nifty 50,Large Cap / Core,2023-03-06,17711.4492
^NSEI,Nifty 50,Large Cap / Core,2023-03-08,17754.4004
^NSEI,Nifty 50,Large Cap / Core,2023-03-09,17589.5996
^NSEI,Nifty 50,Large Cap / Core,2023-03-10,17412.9004
^NSEI,Nifty 50,Large Cap / Core,2023-03-13,17154.3008
^NSEI,Nifty 50,Large Cap / Core,2023-03-14,17043.3008
^NSEI,Nifty 50,Large Cap / Core,2023-03-15,16972.1504
^NSEI,Nifty 50,Large Cap / Core,2023-03-16,16985.5996
^NSEI,Nifty 50,Large Cap / Core,2023-03-17,17100.0508
^NSEI,Nifty 50,Large Cap / Core,2023-03-20,16988.4004
^NSEI,Nifty 50,Large Cap / Core,2023-03-21,17107.5
^NSEI,Nifty 50,Large Cap / Core,2023-03-22,17151.9004
^NSEI,Nifty 50,Large Cap / Core,2023-03-23,17076.9004
^NSEI,Nifty 50,Large Cap / Core,2023-03-24,16945.0508
^NSEI,Nifty 50,Large Cap / Core,2023-03-27,16985.6992
^NSEI,Nifty 50,Large Cap / Core,2023-03-28,16951.6992
^NSEI,Nifty 50,Large Cap / Core,2023-03-29,17080.6992
^NSEI,Nifty 50,Large Cap / Core,2023-03-31,17359.75
^NSEI,Nifty 50,Large Cap / Core,2023-04-03,17398.0508
^NSEI,Nifty 50,Large Cap / Core,2023-04-05,17557.0508
^NSEI,Nifty 50,Large Cap / Core,2023-04-06,17599.1504
^NSEI,Nifty 50,Large Cap / Core,2023-04-10,17624.0508
^NSEI,Nifty 50,Large Cap / Core,2023-04-11,17722.3008
^NSEI,Nifty 50,Large Cap / Core,2023-04-12,17812.4004
^NSEI,Nifty 50,Large Cap / Core,2023-04-13,17828.0
^NSEI,Nifty 50,Large Cap / Core,2023-04-17,17706.8496
^NSEI,Nifty 50,Large Cap / Core,2023-04-18,17660.1504
^NSEI,Nifty 50,Large Cap / Core,2023-04-19,17618.75
^NSEI,Nifty 50,Large Cap / Core,2023-04-20,17624.4492
^NSEI,Nifty 50,Large Cap / Core,2023-04-21,17624.0508
^NSEI,Nifty 50,Large Cap / Core,2023-04-24,17743.4004
^NSEI,Nifty 50,Large Cap / Core,2023-04-25,17769.25
^NSEI,Nifty 50,Large Cap / Core,2023-04-26,17813.5996
^NSEI,Nifty 50,Large Cap / Core,2023-04-27,17915.0508
^NSEI,Nifty 50,Large Cap / Core,2023-04-28,18065.0
^NSEI,Nifty 50,Large Cap / Core,2023-05-02,18147.6504
^NSEI,Nifty 50,Large Cap / Core,2023-05-03,18089.8496
^NSEI,Nifty 50,Large Cap / Core,2023-05-04,18255.8008
^NSEI,Nifty 50,Large Cap / Core,2023-05-05,18069.0
^NSEI,Nifty 50,Large Cap / Core,2023-05-08,18264.4004
^NSEI,Nifty 50,Large Cap / Core,2023-05-09,18265.9492
^NSEI,Nifty 50,Large Cap / Core,2023-05-10,18315.0996
^NSEI,Nifty 50,Large Cap / Core,2023-05-11,18297.0
^NSEI,Nifty 50,Large Cap / Core,2023-05-12,18314.8008
^NSEI,Nifty 50,Large Cap / Core,2023-05-15,18398.8496
^NSEI,Nifty 50,Large Cap / Core,2023-05-16,18286.5
^NSEI,Nifty 50,Large Cap / Core,2023-05-17,18181.75
^NSEI,Nifty 50,Large Cap / Core,2023-05-18,18129.9492
^NSEI,Nifty 50,Large Cap / Core,2023-05-19,18203.4004
^NSEI,Nifty 50,Large Cap / Core,2023-05-22,18314.4004
^NSEI,Nifty 50,Large Cap / Core,2023-05-23,18348.0
^NSEI,Nifty 50,Large Cap / Core,2023-05-24,18285.4004
^NSEI,Nifty 50,Large Cap / Core,2023-05-25,18321.1504
^NSEI,Nifty 50,Large Cap / Core,2023-05-26,18499.3496
^NSEI,Nifty 50,Large Cap / Core,2023-05-29,18598.6504
^NSEI,Nifty 50,Large Cap / Core,2023-05-30,18633.8496
^NSEI,Nifty 50,Large Cap / Core,2023-05-31,18534.4004
^NSEI,Nifty 50,Large Cap / Core,2023-06-01,18487.75
^NSEI,Nifty 50,Large Cap / Core,2023-06-02,18534.0996
^NSEI,Nifty 50,Large Cap / Core,2023-06-05,18593.8496
^NSEI,Nifty 50,Large Cap / Core,2023-06-06,18599.0
^NSEI,Nifty 50,Large Cap / Core,2023-06-07,18726.4004
^NSEI,Nifty 50,Large Cap / Core,2023-06-08,18634.5508
^NSEI,Nifty 50,Large Cap / Core,2023-06-09,18563.4004
^NSEI,Nifty 50,Large Cap / Core,2023-06-12,18601.5
^NSEI,Nifty 50,Large Cap / Core,2023-06-13,18716.1504
^NSEI,Nifty 50,Large Cap / Core,2023-06-14,18755.9004
^NSEI,Nifty 50,Large Cap / Core,2023-06-15,18688.0996
^NSEI,Nifty 50,Large Cap / Core,2023-06-16,18826.0
^NSEI,Nifty 50,Large Cap / Core,2023-06-19,18755.4492
^NSEI,Nifty 50,Large Cap / Core,2023-06-20,18816.6992
^NSEI,Nifty 50,Large Cap / Core,2023-06-21,18856.8496
^NSEI,Nifty 50,Large Cap / Core,2023-06-22,18771.25
^NSEI,Nifty 50,Large Cap / Core,2023-06-23,18665.5
^NSEI,Nifty 50,Large Cap / Core,2023-06-26,18691.1992
^NSEI,Nifty 50,Large Cap / Core,2023-06-27,18817.4004
^NSEI,Nifty 50,Large Cap / Core,2023-06-28,18972.0996
^NSEI,Nifty 50,Large Cap / Core,2023-06-30,19189.0508
^NSEI,Nifty 50,Large Cap / Core,2023-07-03,19322.5508
^NSEI,Nifty 50,Large Cap / Core,2023-07-04,19389.0
^NSEI,Nifty 50,Large Cap / Core,2023-07-05,19398.5
^NSEI,Nifty 50,Large Cap / Core,2023-07-06,19497.3008
^NSEI,Nifty 50,Large Cap / Core,2023-07-07,19331.8008
^NSEI,Nifty 50,Large Cap / Core,2023-07-10,19355.9004
^NSEI,Nifty 50,Large Cap / Core,2023-07-11,19439.4004
^NSEI,Nifty 50,Large Cap / Core,2023-07-12,19384.3008
^NSEI,Nifty 50,Large Cap / Core,2023-07-13,19413.75
^NSEI,Nifty 50,Large Cap / Core,2023-07-14,19564.5
^NSEI,Nifty 50,Large Cap / Core,2023-07-17,19711.4492
^NSEI,Nifty 50,Large Cap / Core,2023-07-18,19749.25
^NSEI,Nifty 50,Large Cap / Core,2023-07-19,19833.1504
^NSEI,Nifty 50,Large Cap / Core,2023-07-20,19979.1504
^NSEI,Nifty 50,Large Cap / Core,2023-07-21,19745.0
^NSEI,Nifty 50,Large Cap / Core,2023-07-24,19672.3496
^NSEI,Nifty 50,Large Cap / Core,2023-07-25,19680.5996
^NSEI,Nifty 50,Large Cap / Core,2023-07-26,19778.3008
^NSEI,Nifty 50,Large Cap / Core,2023-07-27,19659.9004
^NSEI,Nifty 50,Large Cap / Core,2023-07-28,19646.0508
^NSEI,Nifty 50,Large Cap / Core,2023-07-31,19753.8008
^NSEI,Nifty 50,Large Cap / Core,2023-08-01,19733.5508
^NSEI,Nifty 50,Large Cap / Core,2023-08-02,19526.5508
^NSEI,Nifty 50,Large Cap / Core,2023-08-03,19381.6504
^NSEI,Nifty 50,Large Cap / Core,2023-08-04,19517.0
^NSEI,Nifty 50,Large Cap / Core,2023-08-07,19597.3008
^NSEI,Nifty 50,Large Cap / Core,2023-08-08,19570.8496
^NSEI,Nifty 50,Large Cap / Core,2023-08-09,19632.5508
^NSEI,Nifty 50,Large Cap / Core,2023-08-10,19543.0996
^NSEI,Nifty 50,Large Cap / Core,2023-08-11,19428.3008
^NSEI,Nifty 50,Large Cap / Core,2023-08-14,19434.5508
^NSEI,Nifty 50,Large Cap / Core,2023-08-16,19465.0
^NSEI,Nifty 50,Large Cap / Core,2023-08-17,19365.25
^NSEI,Nifty 50,Large Cap / Core,2023-08-18,19310.1504
^NSEI,Nifty 50,Large Cap / Core,2023-08-21,19393.5996
^NSEI,Nifty 50,Large Cap / Core,2023-08-22,19396.4492
^NSEI,Nifty 50,Large Cap / Core,2023-08-23,19444.0
^NSEI,Nifty 50,Large Cap / Core,2023-08-24,19386.6992
^NSEI,Nifty 50,Large Cap / Core,2023-08-25,19265.8008
^NSEI,Nifty 50,Large Cap / Core,2023-08-28,19306.0508
^NSEI,Nifty 50,Large Cap / Core,2023-08-29,19342.6504
^NSEI,Nifty 50,Large Cap / Core,2023-08-30,19347.4492
^NSEI,Nifty 50,Large Cap / Core,2023-08-31,19253.8008
^NSEI,Nifty 50,Large Cap / Core,2023-09-01,19435.3008
^NSEI,Nifty 50,Large Cap / Core,2023-09-04,19528.8008
^NSEI,Nifty 50,Large Cap / Core,2023-09-05,19574.9004
^NSEI,Nifty 50,Large Cap / Core,2023-09-06,19611.0508
^NSEI,Nifty 50,Large Cap / Core,2023-09-07,19727.0508
^NSEI,Nifty 50,Large Cap / Core,2023-09-08,19819.9492
^NSEI,Nifty 50,Large Cap / Core,2023-09-11,19996.3496
^NSEI,Nifty 50,Large Cap / Core,2023-09-12,19993.1992
^NSEI,Nifty 50,Large Cap / Core,2023-09-13,20070.0
^NSEI,Nifty 50,Large Cap / Core,2023-09-14,20103.0996
^NSEI,Nifty 50,Large Cap / Core,2023-09-15,20192.3496
^NSEI,Nifty 50,Large Cap / Core,2023-09-18,20133.3008
^NSEI,Nifty 50,Large Cap / Core,2023-09-20,19901.4004
^NSEI,Nifty 50,Large Cap / Core,2023-09-21,19742.3496
^NSEI,Nifty 50,Large Cap / Core,2023-09-22,19674.25
^NSEI,Nifty 50,Large Cap / Core,2023-09-25,19674.5508
^NSEI,Nifty 50,Large Cap / Core,2023-09-26,19664.6992
^NSEI,Nifty 50,Large Cap / Core,2023-09-27,19716.4492
^NSEI,Nifty 50,Large Cap / Core,2023-09-28,19523.5508
^NSEI,Nifty 50,Large Cap / Core,2023-09-29,19638.3008
^NSEI,Nifty 50,Large Cap / Core,2023-10-03,19528.75
^NSEI,Nifty 50,Large Cap / Core,2023-10-04,19436.0996
^NSEI,Nifty 50,Large Cap / Core,2023-10-05,19545.75
^NSEI,Nifty 50,Large Cap / Core,2023-10-06,19653.5
^NSEI,Nifty 50,Large Cap / Core,2023-10-09,19512.3496
^NSEI,Nifty 50,Large Cap / Core,2023-10-10,19689.8496
^NSEI,Nifty 50,Large Cap / Core,2023-10-11,19811.3496
^NSEI,Nifty 50,Large Cap / Core,2023-10-12,19794.0
^NSEI,Nifty 50,Large Cap / Core,2023-10-13,19751.0508
^NSEI,Nifty 50,Large Cap / Core,2023-10-16,19731.75
^NSEI,Nifty 50,Large Cap / Core,2023-10-17,19811.5
^NSEI,Nifty 50,Large Cap / Core,2023-10-18,19671.0996
^NSEI,Nifty 50,Large Cap / Core,2023-10-19,19624.6992
^NSEI,Nifty 50,Large Cap / Core,2023-10-20,19542.6504
^NSEI,Nifty 50,Large Cap / Core,2023-10-23,19281.75
^NSEI,Nifty 50,Large Cap / Core,2023-10-25,19122.1504
^NSEI,Nifty 50,Large Cap / Core,2023-10-26,18857.25
^NSEI,Nifty 50,Large Cap / Core,2023-10-27,19047.25
^NSEI,Nifty 50,Large Cap / Core,2023-10-30,19140.9004
^NSEI,Nifty 50,Large Cap / Core,2023-10-31,19079.5996
^NSEI,Nifty 50,Large Cap / Core,2023-11-01,18989.1504
^NSEI,Nifty 50,Large Cap / Core,2023-11-02,19133.25
^NSEI,Nifty 50,Large Cap / Core,2023-11-03,19230.5996
^NSEI,Nifty 50,Large Cap / Core,2023-11-06,19411.75
^NSEI,Nifty 50,Large Cap / Core,2023-11-07,19406.6992
^NSEI,Nifty 50,Large Cap / Core,2023-11-08,19443.5
^NSEI,Nifty 50,Large Cap / Core,2023-11-09,19395.3008
^NSEI,Nifty 50,Large Cap / Core,2023-11-10,19425.3496
^NSEI,Nifty 50,Large Cap / Core,2023-11-13,19443.5508
^NSEI,Nifty 50,Large Cap / Core,2023-11-15,19675.4492
^NSEI,Nifty 50,Large Cap / Core,2023-11-16,19765.1992
^NSEI,Nifty 50,Large Cap / Core,2023-11-17,19731.8008
^NSEI,Nifty 50,Large Cap / Core,2023-11-20,19694.0
^NSEI,Nifty 50,Large Cap / Core,2023-11-21,19783.4004
^NSEI,Nifty 50,Large Cap / Core,2023-11-22,19811.8496
^NSEI,Nifty 50,Large Cap / Core,2023-11-23,19802.0
^NSEI,Nifty 50,Large Cap / Core,2023-11-24,19794.6992
^NSEI,Nifty 50,Large Cap / Core,2023-11-28,19889.6992
^NSEI,Nifty 50,Large Cap / Core,2023-11-29,20096.5996
^NSEI,Nifty 50,Large Cap / Core,2023-11-30,20133.1504
^NSEI,Nifty 50,Large Cap / Core,2023-12-01,20267.9004
^NSEI,Nifty 50,Large Cap / Core,2023-12-04,20686.8008
^NSEI,Nifty 50,Large Cap / Core,2023-12-05,20855.0996
^NSEI,Nifty 50,Large Cap / Core,2023-12-06,20937.6992
^NSEI,Nifty 50,Large Cap / Core,2023-12-07,20901.1504
^NSEI,Nifty 50,Large Cap / Core,2023-12-08,20969.4004
^NSEI,Nifty 50,Large Cap / Core,2023-12-11,20997.0996
^NSEI,Nifty 50,Large Cap / Core,2023-12-12,20906.4004
^NSEI,Nifty 50,Large Cap / Core,2023-12-13,20926.3496
^NSEI,Nifty 50,Large Cap / Core,2023-12-14,21182.6992
^NSEI,Nifty 50,Large Cap / Core,2023-12-15,21456.6504
^NSEI,Nifty 50,Large Cap / Core,2023-12-18,21418.6504
^NSEI,Nifty 50,Large Cap / Core,2023-12-19,21453.0996
^NSEI,Nifty 50,Large Cap / Core,2023-12-20,21150.1504
^NSEI,Nifty 50,Large Cap / Core,2023-12-21,21255.0508
^NSEI,Nifty 50,Large Cap / Core,2023-12-22,21349.4004
^NSEI,Nifty 50,Large Cap / Core,2023-12-26,21441.3496
^NSEI,Nifty 50,Large Cap / Core,2023-12-27,21654.75
^NSEI,Nifty 50,Large Cap / Core,2023-12-28,21778.6992
^NSEI,Nifty 50,Large Cap / Core,2023-12-29,21731.4004
^NSEI,Nifty 50,Large Cap / Core,2024-01-01,21741.9004
^NSEI,Nifty 50,Large Cap / Core,2024-01-02,21665.8008
^NSEI,Nifty 50,Large Cap / Core,2024-01-03,21517.3496
^NSEI,Nifty 50,Large Cap / Core,2024-01-04,21658.5996
^NSEI,Nifty 50,Large Cap / Core,2024-01-05,21710.8008
^NSEI,Nifty 50,Large Cap / Core,2024-01-08,21513.0
^NSEI,Nifty 50,Large Cap / Core,2024-01-09,21544.8496
^NSEI,Nifty 50,Large Cap / Core,2024-01-10,21618.6992
^NSEI,Nifty 50,Large Cap / Core,2024-01-11,21647.1992
^NSEI,Nifty 50,Large Cap / Core,2024-01-12,21894.5508
^NSEI,Nifty 50,Large Cap / Core,2024-01-15,22097.4492
^NSEI,Nifty 50,Large Cap / Core,2024-01-16,22032.3008
^NSEI,Nifty 50,Large Cap / Core,2024-01-17,21571.9492
^NSEI,Nifty 50,Large Cap / Core,2024-01-18,21462.25
^NSEI,Nifty 50,Large Cap / Core,2024-01-19,21622.4004
^NSEI,Nifty 50,Large Cap / Core,2024-01-23,21238.8008
^NSEI,Nifty 50,Large Cap / Core,2024-01-24,21453.9492
^NSEI,Nifty 50,Large Cap / Core,2024-01-25,21352.5996
^NSEI,Nifty 50,Large Cap / Core,2024-01-29,21737.5996
^NSEI,Nifty 50,Large Cap / Core,2024-01-30,21522.0996
^NSEI,Nifty 50,Large Cap / Core,2024-01-31,21725.6992
^NSEI,Nifty 50,Large Cap / Core,2024-02-01,21697.4492
^NSEI,Nifty 50,Large Cap / Core,2024-02-02,21853.8008
^NSEI,Nifty 50,Large Cap / Core,2024-02-05,21771.6992
^NSEI,Nifty 50,Large Cap / Core,2024-02-06,21929.4004
^NSEI,Nifty 50,Large Cap / Core,2024-02-07,21930.5
^NSEI,Nifty 50,Large Cap / Core,2024-02-08,21717.9492
^NSEI,Nifty 50,Large Cap / Core,2024-02-09,21782.5
^NSEI,Nifty 50,Large Cap / Core,2024-02-12,21616.0508
^NSEI,Nifty 50,Large Cap / Core,2024-02-13,21743.25
^NSEI,Nifty 50,Large Cap / Core,2024-02-14,21840.0508
^NSEI,Nifty 50,Large Cap / Core,2024-02-15,21910.75
^NSEI,Nifty 50,Large Cap / Core,2024-02-16,22040.6992
^NSEI,Nifty 50,Large Cap / Core,2024-02-19,22122.25
^NSEI,Nifty 50,Large Cap / Core,2024-02-20,22196.9492
^NSEI,Nifty 50,Large Cap / Core,2024-02-21,22055.0508
^NSEI,Nifty 50,Large Cap / Core,2024-02-22,22217.4492
^NSEI,Nifty 50,Large Cap / Core,2024-02-23,22212.6992
^NSEI,Nifty 50,Large Cap / Core,2024-02-26,22122.0508
^NSEI,Nifty 50,Large Cap / Core,2024-02-27,22198.3496
^NSEI,Nifty 50,Large Cap / Core,2024-02-28,21951.1504
^NSEI,Nifty 50,Large Cap / Core,2024-02-29,21982.8008
^NSEI,Nifty 50,Large Cap / Core,2024-03-01,22338.75
^NSEI,Nifty 50,Large Cap / Core,2024-03-04,22405.5996
^NSEI,Nifty 50,Large Cap / Core,2024-03-05,22356.3008
^NSEI,Nifty 50,Large Cap / Core,2024-03-06,22474.0508
^NSEI,Nifty 50,Large Cap / Core,2024-03-07,22493.5508
^NSEI,Nifty 50,Large Cap / Core,2024-03-11,22332.6504
^NSEI,Nifty 50,Large Cap / Core,2024-03-12,22335.6992
^NSEI,Nifty 50,Large Cap / Core,2024-03-13,21997.6992
^NSEI,Nifty 50,Large Cap / Core,2024-03-14,22146.6504
^NSEI,Nifty 50,Large Cap / Core,2024-03-15,22023.3496
^NSEI,Nifty 50,Large Cap / Core,2024-03-18,22055.6992
^NSEI,Nifty 50,Large Cap / Core,2024-03-19,21817.4492
^NSEI,Nifty 50,Large Cap / Core,2024-03-20,21839.0996
^NSEI,Nifty 50,Large Cap / Core,2024-03-21,22011.9492
^NSEI,Nifty 50,Large Cap / Core,2024-03-22,22096.75
^NSEI,Nifty 50,Large Cap / Core,2024-03-26,22004.6992
^NSEI,Nifty 50,Large Cap / Core,2024-03-27,22123.6504
^NSEI,Nifty 50,Large Cap / Core,2024-03-28,22326.9004
^NSEI,Nifty 50,Large Cap / Core,2024-04-01,22462.0
^NSEI,Nifty 50,Large Cap / Core,2024-04-02,22453.3008
^NSEI,Nifty 50,Large Cap / Core,2024-04-03,22434.6504
^NSEI,Nifty 50,Large Cap / Core,2024-04-04,22514.6504
^NSEI,Nifty 50,Large Cap / Core,2024-04-05,22513.6992
^NSEI,Nifty 50,Large Cap / Core,2024-04-08,22666.3008
^NSEI,Nifty 50,Large Cap / Core,2024-04-09,22642.75
^NSEI,Nifty 50,Large Cap / Core,2024-04-10,22753.8008
^NSEI,Nifty 50,Large Cap / Core,2024-04-12,22519.4004
^NSEI,Nifty 50,Large Cap / Core,2024-04-15,22272.5
^NSEI,Nifty 50,Large Cap / Core,2024-04-16,22147.9004
^NSEI,Nifty 50,Large Cap / Core,2024-04-18,21995.8496
^NSEI,Nifty 50,Large Cap / Core,2024-04-19,22147.0
^NSEI,Nifty 50,Large Cap / Core,2024-04-22,22336.4004
^NSEI,Nifty 50,Large Cap / Core,2024-04-23,22368.0
^NSEI,Nifty 50,Large Cap / Core,2024-04-24,22402.4004
^NSEI,Nifty 50,Large Cap / Core,2024-04-25,22570.3496
^NSEI,Nifty 50,Large Cap / Core,2024-04-26,22419.9492
^NSEI,Nifty 50,Large Cap / Core,2024-04-29,22643.4004
^NSEI,Nifty 50,Large Cap / Core,2024-04-30,22604.8496
^NSEI,Nifty 50,Large Cap / Core,2024-05-02,22648.1992
^NSEI,Nifty 50,Large Cap / Core,2024-05-03,22475.8496
^NSEI,Nifty 50,Large Cap / Core,2024-05-06,22442.6992
^NSEI,Nifty 50,Large Cap / Core,2024-05-07,22302.5
^NSEI,Nifty 50,Large Cap / Core,2024-05-08,22302.5
^NSEI,Nifty 50,Large Cap / Core,2024-05-09,21957.5
^NSEI,Nifty 50,Large Cap / Core,2024-05-10,22055.1992
^NSEI,Nifty 50,Large Cap / Core,2024-05-13,22104.0508
^NSEI,Nifty 50,Large Cap / Core,2024-05-14,22217.8496
^NSEI,Nifty 50,Large Cap / Core,2024-05-15,22200.5508
^NSEI,Nifty 50,Large Cap / Core,2024-05-16,22403.8496
^NSEI,Nifty 50,Large Cap / Core,2024-05-17,22466.0996
^NSEI,Nifty 50,Large Cap / Core,2024-05-21,22529.0508
^NSEI,Nifty 50,Large Cap / Core,2024-05-22,22597.8008
^NSEI,Nifty 50,Large Cap / Core,2024-05-23,22967.6504
^NSEI,Nifty 50,Large Cap / Core,2024-05-24,22957.0996
^NSEI,Nifty 50,Large Cap / Core,2024-05-27,22932.4492
^NSEI,Nifty 50,Large Cap / Core,2024-05-28,22888.1504
^NSEI,Nifty 50,Large Cap / Core,2024-05-29,22704.6992
^NSEI,Nifty 50,Large Cap / Core,2024-05-30,22488.6504
^NSEI,Nifty 50,Large Cap / Core,2024-05-31,22530.6992
^NSEI,Nifty 50,Large Cap / Core,2024-06-03,23263.9004
^NSEI,Nifty 50,Large Cap / Core,2024-06-04,21884.5
^NSEI,Nifty 50,Large Cap / Core,2024-06-05,22620.3496
^NSEI,Nifty 50,Large Cap / Core,2024-06-06,22821.4004
^NSEI,Nifty 50,Large Cap / Core,2024-06-07,23290.1504
^NSEI,Nifty 50,Large Cap / Core,2024-06-10,23259.1992
^NSEI,Nifty 50,Large Cap / Core,2024-06-11,23264.8496
^NSEI,Nifty 50,Large Cap / Core,2024-06-12,23322.9492
^NSEI,Nifty 50,Large Cap / Core,2024-06-13,23398.9004
^NSEI,Nifty 50,Large Cap / Core,2024-06-14,23465.5996
^NSEI,Nifty 50,Large Cap / Core,2024-06-18,23557.9004
^NSEI,Nifty 50,Large Cap / Core,2024-06-19,23516.0
^NSEI,Nifty 50,Large Cap / Core,2024-06-20,23567.0
^NSEI,Nifty 50,Large Cap / Core,2024-06-21,23501.0996
^NSEI,Nifty 50,Large Cap / Core,2024-06-24,23537.8496
^NSEI,Nifty 50,Large Cap / Core,2024-06-25,23721.3008
^NSEI,Nifty 50,Large Cap / Core,2024-06-26,23868.8008
^NSEI,Nifty 50,Large Cap / Core,2024-06-27,24044.5
^NSEI,Nifty 50,Large Cap / Core,2024-06-28,24010.5996
^NSEI,Nifty 50,Large Cap / Core,2024-07-01,24141.9492
^NSEI,Nifty 50,Large Cap / Core,2024-07-02,24123.8496
^NSEI,Nifty 50,Large Cap / Core,2024-07-03,24286.5
^NSEI,Nifty 50,Large Cap / Core,2024-07-04,24302.1504
^NSEI,Nifty 50,Large Cap / Core,2024-07-05,24323.8496
^NSEI,Nifty 50,Large Cap / Core,2024-07-08,24320.5508
^NSEI,Nifty 50,Large Cap / Core,2024-07-09,24433.1992
^NSEI,Nifty 50,Large Cap / Core,2024-07-10,24324.4492
^NSEI,Nifty 50,Large Cap / Core,2024-07-11,24315.9492
^NSEI,Nifty 50,Large Cap / Core,2024-07-12,24502.1504
^NSEI,Nifty 50,Large Cap / Core,2024-07-15,24586.6992
^NSEI,Nifty 50,Large Cap / Core,2024-07-16,24613.0
^NSEI,Nifty 50,Large Cap / Core,2024-07-18,24800.8496
^NSEI,Nifty 50,Large Cap / Core,2024-07-19,24530.9004
^NSEI,Nifty 50,Large Cap / Core,2024-07-22,24509.25
^NSEI,Nifty 50,Large Cap / Core,2024-07-23,24479.0508
^NSEI,Nifty 50,Large Cap / Core,2024-07-24,24413.5
^NSEI,Nifty 50,Large Cap / Core,2024-07-25,24406.0996
^NSEI,Nifty 50,Large Cap / Core,2024-07-26,24834.8496
^NSEI,Nifty 50,Large Cap / Core,2024-07-29,24836.0996
^NSEI,Nifty 50,Large Cap / Core,2024-07-30,24857.3008
^NSEI,Nifty 50,Large Cap / Core,2024-07-31,24951.1504
^NSEI,Nifty 50,Large Cap / Core,2024-08-01,25010.9004
^NSEI,Nifty 50,Large Cap / Core,2024-08-02,24717.6992
^NSEI,Nifty 50,Large Cap / Core,2024-08-05,24055.5996
^NSEI,Nifty 50,Large Cap / Core,2024-08-06,23992.5508
^NSEI,Nifty 50,Large Cap / Core,2024-08-07,24297.5
^NSEI,Nifty 50,Large Cap / Core,2024-08-08,24117.0
^NSEI,Nifty 50,Large Cap / Core,2024-08-09,24367.5
^NSEI,Nifty 50,Large Cap / Core,2024-08-12,24347.0
^NSEI,Nifty 50,Large Cap / Core,2024-08-13,24139.0
^NSEI,Nifty 50,Large Cap / Core,2024-08-14,24143.75
^NSEI,Nifty 50,Large Cap / Core,2024-08-16,24541.1504
^NSEI,Nifty 50,Large Cap / Core,2024-08-19,24572.6504
^NSEI,Nifty 50,Large Cap / Core,2024-08-20,24698.8496
^NSEI,Nifty 50,Large Cap / Core,2024-08-21,24770.1992
^NSEI,Nifty 50,Large Cap / Core,2024-08-22,24811.5
^NSEI,Nifty 50,Large Cap / Core,2024-08-23,24823.1504
^NSEI,Nifty 50,Large Cap / Core,2024-08-26,25010.5996
^NSEI,Nifty 50,Large Cap / Core,2024-08-27,25017.75
^NSEI,Nifty 50,Large Cap / Core,2024-08-28,25052.3496
^NSEI,Nifty 50,Large Cap / Core,2024-08-29,25151.9492
^NSEI,Nifty 50,Large Cap / Core,2024-08-30,25235.9004
^NSEI,Nifty 50,Large Cap / Core,2024-09-02,25278.6992
^NSEI,Nifty 50,Large Cap / Core,2024-09-03,25279.8496
^NSEI,Nifty 50,Large Cap / Core,2024-09-04,25198.6992
^NSEI,Nifty 50,Large Cap / Core,2024-09-05,25145.0996
^NSEI,Nifty 50,Large Cap / Core,2024-09-06,24852.1504
^NSEI,Nifty 50,Large Cap / Core,2024-09-09,24936.4004
^NSEI,Nifty 50,Large Cap / Core,2024-09-10,25041.0996
^NSEI,Nifty 50,Large Cap / Core,2024-09-11,24918.4492
^NSEI,Nifty 50,Large Cap / Core,2024-09-12,25388.9004
^NSEI,Nifty 50,Large Cap / Core,2024-09-13,25356.5
^NSEI,Nifty 50,Large Cap / Core,2024-09-16,25383.75
^NSEI,Nifty 50,Large Cap / Core,2024-09-17,25418.5508
^NSEI,Nifty 50,Large Cap / Core,2024-09-18,25377.5508
^NSEI,Nifty 50,Large Cap / Core,2024-09-19,25415.8008
^NSEI,Nifty 50,Large Cap / Core,2024-09-20,25790.9492
^NSEI,Nifty 50,Large Cap / Core,2024-09-23,25939.0508
^NSEI,Nifty 50,Large Cap / Core,2024-09-24,25940.4004
^NSEI,Nifty 50,Large Cap / Core,2024-09-25,26004.1504
^NSEI,Nifty 50,Large Cap / Core,2024-09-26,26216.0508
^NSEI,Nifty 50,Large Cap / Core,2024-09-27,26178.9492
^NSEI,Nifty 50,Large Cap / Core,2024-09-30,25810.8496
^NSEI,Nifty 50,Large Cap / Core,2024-10-01,25796.9004
^NSEI,Nifty 50,Large Cap / Core,2024-10-03,25250.0996
^NSEI,Nifty 50,Large Cap / Core,2024-10-04,25014.5996
^NSEI,Nifty 50,Large Cap / Core,2024-10-07,24795.75
^NSEI,Nifty 50,Large Cap / Core,2024-10-08,25013.1504
^NSEI,Nifty 50,Large Cap / Core,2024-10-09,24981.9492
^NSEI,Nifty 50,Large Cap / Core,2024-10-10,24998.4492
^NSEI,Nifty 50,Large Cap / Core,2024-10-11,24964.25
^NSEI,Nifty 50,Large Cap / Core,2024-10-14,25127.9492
^NSEI,Nifty 50,Large Cap / Core,2024-10-15,25057.3496
^NSEI,Nifty 50,Large Cap / Core,2024-10-16,24971.3008
^NSEI,Nifty 50,Large Cap / Core,2024-10-17,24749.8496
^NSEI,Nifty 50,Large Cap / Core,2024-10-18,24854.0508
^NSEI,Nifty 50,Large Cap / Core,2024-10-21,24781.0996
^NSEI,Nifty 50,Large Cap / Core,2024-10-22,24472.0996
^NSEI,Nifty 50,Large Cap / Core,2024-10-23,24435.5
^NSEI,Nifty 50,Large Cap / Core,2024-10-24,24399.4004
^NSEI,Nifty 50,Large Cap / Core,2024-10-25,24180.8008
^NSEI,Nifty 50,Large Cap / Core,2024-10-28,24339.1504
^NSEI,Nifty 50,Large Cap / Core,2024-10-29,24466.8496
^NSEI,Nifty 50,Large Cap / Core,2024-10-30,24340.8496
^NSEI,Nifty 50,Large Cap / Core,2024-10-31,24205.3496
^NSEI,Nifty 50,Large Cap / Core,2024-11-01,24304.3496
^NSEI,Nifty 50,Large Cap / Core,2024-11-04,23995.3496
^NSEI,Nifty 50,Large Cap / Core,2024-11-05,24213.3008
^NSEI,Nifty 50,Large Cap / Core,2024-11-06,24484.0508
^NSEI,Nifty 50,Large Cap / Core,2024-11-07,24199.3496
^NSEI,Nifty 50,Large Cap / Core,2024-11-08,24148.1992
^NSEI,Nifty 50,Large Cap / Core,2024-11-11,24141.3008
^NSEI,Nifty 50,Large Cap / Core,2024-11-12,23883.4492
^NSEI,Nifty 50,Large Cap / Core,2024-11-13,23559.0508
^NSEI,Nifty 50,Large Cap / Core,2024-11-14,23532.6992
^NSEI,Nifty 50,Large Cap / Core,2024-11-18,23453.8008
^NSEI,Nifty 50,Large Cap / Core,2024-11-19,23518.5
^NSEI,Nifty 50,Large Cap / Core,2024-11-21,23349.9004
^NSEI,Nifty 50,Large Cap / Core,2024-11-22,23907.25
^NSEI,Nifty 50,Large Cap / Core,2024-11-25,24221.9004
^NSEI,Nifty 50,Large Cap / Core,2024-11-26,24194.5
^NSEI,Nifty 50,Large Cap / Core,2024-11-27,24274.9004
^NSEI,Nifty 50,Large Cap / Core,2024-11-28,23914.1504
^NSEI,Nifty 50,Large Cap / Core,2024-11-29,24131.0996
^NSEI,Nifty 50,Large Cap / Core,2024-12-02,24276.0508
^NSEI,Nifty 50,Large Cap / Core,2024-12-03,24457.1504
^NSEI,Nifty 50,Large Cap / Core,2024-12-04,24467.4492
^NSEI,Nifty 50,Large Cap / Core,2024-12-05,24708.4004
^NSEI,Nifty 50,Large Cap / Core,2024-12-06,24677.8008
^NSEI,Nifty 50,Large Cap / Core,2024-12-09,24619.0
^NSEI,Nifty 50,Large Cap / Core,2024-12-10,24610.0508
^NSEI,Nifty 50,Large Cap / Core,2024-12-11,24641.8008
^NSEI,Nifty 50,Large Cap / Core,2024-12-12,24548.6992
^NSEI,Nifty 50,Large Cap / Core,2024-12-13,24768.3008
^NSEI,Nifty 50,Large Cap / Core,2024-12-16,24668.25
^NSEI,Nifty 50,Large Cap / Core,2024-12-17,24336.0
^NSEI,Nifty 50,Large Cap / Core,2024-12-18,24198.8496
^NSEI,Nifty 50,Large Cap / Core,2024-12-19,23951.6992
^NSEI,Nifty 50,Large Cap / Core,2024-12-20,23587.5
^NSEI,Nifty 50,Large Cap / Core,2024-12-23,23753.4492
^NSEI,Nifty 50,Large Cap / Core,2024-12-24,23727.6504
^NSEI,Nifty 50,Large Cap / Core,2024-12-26,23750.1992
^NSEI,Nifty 50,Large Cap / Core,2024-12-27,23813.4004
^NSEI,Nifty 50,Large Cap / Core,2024-12-30,23644.9004
^NSEI,Nifty 50,Large Cap / Core,2024-12-31,23644.8008
^NSEI,Nifty 50,Large Cap / Core,2025-01-01,23742.9004
^NSEI,Nifty 50,Large Cap / Core,2025-01-02,24188.6504
^NSEI,Nifty 50,Large Cap / Core,2025-01-03,24004.75
^NSEI,Nifty 50,Large Cap / Core,2025-01-06,23616.0508
^NSEI,Nifty 50,Large Cap / Core,2025-01-07,23707.9004
^NSEI,Nifty 50,Large Cap / Core,2025-01-08,23688.9492
^NSEI,Nifty 50,Large Cap / Core,2025-01-09,23526.5
^NSEI,Nifty 50,Large Cap / Core,2025-01-10,23431.5
^NSEI,Nifty 50,Large Cap / Core,2025-01-13,23085.9492
^NSEI,Nifty 50,Large Cap / Core,2025-01-14,23176.0508
^NSEI,Nifty 50,Large Cap / Core,2025-01-15,23213.1992
^NSEI,Nifty 50,Large Cap / Core,2025-01-16,23311.8008
^NSEI,Nifty 50,Large Cap / Core,2025-01-17,23203.1992
^NSEI,Nifty 50,Large Cap / Core,2025-01-20,23344.75
^NSEI,Nifty 50,Large Cap / Core,2025-01-21,23024.6504
^NSEI,Nifty 50,Large Cap / Core,2025-01-22,23155.3496
^NSEI,Nifty 50,Large Cap / Core,2025-01-23,23205.3496
^NSEI,Nifty 50,Large Cap / Core,2025-01-24,23092.1992
^NSEI,Nifty 50,Large Cap / Core,2025-01-27,22829.1504
^NSEI,Nifty 50,Large Cap / Core,2025-01-28,22957.25
^NSEI,Nifty 50,Large Cap / Core,2025-01-29,23163.0996
^NSEI,Nifty 50,Large Cap / Core,2025-01-30,23249.5
^NSEI,Nifty 50,Large Cap / Core,2025-01-31,23508.4004
^NSEI,Nifty 50,Large Cap / Core,2025-02-01,23482.1504
^NSEI,Nifty 50,Large Cap / Core,2025-02-03,23361.0508
^NSEI,Nifty 50,Large Cap / Core,2025-02-04,23739.25
^NSEI,Nifty 50,Large Cap / Core,2025-02-05,23696.3008
^NSEI,Nifty 50,Large Cap / Core,2025-02-06,23603.3496
^NSEI,Nifty 50,Large Cap / Core,2025-02-07,23559.9492
^NSEI,Nifty 50,Large Cap / Core,2025-02-10,23381.5996
^NSEI,Nifty 50,Large Cap / Core,2025-02-11,23071.8008
^NSEI,Nifty 50,Large Cap / Core,2025-02-12,23045.25
^NSEI,Nifty 50,Large Cap / Core,2025-02-13,23031.4004
^NSEI,Nifty 50,Large Cap / Core,2025-02-14,22929.25
^NSEI,Nifty 50,Large Cap / Core,2025-02-17,22959.5
^NSEI,Nifty 50,Large Cap / Core,2025-02-18,22945.3008
^NSEI,Nifty 50,Large Cap / Core,2025-02-19,22932.9004
^NSEI,Nifty 50,Large Cap / Core,2025-02-20,22913.1504
^NSEI,Nifty 50,Large Cap / Core,2025-02-21,22795.9004
^NSEI,Nifty 50,Large Cap / Core,2025-02-24,22553.3496
^NSEI,Nifty 50,Large Cap / Core,2025-02-25,22547.5508
^NSEI,Nifty 50,Large Cap / Core,2025-02-27,22545.0508
^NSEI,Nifty 50,Large Cap / Core,2025-02-28,22124.6992
^NSEI,Nifty 50,Large Cap / Core,2025-03-03,22119.3008
^NSEI,Nifty 50,Large Cap / Core,2025-03-04,22082.6504
^NSEI,Nifty 50,Large Cap / Core,2025-03-05,22337.3008
^NSEI,Nifty 50,Large Cap / Core,2025-03-06,22544.6992
^NSEI,Nifty 50,Large Cap / Core,2025-03-07,22552.5
^NSEI,Nifty 50,Large Cap / Core,2025-03-10,22460.3008
^NSEI,Nifty 50,Large Cap / Core,2025-03-11,22497.9004
^NSEI,Nifty 50,Large Cap / Core,2025-03-12,22470.5
^NSEI,Nifty 50,Large Cap / Core,2025-03-13,22397.1992
^NSEI,Nifty 50,Large Cap / Core,2025-03-17,22508.75
^NSEI,Nifty 50,Large Cap / Core,2025-03-18,22834.3008
^NSEI,Nifty 50,Large Cap / Core,2025-03-19,22907.5996
^NSEI,Nifty 50,Large Cap / Core,2025-03-20,23190.6504
^NSEI,Nifty 50,Large Cap / Core,2025-03-21,23350.4004
^NSEI,Nifty 50,Large Cap / Core,2025-03-24,23658.3496
^NSEI,Nifty 50,Large Cap / Core,2025-03-25,23668.6504
^NSEI,Nifty 50,Large Cap / Core,2025-03-26,23486.8496
^NSEI,Nifty 50,Large Cap / Core,2025-03-27,23591.9492
^NSEI,Nifty 50,Large Cap / Core,2025-03-28,23519.3496
^NSEI,Nifty 50,Large Cap / Core,2025-04-01,23165.6992
^NSEI,Nifty 50,Large Cap / Core,2025-04-02,23332.3496
^NSEI,Nifty 50,Large Cap / Core,2025-04-03,23250.0996
^NSEI,Nifty 50,Large Cap / Core,2025-04-04,22904.4492
^NSEI,Nifty 50,Large Cap / Core,2025-04-07,22161.5996
^NSEI,Nifty 50,Large Cap / Core,2025-04-08,22535.8496
^NSEI,Nifty 50,Large Cap / Core,2025-04-09,22399.1504
^NSEI,Nifty 50,Large Cap / Core,2025-04-11,22828.5508
^NSEI,Nifty 50,Large Cap / Core,2025-04-15,23328.5508
^NSEI,Nifty 50,Large Cap / Core,2025-04-16,23437.1992
^NSEI,Nifty 50,Large Cap / Core,2025-04-17,23851.6504
^NSEI,Nifty 50,Large Cap / Core,2025-04-21,24125.5508
^NSEI,Nifty 50,Large Cap / Core,2025-04-22,24167.25
^NSEI,Nifty 50,Large Cap / Core,2025-04-23,24328.9492
^NSEI,Nifty 50,Large Cap / Core,2025-04-24,24246.6992
^NSEI,Nifty 50,Large Cap / Core,2025-04-25,24039.3496
^NSEI,Nifty 50,Large Cap / Core,2025-04-28,24328.5
^NSEI,Nifty 50,Large Cap / Core,2025-04-29,24335.9492
^NSEI,Nifty 50,Large Cap / Core,2025-04-30,24334.1992
^NSEI,Nifty 50,Large Cap / Core,2025-05-02,24346.6992
^NSEI,Nifty 50,Large Cap / Core,2025-05-05,24461.1504
^NSEI,Nifty 50,Large Cap / Core,2025-05-06,24379.5996
^NSEI,Nifty 50,Large Cap / Core,2025-05-07,24414.4004
^NSEI,Nifty 50,Large Cap / Core,2025-05-08,24273.8008
^NSEI,Nifty 50,Large Cap / Core,2025-05-09,24008.0
^NSEI,Nifty 50,Large Cap / Core,2025-05-12,24924.6992
^NSEI,Nifty 50,Large Cap / Core,2025-05-13,24578.3496
^NSEI,Nifty 50,Large Cap / Core,2025-05-14,24666.9004
^NSEI,Nifty 50,Large Cap / Core,2025-05-15,25062.0996
^NSEI,Nifty 50,Large Cap / Core,2025-05-16,25019.8008
^NSEI,Nifty 50,Large Cap / Core,2025-05-19,24945.4492
^NSEI,Nifty 50,Large Cap / Core,2025-05-20,24683.9004
^NSEI,Nifty 50,Large Cap / Core,2025-05-21,24813.4492
^NSEI,Nifty 50,Large Cap / Core,2025-05-22,24609.6992
^NSEI,Nifty 50,Large Cap / Core,2025-05-23,24853.1504
^NSEI,Nifty 50,Large Cap / Core,2025-05-26,25001.1504
^NSEI,Nifty 50,Large Cap / Core,2025-05-27,24826.1992
^NSEI,Nifty 50,Large Cap / Core,2025-05-28,24752.4492
^NSEI,Nifty 50,Large Cap / Core,2025-05-29,24833.5996
^NSEI,Nifty 50,Large Cap / Core,2025-05-30,24750.6992
^NSEI,Nifty 50,Large Cap / Core,2025-06-02,24716.5996
^NSEI,Nifty 50,Large Cap / Core,2025-06-03,24542.5
^NSEI,Nifty 50,Large Cap / Core,2025-06-04,24620.1992
^NSEI,Nifty 50,Large Cap / Core,2025-06-05,24750.9004
^NSEI,Nifty 50,Large Cap / Core,2025-06-06,25003.0508
^NSEI,Nifty 50,Large Cap / Core,2025-06-09,25103.1992
^NSEI,Nifty 50,Large Cap / Core,2025-06-10,25104.25
^NSEI,Nifty 50,Large Cap / Core,2025-06-11,25141.4004
^NSEI,Nifty 50,Large Cap / Core,2025-06-12,24888.1992
^NSEI,Nifty 50,Large Cap / Core,2025-06-13,24718.5996
^NSEI,Nifty 50,Large Cap / Core,2025-06-16,24946.5
^NSEI,Nifty 50,Large Cap / Core,2025-06-17,24853.4004
^NSEI,Nifty 50,Large Cap / Core,2025-06-18,24812.0508
^NSEI,Nifty 50,Large Cap / Core,2025-06-19,24793.25
^NSEI,Nifty 50,Large Cap / Core,2025-06-20,25112.4004
^NSEI,Nifty 50,Large Cap / Core,2025-06-23,24971.9004
^NSEI,Nifty 50,Large Cap / Core,2025-06-24,25044.3496
^NSEI,Nifty 50,Large Cap / Core,2025-06-25,25244.75
^NSEI,Nifty 50,Large Cap / Core,2025-06-26,25549.0
^NSEI,Nifty 50,Large Cap / Core,2025-06-27,25637.8008
^NSEI,Nifty 50,Large Cap / Core,2025-06-30,25517.0508
^NSEI,Nifty 50,Large Cap / Core,2025-07-01,25541.8008
^NSEI,Nifty 50,Large Cap / Core,2025-07-02,25453.4004
^NSEI,Nifty 50,Large Cap / Core,2025-07-03,25405.3008
^NSEI,Nifty 50,Large Cap / Core,2025-07-04,25461.0
^NSEI,Nifty 50,Large Cap / Core,2025-07-07,25461.3008
^NSEI,Nifty 50,Large Cap / Core,2025-07-08,25522.5
^NSEI,Nifty 50,Large Cap / Core,2025-07-09,25476.0996
^NSEI,Nifty 50,Large Cap / Core,2025-07-10,25355.25
^NSEI,Nifty 50,Large Cap / Core,2025-07-11,25149.8496
^NSEI,Nifty 50,Large Cap / Core,2025-07-14,25082.3008
^NSEI,Nifty 50,Large Cap / Core,2025-07-15,25195.8008
^NSEI,Nifty 50,Large Cap / Core,2025-07-16,25212.0508
^NSEI,Nifty 50,Large Cap / Core,2025-07-17,25111.4492
^NSEI,Nifty 50,Large Cap / Core,2025-07-18,24968.4004
^NSEI,Nifty 50,Large Cap / Core,2025-07-21,25090.6992
^NSEI,Nifty 50,Large Cap / Core,2025-07-22,25060.9004
^NSEI,Nifty 50,Large Cap / Core,2025-07-23,25219.9004
^NSEI,Nifty 50,Large Cap / Core,2025-07-24,25062.0996
^NSEI,Nifty 50,Large Cap / Core,2025-07-25,24837.0
^NSEI,Nifty 50,Large Cap / Core,2025-07-28,24680.9004
^NSEI,Nifty 50,Large Cap / Core,2025-07-29,24821.0996
^NSEI,Nifty 50,Large Cap / Core,2025-07-30,24855.0508
^NSEI,Nifty 50,Large Cap / Core,2025-07-31,24768.3496
^NSEI,Nifty 50,Large Cap / Core,2025-08-01,24565.3496
^NSEI,Nifty 50,Large Cap / Core,2025-08-04,24722.75
^NSEI,Nifty 50,Large Cap / Core,2025-08-05,24649.5508
^NSEI,Nifty 50,Large Cap / Core,2025-08-06,24574.1992
^NSEI,Nifty 50,Large Cap / Core,2025-08-07,24596.1504
^NSEI,Nifty 50,Large Cap / Core,2025-08-08,24363.3008
^NSEI,Nifty 50,Large Cap / Core,2025-08-11,24585.0508
^NSEI,Nifty 50,Large Cap / Core,2025-08-12,24487.4004
^NSEI,Nifty 50,Large Cap / Core,2025-08-13,24619.3496
^NSEI,Nifty 50,Large Cap / Core,2025-08-14,24631.3008
^NSEI,Nifty 50,Large Cap / Core,2025-08-18,24876.9492
^NSEI,Nifty 50,Large Cap / Core,2025-08-19,24980.6504
^NSEI,Nifty 50,Large Cap / Core,2025-08-20,25050.5508
^NSEI,Nifty 50,Large Cap / Core,2025-08-21,25083.75
^NSEI,Nifty 50,Large Cap / Core,2025-08-22,24870.0996
^NSEI,Nifty 50,Large Cap / Core,2025-08-25,24967.75
^NSEI,Nifty 50,Large Cap / Core,2025-08-26,24712.0508
^NSEI,Nifty 50,Large Cap / Core,2025-08-28,24500.9004
^NSEI,Nifty 50,Large Cap / Core,2025-08-29,24426.8496
^NSEI,Nifty 50,Large Cap / Core,2025-09-01,24625.0508
^NSEI,Nifty 50,Large Cap / Core,2025-09-02,24579.5996
^NSEI,Nifty 50,Large Cap / Core,2025-09-03,24715.0508
^NSEI,Nifty 50,Large Cap / Core,2025-09-04,24734.3008
^NSEI,Nifty 50,Large Cap / Core,2025-09-05,24741.0
^NSEI,Nifty 50,Large Cap / Core,2025-09-08,24773.1504
^NSEI,Nifty 50,Large Cap / Core,2025-09-09,24868.5996
^NSEI,Nifty 50,Large Cap / Core,2025-09-10,24973.0996
^NSEI,Nifty 50,Large Cap / Core,2025-09-11,25005.5
^NSEI,Nifty 50,Large Cap / Core,2025-09-12,25114.0
^NSEI,Nifty 50,Large Cap / Core,2025-09-15,25069.1992
^NSEI,Nifty 50,Large Cap / Core,2025-09-16,25239.0996
^NSEI,Nifty 50,Large Cap / Core,2025-09-17,25330.25
^NSEI,Nifty 50,Large Cap / Core,2025-09-18,25423.5996
^NSEI,Nifty 50,Large Cap / Core,2025-09-19,25327.0508
^NSEI,Nifty 50,Large Cap / Core,2025-09-22,25202.3496
^NSEI,Nifty 50,Large Cap / Core,2025-09-23,25169.5
^NSEI,Nifty 50,Large Cap / Core,2025-09-24,25056.9004
^NSEI,Nifty 50,Large Cap / Core,2025-09-25,24890.8496
^NSEI,Nifty 50,Large Cap / Core,2025-09-26,24654.6992
^NSEI,Nifty 50,Large Cap / Core,2025-09-29,24634.9004
^NSEI,Nifty 50,Large Cap / Core,2025-09-30,24611.0996
^NSEI,Nifty 50,Large Cap / Core,2025-10-01,24836.3008
^NSEI,Nifty 50,Large Cap / Core,2025-10-03,24894.25
^NSEI,Nifty 50,Large Cap / Core,2025-10-06,25077.6504
^NSEI,Nifty 50,Large Cap / Core,2025-10-07,25108.3008
^NSEI,Nifty 50,Large Cap / Core,2025-10-08,25046.1504
^NSEI,Nifty 50,Large Cap / Core,2025-10-09,25181.8008
^NSEI,Nifty 50,Large Cap / Core,2025-10-10,25285.3496
^NSEI,Nifty 50,Large Cap / Core,2025-10-13,25227.3496
^NSEI,Nifty 50,Large Cap / Core,2025-10-14,25145.5
^NSEI,Nifty 50,Large Cap / Core,2025-10-15,25323.5508
^NSEI,Nifty 50,Large Cap / Core,2025-10-16,25585.3008
^NSEI,Nifty 50,Large Cap / Core,2025-10-17,25709.8496
^NSEI,Nifty 50,Large Cap / Core,2025-10-20,25843.1504
^NSEI,Nifty 50,Large Cap / Core,2025-10-21,25868.5996
^NSEI,Nifty 50,Large Cap / Core,2025-10-23,25891.4004
^NSEI,Nifty 50,Large Cap / Core,2025-10-24,25795.1504
^NSEI,Nifty 50,Large Cap / Core,2025-10-27,25966.0508
^NSEI,Nifty 50,Large Cap / Core,2025-10-28,25936.1992
^NSEI,Nifty 50,Large Cap / Core,2025-10-29,26053.9004
^NSEI,Nifty 50,Large Cap / Core,2025-10-30,25877.8496
^NSEI,Nifty 50,Large Cap / Core,2025-10-31,25722.0996
^NSEI,Nifty 50,Large Cap / Core,2025-11-03,25763.3496
^NSEI,Nifty 50,Large Cap / Core,2025-11-04,25597.6504
^NSEI,Nifty 50,Large Cap / Core,2025-11-06,25509.6992
^NSEI,Nifty 50,Large Cap / Core,2025-11-07,25492.3008
^NSEI,Nifty 50,Large Cap / Core,2025-11-10,25574.3496
^NSEI,Nifty 50,Large Cap / Core,2025-11-11,25694.9492
^NSEI,Nifty 50,Large Cap / Core,2025-11-12,25875.8008
^NSEI,Nifty 50,Large Cap / Core,2025-11-13,25879.1504
^NSEI,Nifty 50,Large Cap / Core,2025-11-14,25910.0508
^NSEI,Nifty 50,Large Cap / Core,2025-11-17,26013.4492
^NSEI,Nifty 50,Large Cap / Core,2025-11-18,25910.0508
^NSEI,Nifty 50,Large Cap / Core,2025-11-19,26052.6504
^NSEI,Nifty 50,Large Cap / Core,2025-11-20,26192.1504
^NSEI,Nifty 50,Large Cap / Core,2025-11-21,26068.1504
^NSEI,Nifty 50,Large Cap / Core,2025-11-24,25959.5
^NSEI,Nifty 50,Large Cap / Core,2025-11-25,25884.8008
^NSEI,Nifty 50,Large Cap / Core,2025-11-26,26205.3008
^NSEI,Nifty 50,Large Cap / Core,2025-11-27,26215.5508
^NSEI,Nifty 50,Large Cap / Core,2025-11-28,26202.9492
^NSEI,Nifty 50,Large Cap / Core,2025-12-01,26175.75
^NSEI,Nifty 50,Large Cap / Core,2025-12-02,26032.1992
^NSEI,Nifty 50,Large Cap / Core,2025-12-03,25986.0
^NSEI,Nifty 50,Large Cap / Core,2025-12-04,26033.75
^NSEI,Nifty 50,Large Cap / Core,2025-12-05,26186.4492
^NSEI,Nifty 50,Large Cap / Core,2025-12-08,25960.5508
^NSEI,Nifty 50,Large Cap / Core,2025-12-09,25839.6504
^NSEI,Nifty 50,Large Cap / Core,2025-12-10,25758.0
^NSEI,Nifty 50,Large Cap / Core,2025-12-11,25898.5508
^NSEI,Nifty 50,Large Cap / Core,2025-12-12,26046.9492
^NSEI,Nifty 50,Large Cap / Core,2025-12-15,26027.3008
^NSEI,Nifty 50,Large Cap / Core,2025-12-16,25860.0996
^NSEI,Nifty 50,Large Cap / Core,2025-12-17,25818.5508
^NSEI,Nifty 50,Large Cap / Core,2025-12-18,25815.5508
^NSEI,Nifty 50,Large Cap / Core,2025-12-19,25966.4004
^NSEI,Nifty 50,Large Cap / Core,2025-12-22,26172.4004
^NSEI,Nifty 50,Large Cap / Core,2025-12-23,26177.1504
^NSEI,Nifty 50,Large Cap / Core,2025-12-24,26142.0996
^NSEI,Nifty 50,Large Cap / Core,2025-12-26,26042.3008
^NSEI,Nifty 50,Large Cap / Core,2025-12-29,25942.0996
^NSEI,Nifty 50,Large Cap / Core,2025-12-30,25938.8496
^NSEI,Nifty 50,Large Cap / Core,2025-12-31,26129.5996
^NSEI,Nifty 50,Large Cap / Core,2026-01-01,26146.5508
^NSEI,Nifty 50,Large Cap / Core,2026-01-02,26328.5508
^NSEI,Nifty 50,Large Cap / Core,2026-01-05,26250.3008
^NSEI,Nifty 50,Large Cap / Core,2026-01-06,26178.6992
^NSEI,Nifty 50,Large Cap / Core,2026-01-07,26140.75
^NSEI,Nifty 50,Large Cap / Core,2026-01-08,25876.8496
^NSEI,Nifty 50,Large Cap / Core,2026-01-09,25683.3008
^NSEI,Nifty 50,Large Cap / Core,2026-01-12,25790.25
^NSEI,Nifty 50,Large Cap / Core,2026-01-13,25732.3008
^NSEI,Nifty 50,Large Cap / Core,2026-01-14,25665.5996
^NSEI,Nifty 50,Large Cap / Core,2026-01-16,25694.3496
^NSEI,Nifty 50,Large Cap / Core,2026-01-19,25585.5
^NSEI,Nifty 50,Large Cap / Core,2026-01-20,25232.5
^NSEI,Nifty 50,Large Cap / Core,2026-01-21,25157.5
^NSEI,Nifty 50,Large Cap / Core,2026-01-22,25289.9004
^NSEI,Nifty 50,Large Cap / Core,2026-01-23,25048.6504
^NSEI,Nifty 50,Large Cap / Core,2026-01-27,25175.4004
^NSEI,Nifty 50,Large Cap / Core,2026-01-28,25342.75
^NSEI,Nifty 50,Large Cap / Core,2026-01-29,25418.9004
^NSEI,Nifty 50,Large Cap / Core,2026-01-30,25320.6504
^NSEI,Nifty 50,Large Cap / Core,2026-02-02,25088.4004
^NSEI,Nifty 50,Large Cap / Core,2026-02-03,25727.5508
^NSEI,Nifty 50,Large Cap / Core,2026-02-04,25776.0
^NSEI,Nifty 50,Large Cap / Core,2026-02-05,25642.8008
^NSEI,Nifty 50,Large Cap / Core,2026-02-06,25693.6992
^NSEI,Nifty 50,Large Cap / Core,2026-02-09,25867.3008
^NSEI,Nifty 50,Large Cap / Core,2026-02-10,25935.1504
^NSEI,Nifty 50,Large Cap / Core,2026-02-11,25953.8496
^NSEI,Nifty 50,Large Cap / Core,2026-02-12,25807.1992
^NSEI,Nifty 50,Large Cap / Core,2026-02-13,25471.0996
^NSEI,Nifty 50,Large Cap / Core,2026-02-16,25682.75
^NSEI,Nifty 50,Large Cap / Core,2026-02-17,25725.4004
^NSEI,Nifty 50,Large Cap / Core,2026-02-18,25819.3496
^NSEI,Nifty 50,Large Cap / Core,2026-02-19,25454.3496
^NSEI,Nifty 50,Large Cap / Core,2026-02-20,25571.25
^NSEI,Nifty 50,Large Cap / Core,2026-02-23,25713.0
^NSEI,Nifty 50,Large Cap / Core,2026-02-24,25424.6504
^NSEI,Nifty 50,Large Cap / Core,2026-02-25,25482.5
^NSEI,Nifty 50,Large Cap / Core,2026-02-26,25496.5508
^NSEI,Nifty 50,Large Cap / Core,2026-02-27,25178.6504
^NSEI,Nifty 50,Large Cap / Core,2026-03-02,24865.6992
^NSEI,Nifty 50,Large Cap / Core,2026-03-04,24480.5
^NSEI,Nifty 50,Large Cap / Core,2026-03-05,24765.9004
^NSEI,Nifty 50,Large Cap / Core,2026-03-06,24450.4492
^NSEI,Nifty 50,Large Cap / Core,2026-03-09,24028.0508
^NSEI,Nifty 50,Large Cap / Core,2026-03-10,24261.5996
^NSEI,Nifty 50,Large Cap / Core,2026-03-11,23866.8496
^NSEI,Nifty 50,Large Cap / Core,2026-03-12,23639.1504
^NSEI,Nifty 50,Large Cap / Core,2026-03-13,23151.0996
^NSEI,Nifty 50,Large Cap / Core,2026-03-16,23408.8008
^NSEI,Nifty 50,Large Cap / Core,2026-03-17,23581.1504
^NSEI,Nifty 50,Large Cap / Core,2026-03-18,23777.8008
^NSEI,Nifty 50,Large Cap / Core,2026-03-19,23002.1504
^NSEI,Nifty 50,Large Cap / Core,2026-03-20,23114.5
^NSEI,Nifty 50,Large Cap / Core,2026-03-23,22512.6504
^NSEI,Nifty 50,Large Cap / Core,2026-03-24,22912.4004
^NSEI,Nifty 50,Large Cap / Core,2026-03-25,23306.4492
^NSEI,Nifty 50,Large Cap / Core,2026-03-27,22819.5996
^NSEI,Nifty 50,Large Cap / Core,2026-03-30,22331.4004
^NSEI,Nifty 50,Large Cap / Core,2026-04-01,22679.4004
^NSEI,Nifty 50,Large Cap / Core,2026-04-02,22713.0996
^NSEI,Nifty 50,Large Cap / Core,2026-04-06,22968.25
^NSEI,Nifty 50,Large Cap / Core,2026-04-07,23123.6504
^NSEI,Nifty 50,Large Cap / Core,2026-04-08,23997.3496
^NSEI,Nifty 50,Large Cap / Core,2026-04-09,23775.0996
^NSEI,Nifty 50,Large Cap / Core,2026-04-10,24050.5996
^NSEI,Nifty 50,Large Cap / Core,2026-04-13,23842.6504
^NSEI,Nifty 50,Large Cap / Core,2026-04-15,24231.3008
^NSEI,Nifty 50,Large Cap / Core,2026-04-16,24196.75
^NSEI,Nifty 50,Large Cap / Core,2026-04-17,24353.5508
^NSEI,Nifty 50,Large Cap / Core,2026-04-20,24364.8496
^NSEI,Nifty 50,Large Cap / Core,2026-04-21,24576.5996
^NSEI,Nifty 50,Large Cap / Core,2026-04-22,24378.0996
^NSEI,Nifty 50,Large Cap / Core,2026-04-23,24173.0508
^NSEI,Nifty 50,Large Cap / Core,2026-04-24,23897.9492
^NSEI,Nifty 50,Large Cap / Core,2026-04-27,24092.6992
^NSEI,Nifty 50,Large Cap / Core,2026-04-28,23995.6992
^NSEI,Nifty 50,Large Cap / Core,2026-04-29,24177.6504
^NSEI,Nifty 50,Large Cap / Core,2026-04-30,23997.5508
^NSEI,Nifty 50,Large Cap / Core,2026-05-04,24119.3008
^NSEI,Nifty 50,Large Cap / Core,2026-05-05,24032.8008
^NSEI,Nifty 50,Large Cap / Core,2026-05-06,24330.9492
^NSEI,Nifty 50,Large Cap / Core,2026-05-07,24326.6504
^NSEI,Nifty 50,Large Cap / Core,2026-05-08,24176.1504
^NSEI,Nifty 50,Large Cap / Core,2026-05-11,23815.8496
^NSEI,Nifty 50,Large Cap / Core,2026-05-12,23379.5508
^NSEI,Nifty 50,Large Cap / Core,2026-05-13,23412.5996
^NSEI,Nifty 50,Large Cap / Core,2026-05-14,23689.5996
^NSEI,Nifty 50,Large Cap / Core,2026-05-15,23643.5
^NSEI,Nifty 50,Large Cap / Core,2026-05-18,23649.9492
^NSEI,Nifty 50,Large Cap / Core,2026-05-19,23618.0
^NSEI,Nifty 50,Large Cap / Core,2026-05-20,23659.0
^NSEI,Nifty 50,Large Cap / Core,2026-05-21,23654.6992
^NSEI,Nifty 50,Large Cap / Core,2026-05-22,23719.3008
^NSEI,Nifty 50,Large Cap / Core,2026-05-25,24031.6992
^NSEI,Nifty 50,Large Cap / Core,2026-05-26,23913.6992
^NSEI,Nifty 50,Large Cap / Core,2026-05-27,23907.1504
^NSEI,Nifty 50,Large Cap / Core,2026-05-29,23547.75
^NSEI,Nifty 50,Large Cap / Core,2026-06-01,23382.5996
^NSEI,Nifty 50,Large Cap / Core,2026-06-02,23483.5508
^NSEI,Nifty 50,Large Cap / Core,2026-06-03,23405.5996
^NSEI,Nifty 50,Large Cap / Core,2026-06-04,23416.5508
^NSEI,Nifty 50,Large Cap / Core,2026-06-05,23366.6992
^NSEI,Nifty 50,Large Cap / Core,2026-06-08,23123.0
^NSEI,Nifty 50,Large Cap / Core,2026-06-09,23242.0996
^NSEI,Nifty 50,Large Cap / Core,2026-06-10,23214.9492
^NSEI,Nifty 50,Large Cap / Core,2026-06-11,23161.5996
^NSEI,Nifty 50,Large Cap / Core,2026-06-12,23622.9004
^NSEI,Nifty 50,Large Cap / Core,2026-06-15,23853.9004
^NSEI,Nifty 50,Large Cap / Core,2026-06-16,23989.1504
^NSEI,Nifty 50,Large Cap / Core,2026-06-17,24085.6992
^NSEI,Nifty 50,Large Cap / Core,2026-06-18,24168.0
^NSEI,Nifty 50,Large Cap / Core,2026-06-19,24013.0996
^NSEI,Nifty 50,Large Cap / Core,2026-06-22,24102.9004
^NSEI,Nifty 50,Large Cap / Core,2026-06-23,23824.0996
^NSEI,Nifty 50,Large Cap / Core,2026-06-24,24021.6504
^NSEI,Nifty 50,Large Cap / Core,2026-06-25,24056.0
^NSEI,Nifty 50,Large Cap / Core,2026-06-29,23946.25
^NSEI,Nifty 50,Large Cap / Core,2026-06-30,23865.75
^NSEI,Nifty 50,Large Cap / Core,2026-07-01,24005.8496
^NSEI,Nifty 50,Large Cap / Core,2026-07-02,24175.6992
^NSEI,Nifty 50,Large Cap / Core,2026-07-03,24270.8496
^NSEI,Nifty 50,Large Cap / Core,2026-07-06,24430.3496
^NSEI,Nifty 50,Large Cap / Core,2026-07-07,24398.6992
^NSEI,Nifty 50,Large Cap / Core,2026-07-08,23882.0508
^NSEI,Nifty 50,Large Cap / Core,2026-07-09,23962.8008
^NSEI,Nifty 50,Large Cap / Core,2026-07-10,24206.9004
^NSEI,Nifty 50,Large Cap / Core,2026-07-13,24211.0
^NSEI,Nifty 50,Large Cap / Core,2026-07-14,24052.0508
^NSEI,Nifty 50,Large Cap / Core,2026-07-15,24078.5
^NSEI,Nifty 50,Large Cap / Core,2026-07-16,24072.75
^NSEI,Nifty 50,Large Cap / Core,2026-07-17,24334.3008
^NSEI,Nifty 50,Large Cap / Core,2026-07-20,24238.5
^NSEI,Nifty 50,Large Cap / Core,2026-07-21,24187.6992
^NSEI,Nifty 50,Large Cap / Core,2026-07-22,23996.25
^NSEI,Nifty 50,Large Cap / Core,2026-07-23,23869.5996
^NSEI,Nifty 50,Large Cap / Core,2026-07-24,23767.4492
^NSEI,Nifty 50,Large Cap / Core,2026-07-27,23995.9492
^NSEI,Nifty 50,Large Cap / Core,2026-07-28,23985.3496
^NSEI,Nifty 50,Large Cap / Core,2026-07-29,24250.1992
^NSEI,Nifty 50,Large Cap / Core,2026-07-30,24317.1504
^NSEI,Nifty 50,Large Cap / Core,2026-07-31,24383.5996
^NSEI,Nifty 50,Large Cap / Core,2026-08-03,24774.3008
^NSEI,Nifty 50,Large Cap / Core,2026-08-04,24614.9004
^NSEI,Nifty 50,Large Cap / Core,2026-08-05,24624.6504
^NSEI,Nifty 50,Large Cap / Core,2026-08-06,24636.0
^NSEI,Nifty 50,Large Cap / Core,2026-08-07,24570.6504
^NSEI,Nifty 50,Large Cap / Core,2026-08-10,24583.8008
^NSEI,Nifty 50,Large Cap / Core,2026-08-11,24471.6992
^NSEI,Nifty 50,Large Cap / Core,2026-08-12,24435.9492
^NSEI,Nifty 50,Large Cap / Core,2026-08-13,24395.8496
^NSEI,Nifty 50,Large Cap / Core,2026-08-14,24366.0
^NSEI,Nifty 50,Large Cap / Core,2026-08-17,24287.6504
^NSEI,Nifty 50,Large Cap / Core,2026-08-18,24154.9004
^NSEI,Nifty 50,Large Cap / Core,2026-08-19,24078.3008
^NSEI,Nifty 50,Large Cap / Core,2026-08-20,24231.8496
^NSEI,Nifty 50,Large Cap / Core,2026-08-21,24252.0
^NSEI,Nifty 50,Large Cap / Core,2026-08-24,24219.0508
^NSEI,Nifty 50,Large Cap / Core,2026-08-25,24334.5508
^NSEI,Nifty 50,Large Cap / Core,2026-08-26,24207.75
^NSEI,Nifty 50,Large Cap / Core,2026-08-27,24090.8496
^NSEI,Nifty 50,Large Cap / Core,2026-08-28,24175.6504
^NSEI,Nifty 50,Large Cap / Core,2026-08-31,24080.4004
^NSEI,Nifty 50,Large Cap / Core,2026-09-01,24055.8008
^NSEI,Nifty 50,Large Cap / Core,2026-09-02,23914.4492
^NSEI,Nifty 50,Large Cap / Core,2026-09-03,23873.4492
^NSEI,Nifty 50,Large Cap / Core,2026-09-04,23897.6992
^NSEI,Nifty 50,Large Cap / Core,2026-09-07,23779.1504
^NSEI,Nifty 50,Large Cap / Core,2026-09-08,23635.0996
^NSEI,Nifty 50,Large Cap / Core,2026-09-09,23431.5
^NSEI,Nifty 50,Large Cap / Core,2026-09-10,23477.8008
^NSEI,Nifty 50,Large Cap / Core,2026-09-11,23398.0996
^NSEI,Nifty 50,Large Cap / Core,2026-09-15,23118.5996
^NSEI,Nifty 50,Large Cap / Core,2026-09-16,23217.5996
^NSEI,Nifty 50,Large Cap / Core,2026-09-17,23270.5996
^NSEI,Nifty 50,Large Cap / Core,2026-09-18,23346.4004
^NSEI,Nifty 50,Large Cap / Core,2026-09-21,23414.3008
^NSEI,Nifty 50,Large Cap / Core,2026-09-23,23446.8008
^NSEI,Nifty 50,Large Cap / Core,2026-09-24,23063.0996
^NSEMDCP50,Nifty Midcap 50,Mid Cap,2016-09-26,3974.7
^NSEMDCP50,Nifty Midcap 50,Mid Cap,2016-09-27,3967.3
^NSEMDCP50,Nifty Midcap 50,Mid Cap,2016-09-28,4041.8501
^NSEMDCP50,Nifty Midcap 50,Mid Cap,2016-09-29,3858.0
^NSEMDCP50,Nifty Midcap 50,Mid Cap,2016-09-30,3959.6499
^NSEMDCP50,Nifty Midcap 50,Mid Cap,2016-10-03,4075.45
^NSEMDCP50,Nifty Midcap 50,Mid Cap,2016-10-04,4111.1001
^NSEMDCP50,Nifty Midcap 50,Mid Cap,2016-10-05,4151.5
^NSEMDCP50,Nifty Midcap 50,Mid Cap,2016-10-06,4121.75
^NSEMDCP50,Nifty Midcap 50,Mid Cap,2016-10-07,4132.2002
^NSEMDCP50,Nifty Midcap 50,Mid Cap,2016-10-10,4135.4502
^NSEMDCP50,Nifty Midcap 50,Mid Cap,2016-10-13,4054.6499
^NSEMDCP50,Nifty Midcap 50,Mid Cap,2016-10-14,4096.25
^NSEMDCP50,Nifty Midcap 50,Mid Cap,2016-10-17,4026.1499
^NSEMDCP50,Nifty Midcap 50,Mid Cap,2016-10-18,4104.3999
^NSEMDCP50,Nifty Midcap 50,Mid Cap,2016-10-19,4101.2998
^NSEMDCP50,Nifty Midcap 50,Mid Cap,2016-10-20,4122.4502
^NSEMDCP50,Nifty Midcap 50,Mid Cap,2016-10-21,4147.1001
^NSEMDCP50,Nifty Midcap 50,Mid Cap,2016-10-24,4144.3501
^NSEMDCP50,Nifty Midcap 50,Mid Cap,2016-10-25,4150.3501
^NSEMDCP50,Nifty Midcap 50,Mid Cap,2016-10-26,4105.8501
^NSEMDCP50,Nifty Midcap 50,Mid Cap,2016-10-27,4054.8
^NSEMDCP50,Nifty Midcap 50,Mid Cap,2016-10-28,4099.5
^NSEMDCP50,Nifty Midcap 50,Mid Cap,2016-11-01,4113.2998
^NSEMDCP50,Nifty Midcap 50,Mid Cap,2016-11-02,4013.95
^NSEMDCP50,Nifty Midcap 50,Mid Cap,2016-11-03,3955.6001
^NSEMDCP50,Nifty Midcap 50,Mid Cap,2016-11-04,3889.6001
^NSEMDCP50,Nifty Midcap 50,Mid Cap,2016-11-07,3931.75
^NSEMDCP50,Nifty Midcap 50,Mid Cap,2016-11-08,3946.8501
^NSEMDCP50,Nifty Midcap 50,Mid Cap,2016-11-09,3855.3
^NSEMDCP50,Nifty Midcap 50,Mid Cap,2016-11-10,3960.25
^NSEMDCP50,Nifty Midcap 50,Mid Cap,2016-11-11,3790.55
^NSEMDCP50,Nifty Midcap 50,Mid Cap,2016-11-15,3643.3999
^NSEMDCP50,Nifty Midcap 50,Mid Cap,2016-11-16,3647.75
^NSEMDCP50,Nifty Midcap 50,Mid Cap,2016-11-17,3641.3999
^NSEMDCP50,Nifty Midcap 50,Mid Cap,2016-11-18,3650.25
^NSEMDCP50,Nifty Midcap 50,Mid Cap,2016-11-21,3522.25
^NSEMDCP50,Nifty Midcap 50,Mid Cap,2016-11-22,3571.25
^NSEMDCP50,Nifty Midcap 50,Mid Cap,2016-11-23,3604.6001
^NSEMDCP50,Nifty Midcap 50,Mid Cap,2016-11-24,3565.6001
^NSEMDCP50,Nifty Midcap 50,Mid Cap,2016-11-25,3639.05
^NSEMDCP50,Nifty Midcap 50,Mid Cap,2016-11-28,3660.8501
^NSEMDCP50,Nifty Midcap 50,Mid Cap,2016-11-29,3689.45
^NSEMDCP50,Nifty Midcap 50,Mid Cap,2016-11-30,3750.1001
^NSEMDCP50,Nifty Midcap 50,Mid Cap,2016-12-01,3699.45
^NSEMDCP50,Nifty Midcap 50,Mid Cap,2016-12-02,3634.5
^NSEMDCP50,Nifty Midcap 50,Mid Cap,2016-12-05,3666.3501
^NSEMDCP50,Nifty Midcap 50,Mid Cap,2016-12-06,3691.5
^NSEMDCP50,Nifty Midcap 50,Mid Cap,2016-12-07,3675.0
^NSEMDCP50,Nifty Midcap 50,Mid Cap,2016-12-08,3743.1001
^NSEMDCP50,Nifty Midcap 50,Mid Cap,2016-12-09,3784.45
^NSEMDCP50,Nifty Midcap 50,Mid Cap,2016-12-12,3723.0
^NSEMDCP50,Nifty Midcap 50,Mid Cap,2016-12-13,3726.25
^NSEMDCP50,Nifty Midcap 50,Mid Cap,2016-12-14,3703.5
^NSEMDCP50,Nifty Midcap 50,Mid Cap,2016-12-15,3724.6001
^NSEMDCP50,Nifty Midcap 50,Mid Cap,2016-12-16,3708.55
^NSEMDCP50,Nifty Midcap 50,Mid Cap,2016-12-19,3706.95
^NSEMDCP50,Nifty Midcap 50,Mid Cap,2016-12-20,3644.8
^NSEMDCP50,Nifty Midcap 50,Mid Cap,2016-12-21,3649.2
^NSEMDCP50,Nifty Midcap 50,Mid Cap,2016-12-22,3600.55
^NSEMDCP50,Nifty Midcap 50,Mid Cap,2016-12-23,3599.3999
^NSEMDCP50,Nifty Midcap 50,Mid Cap,2016-12-27,3564.45
^NSEMDCP50,Nifty Midcap 50,Mid Cap,2016-12-28,3576.3
^NSEMDCP50,Nifty Midcap 50,Mid Cap,2016-12-29,3642.1001
^NSEMDCP50,Nifty Midcap 50,Mid Cap,2016-12-30,3662.3
^NSEMDCP50,Nifty Midcap 50,Mid Cap,2017-01-03,3719.0
^NSEMDCP50,Nifty Midcap 50,Mid Cap,2017-01-04,3720.75
^NSEMDCP50,Nifty Midcap 50,Mid Cap,2017-01-05,3779.1001
^NSEMDCP50,Nifty Midcap 50,Mid Cap,2017-01-06,3766.7
^NSEMDCP50,Nifty Midcap 50,Mid Cap,2017-01-09,3780.05
^NSEMDCP50,Nifty Midcap 50,Mid Cap,2017-01-10,3793.8999
^NSEMDCP50,Nifty Midcap 50,Mid Cap,2017-01-11,3855.7
^NSEMDCP50,Nifty Midcap 50,Mid Cap,2017-01-12,3852.1499
^NSEMDCP50,Nifty Midcap 50,Mid Cap,2017-01-13,3837.7
^NSEMDCP50,Nifty Midcap 50,Mid Cap,2017-01-16,3853.1001
^NSEMDCP50,Nifty Midcap 50,Mid Cap,2017-01-17,3862.95
^NSEMDCP50,Nifty Midcap 50,Mid Cap,2017-01-18,3881.7
^NSEMDCP50,Nifty Midcap 50,Mid Cap,2017-01-19,3891.8
^NSEMDCP50,Nifty Midcap 50,Mid Cap,2017-01-20,3814.05
^NSEMDCP50,Nifty Midcap 50,Mid Cap,2017-01-23,3829.3501
^NSEMDCP50,Nifty Midcap 50,Mid Cap,2017-01-24,3872.3999
^NSEMDCP50,Nifty Midcap 50,Mid Cap,2017-01-25,3916.3
^NSEMDCP50,Nifty Midcap 50,Mid Cap,2017-01-27,3946.2
^NSEMDCP50,Nifty Midcap 50,Mid Cap,2017-01-30,3940.75
^NSEMDCP50,Nifty Midcap 50,Mid Cap,2017-01-31,3866.5
^NSEMDCP50,Nifty Midcap 50,Mid Cap,2017-02-01,3954.1001
^NSEMDCP50,Nifty Midcap 50,Mid Cap,2017-02-02,3994.05
^NSEMDCP50,Nifty Midcap 50,Mid Cap,2017-02-03,4061.6499
^NSEMDCP50,Nifty Midcap 50,Mid Cap,2017-02-06,4086.95
^NSEMDCP50,Nifty Midcap 50,Mid Cap,2017-02-07,4063.2
^NSEMDCP50,Nifty Midcap 50,Mid Cap,2017-02-08,4101.2002
^NSEMDCP50,Nifty Midcap 50,Mid Cap,2017-02-09,4119.3999
^NSEMDCP50,Nifty Midcap 50,Mid Cap,2017-02-10,4119.7002
^NSEMDCP50,Nifty Midcap 50,Mid Cap,2017-02-13,4081.2
^NSEMDCP50,Nifty Midcap 50,Mid Cap,2017-02-14,4079.45
^NSEMDCP50,Nifty Midcap 50,Mid Cap,2017-02-15,4007.1001
^NSEMDCP50,Nifty Midcap 50,Mid Cap,2017-02-16,4069.45
^NSEMDCP50,Nifty Midcap 50,Mid Cap,2017-02-17,4094.3
^NSEMDCP50,Nifty Midcap 50,Mid Cap,2017-02-20,4145.7002
^NSEMDCP50,Nifty Midcap 50,Mid Cap,2017-02-21,4176.4502
^NSEMDCP50,Nifty Midcap 50,Mid Cap,2017-02-22,4143.3501
^NSEMDCP50,Nifty Midcap 50,Mid Cap,2017-02-23,4150.75
^NSEMDCP50,Nifty Midcap 50,Mid Cap,2017-02-27,4155.7002
^NSEMDCP50,Nifty Midcap 50,Mid Cap,2017-02-28,4187.25
^NSEMDCP50,Nifty Midcap 50,Mid Cap,2017-03-01,4199.3501
^NSEMDCP50,Nifty Midcap 50,Mid Cap,2017-03-02,4113.4502
^NSEMDCP50,Nifty Midcap 50,Mid Cap,2017-03-03,4150.5
^NSEMDCP50,Nifty Midcap 50,Mid Cap,2017-03-06,4185.2002
^NSEMDCP50,Nifty Midcap 50,Mid Cap,2017-03-07,4183.2002
^NSEMDCP50,Nifty Midcap 50,Mid Cap,2017-03-08,4138.4502
^NSEMDCP50,Nifty Midcap 50,Mid Cap,2017-03-09,4142.2998
^NSEMDCP50,Nifty Midcap 50,Mid Cap,2017-03-10,4131.7998
^NSEMDCP50,Nifty Midcap 50,Mid Cap,2017-03-14,4201.1499
^NSEMDCP50,Nifty Midcap 50,Mid Cap,2017-03-15,4256.1001
^NSEMDCP50,Nifty Midcap 50,Mid Cap,2017-03-16,4327.2998
^NSEMDCP50,Nifty Midcap 50,Mid Cap,2017-03-17,4320.2998
^NSEMDCP50,Nifty Midcap 50,Mid Cap,2017-03-20,4337.25
^NSEMDCP50,Nifty Midcap 50,Mid Cap,2017-03-21,4334.6499
^NSEMDCP50,Nifty Midcap 50,Mid Cap,2017-03-22,4267.4502
^NSEMDCP50,Nifty Midcap 50,Mid Cap,2017-03-23,4310.2998
^NSEMDCP50,Nifty Midcap 50,Mid Cap,2017-03-24,4328.6499
^NSEMDCP50,Nifty Midcap 50,Mid Cap,2017-03-27,4328.0
^NSEMDCP50,Nifty Midcap 50,Mid Cap,2017-03-28,4346.9502
^NSEMDCP50,Nifty Midcap 50,Mid Cap,2017-03-29,4368.75
^NSEMDCP50,Nifty Midcap 50,Mid Cap,2017-03-30,4364.6499
^NSEMDCP50,Nifty Midcap 50,Mid Cap,2017-03-31,4383.6499
^NSEMDCP50,Nifty Midcap 50,Mid Cap,2017-04-03,4423.4502
^NSEMDCP50,Nifty Midcap 50,Mid Cap,2017-04-05,4446.2998
^NSEMDCP50,Nifty Midcap 50,Mid Cap,2017-04-06,4444.5
^NSEMDCP50,Nifty Midcap 50,Mid Cap,2017-04-07,4405.6001
^NSEMDCP50,Nifty Midcap 50,Mid Cap,2017-04-10,4435.8501
^NSEMDCP50,Nifty Midcap 50,Mid Cap,2017-04-11,4474.8501
^NSEMDCP50,Nifty Midcap 50,Mid Cap,2017-04-12,4427.9502
^NSEMDCP50,Nifty Midcap 50,Mid Cap,2017-04-13,4410.5498
^NSEMDCP50,Nifty Midcap 50,Mid Cap,2017-04-17,4432.8501
^NSEMDCP50,Nifty Midcap 50,Mid Cap,2017-04-18,4416.25
^NSEMDCP50,Nifty Midcap 50,Mid Cap,2017-04-19,4450.8999
^NSEMDCP50,Nifty Midcap 50,Mid Cap,2017-04-20,4509.2998
^NSEMDCP50,Nifty Midcap 50,Mid Cap,2017-04-21,4505.4502
^NSEMDCP50,Nifty Midcap 50,Mid Cap,2017-04-24,4547.3501
^NSEMDCP50,Nifty Midcap 50,Mid Cap,2017-04-25,4589.6001
^NSEMDCP50,Nifty Midcap 50,Mid Cap,2017-04-26,4583.1001
^NSEMDCP50,Nifty Midcap 50,Mid Cap,2017-04-27,4607.3999
^NSEMDCP50,Nifty Midcap 50,Mid Cap,2017-04-28,4658.3501
^NSEMDCP50,Nifty Midcap 50,Mid Cap,2017-05-02,4685.75
^NSEMDCP50,Nifty Midcap 50,Mid Cap,2017-05-03,4662.25
^NSEMDCP50,Nifty Midcap 50,Mid Cap,2017-05-04,4689.7998
^NSEMDCP50,Nifty Midcap 50,Mid Cap,2017-05-05,4646.0
^NSEMDCP50,Nifty Midcap 50,Mid Cap,2017-05-08,4676.2998
^NSEMDCP50,Nifty Midcap 50,Mid Cap,2017-05-09,4679.3999
^NSEMDCP50,Nifty Midcap 50,Mid Cap,2017-05-10,4697.3999
^NSEMDCP50,Nifty Midcap 50,Mid Cap,2017-05-11,4699.4502
^NSEMDCP50,Nifty Midcap 50,Mid Cap,2017-05-12,4660.7998
^NSEMDCP50,Nifty Midcap 50,Mid Cap,2017-05-15,4710.3999
^NSEMDCP50,Nifty Midcap 50,Mid Cap,2017-05-16,4728.2002
^NSEMDCP50,Nifty Midcap 50,Mid Cap,2017-05-17,4720.3999
^NSEMDCP50,Nifty Midcap 50,Mid Cap,2017-05-18,4581.5
^NSEMDCP50,Nifty Midcap 50,Mid Cap,2017-05-19,4563.4502
^NSEMDCP50,Nifty Midcap 50,Mid Cap,2017-05-22,4496.75
^NSEMDCP50,Nifty Midcap 50,Mid Cap,2017-05-23,4405.5498
^NSEMDCP50,Nifty Midcap 50,Mid Cap,2017-05-24,4332.1499
^NSEMDCP50,Nifty Midcap 50,Mid Cap,2017-05-25,4415.2002
^NSEMDCP50,Nifty Midcap 50,Mid Cap,2017-05-26,4491.1001
^NSEMDCP50,Nifty Midcap 50,Mid Cap,2017-05-29,4398.5
^NSEMDCP50,Nifty Midcap 50,Mid Cap,2017-05-30,4447.3999
^NSEMDCP50,Nifty Midcap 50,Mid Cap,2017-05-31,4487.3501
^NSEMDCP50,Nifty Midcap 50,Mid Cap,2017-06-01,4535.1001
^NSEMDCP50,Nifty Midcap 50,Mid Cap,2017-06-02,4568.2002
^NSEMDCP50,Nifty Midcap 50,Mid Cap,2017-06-05,4582.9502
^NSEMDCP50,Nifty Midcap 50,Mid Cap,2017-06-06,4549.6001
^NSEMDCP50,Nifty Midcap 50,Mid Cap,2017-06-07,4579.75
^NSEMDCP50,Nifty Midcap 50,Mid Cap,2017-06-08,4589.2998
^NSEMDCP50,Nifty Midcap 50,Mid Cap,2017-06-09,4614.0
^NSEMDCP50,Nifty Midcap 50,Mid Cap,2017-06-12,4573.3999
^NSEMDCP50,Nifty Midcap 50,Mid Cap,2017-06-13,4578.75
^NSEMDCP50,Nifty Midcap 50,Mid Cap,2017-06-14,4595.8501
^NSEMDCP50,Nifty Midcap 50,Mid Cap,2017-06-15,4611.6499
^NSEMDCP50,Nifty Midcap 50,Mid Cap,2017-06-16,4612.2998
^NSEMDCP50,Nifty Midcap 50,Mid Cap,2017-06-19,4607.1499
^NSEMDCP50,Nifty Midcap 50,Mid Cap,2017-06-20,4610.3501
^NSEMDCP50,Nifty Midcap 50,Mid Cap,2017-06-21,4611.2998
^NSEMDCP50,Nifty Midcap 50,Mid Cap,2017-06-22,4579.3999
^NSEMDCP50,Nifty Midcap 50,Mid Cap,2017-06-23,4517.1001
^NSEMDCP50,Nifty Midcap 50,Mid Cap,2017-06-27,4455.25
^NSEMDCP50,Nifty Midcap 50,Mid Cap,2017-06-28,4473.75
^NSEMDCP50,Nifty Midcap 50,Mid Cap,2017-06-29,4499.0
^NSEMDCP50,Nifty Midcap 50,Mid Cap,2017-06-30,4519.75
^NSEMDCP50,Nifty Midcap 50,Mid Cap,2017-07-03,4577.3501
^NSEMDCP50,Nifty Midcap 50,Mid Cap,2017-07-04,4569.8999
^NSEMDCP50,Nifty Midcap 50,Mid Cap,2017-07-05,4638.3999
^NSEMDCP50,Nifty Midcap 50,Mid Cap,2017-07-06,4641.0
^NSEMDCP50,Nifty Midcap 50,Mid Cap,2017-07-07,4647.8501
^NSEMDCP50,Nifty Midcap 50,Mid Cap,2017-07-10,4664.0498
^NSEMDCP50,Nifty Midcap 50,Mid Cap,2017-07-11,4617.4502
^NSEMDCP50,Nifty Midcap 50,Mid Cap,2017-07-12,4675.3501
^NSEMDCP50,Nifty Midcap 50,Mid Cap,2017-07-13,4687.3501
^NSEMDCP50,Nifty Midcap 50,Mid Cap,2017-07-14,4709.7002
^NSEMDCP50,Nifty Midcap 50,Mid Cap,2017-07-17,4718.3501
^NSEMDCP50,Nifty Midcap 50,Mid Cap,2017-07-18,4699.8501
^NSEMDCP50,Nifty Midcap 50,Mid Cap,2017-07-19,4738.8999
^NSEMDCP50,Nifty Midcap 50,Mid Cap,2017-07-20,4715.2002
^NSEMDCP50,Nifty Midcap 50,Mid Cap,2017-07-21,4707.8999
^NSEMDCP50,Nifty Midcap 50,Mid Cap,2017-07-24,4720.8999
^NSEMDCP50,Nifty Midcap 50,Mid Cap,2017-07-25,4760.5498
^NSEMDCP50,Nifty Midcap 50,Mid Cap,2017-07-26,4770.6001
^NSEMDCP50,Nifty Midcap 50,Mid Cap,2017-07-27,4746.25
^NSEMDCP50,Nifty Midcap 50,Mid Cap,2017-07-28,4790.5
^NSEMDCP50,Nifty Midcap 50,Mid Cap,2017-07-31,4792.6499
^NSEMDCP50,Nifty Midcap 50,Mid Cap,2017-08-01,4798.0498
^NSEMDCP50,Nifty Midcap 50,Mid Cap,2017-08-02,4803.0
^NSEMDCP50,Nifty Midcap 50,Mid Cap,2017-08-03,4726.7002
^NSEMDCP50,Nifty Midcap 50,Mid Cap,2017-08-04,4737.2002
^NSEMDCP50,Nifty Midcap 50,Mid Cap,2017-08-07,4799.0498
^NSEMDCP50,Nifty Midcap 50,Mid Cap,2017-08-08,4754.1001
^NSEMDCP50,Nifty Midcap 50,Mid Cap,2017-08-09,4665.7998
^NSEMDCP50,Nifty Midcap 50,Mid Cap,2017-08-10,4514.9502
^NSEMDCP50,Nifty Midcap 50,Mid Cap,2017-08-11,4490.4502
^NSEMDCP50,Nifty Midcap 50,Mid Cap,2017-08-14,4628.0
^NSEMDCP50,Nifty Midcap 50,Mid Cap,2017-08-16,4687.3501
^NSEMDCP50,Nifty Midcap 50,Mid Cap,2017-08-17,4675.7998
^NSEMDCP50,Nifty Midcap 50,Mid Cap,2017-08-18,4654.75
^NSEMDCP50,Nifty Midcap 50,Mid Cap,2017-08-21,4577.9502
^NSEMDCP50,Nifty Midcap 50,Mid Cap,2017-08-22,4544.75
^NSEMDCP50,Nifty Midcap 50,Mid Cap,2017-08-23,4603.8501
^NSEMDCP50,Nifty Midcap 50,Mid Cap,2017-08-24,4620.1499
^NSEMDCP50,Nifty Midcap 50,Mid Cap,2017-08-28,4682.7998
^NSEMDCP50,Nifty Midcap 50,Mid Cap,2017-08-29,4623.5
^NSEMDCP50,Nifty Midcap 50,Mid Cap,2017-08-30,4691.0498
^NSEMDCP50,Nifty Midcap 50,Mid Cap,2017-08-31,4707.7002
^NSEMDCP50,Nifty Midcap 50,Mid Cap,2017-09-01,4771.0
^NSEMDCP50,Nifty Midcap 50,Mid Cap,2017-09-05,4781.0
^NSEMDCP50,Nifty Midcap 50,Mid Cap,2017-09-06,4797.3501
^NSEMDCP50,Nifty Midcap 50,Mid Cap,2017-09-07,4817.8999
^NSEMDCP50,Nifty Midcap 50,Mid Cap,2017-09-08,4821.5
^NSEMDCP50,Nifty Midcap 50,Mid Cap,2017-09-11,4860.0498
^NSEMDCP50,Nifty Midcap 50,Mid Cap,2017-09-12,4929.25
^NSEMDCP50,Nifty Midcap 50,Mid Cap,2017-09-13,4882.5498
^NSEMDCP50,Nifty Midcap 50,Mid Cap,2017-09-14,4927.4502
^NSEMDCP50,Nifty Midcap 50,Mid Cap,2017-09-15,4929.0
^NSEMDCP50,Nifty Midcap 50,Mid Cap,2017-09-18,4977.75
^NSEMDCP50,Nifty Midcap 50,Mid Cap,2017-09-19,4983.5498
^NSEMDCP50,Nifty Midcap 50,Mid Cap,2017-09-20,4969.2998
^NSEMDCP50,Nifty Midcap 50,Mid Cap,2017-09-21,4933.8501
^NSEMDCP50,Nifty Midcap 50,Mid Cap,2017-09-22,4778.6001
^NSEMDCP50,Nifty Midcap 50,Mid Cap,2017-09-25,4711.2002
^NSEMDCP50,Nifty Midcap 50,Mid Cap,2017-09-26,4748.3999
^NSEMDCP50,Nifty Midcap 50,Mid Cap,2017-09-27,4641.6499
^NSEMDCP50,Nifty Midcap 50,Mid Cap,2017-09-28,4658.6499
^NSEMDCP50,Nifty Midcap 50,Mid Cap,2017-09-29,4687.5
^NSEMDCP50,Nifty Midcap 50,Mid Cap,2017-10-03,4723.6499
^NSEMDCP50,Nifty Midcap 50,Mid Cap,2017-10-04,4730.6499
^NSEMDCP50,Nifty Midcap 50,Mid Cap,2017-10-05,4762.0498
^NSEMDCP50,Nifty Midcap 50,Mid Cap,2017-10-06,4825.7998
^NSEMDCP50,Nifty Midcap 50,Mid Cap,2017-10-09,4832.7002
^NSEMDCP50,Nifty Midcap 50,Mid Cap,2017-10-10,4883.2998
^NSEMDCP50,Nifty Midcap 50,Mid Cap,2017-10-11,4824.1001
^NSEMDCP50,Nifty Midcap 50,Mid Cap,2017-10-12,4886.6001
^NSEMDCP50,Nifty Midcap 50,Mid Cap,2017-10-13,4878.2998
^NSEMDCP50,Nifty Midcap 50,Mid Cap,2017-10-16,4914.0498
^NSEMDCP50,Nifty Midcap 50,Mid Cap,2017-10-17,4930.7998
^NSEMDCP50,Nifty Midcap 50,Mid Cap,2017-10-18,4920.8999
^NSEMDCP50,Nifty Midcap 50,Mid Cap,2017-10-19,4883.0498
^NSEMDCP50,Nifty Midcap 50,Mid Cap,2017-10-23,4918.9502
^NSEMDCP50,Nifty Midcap 50,Mid Cap,2017-10-24,4955.0498
^NSEMDCP50,Nifty Midcap 50,Mid Cap,2017-10-25,5025.0
^NSEMDCP50,Nifty Midcap 50,Mid Cap,2017-10-26,5053.7002
^NSEMDCP50,Nifty Midcap 50,Mid Cap,2017-10-27,5052.8999
^NSEMDCP50,Nifty Midcap 50,Mid Cap,2017-10-30,5116.2998
^NSEMDCP50,Nifty Midcap 50,Mid Cap,2017-10-31,5123.6499
^NSEMDCP50,Nifty Midcap 50,Mid Cap,2017-11-01,5148.9502
^NSEMDCP50,Nifty Midcap 50,Mid Cap,2017-11-02,5154.6001
^NSEMDCP50,Nifty Midcap 50,Mid Cap,2017-11-03,5168.9502
^NSEMDCP50,Nifty Midcap 50,Mid Cap,2017-11-06,5172.7998
^NSEMDCP50,Nifty Midcap 50,Mid Cap,2017-11-07,5078.7998
^NSEMDCP50,Nifty Midcap 50,Mid Cap,2017-11-08,5041.6001
^NSEMDCP50,Nifty Midcap 50,Mid Cap,2017-11-09,5107.6001
^NSEMDCP50,Nifty Midcap 50,Mid Cap,2017-11-10,5112.1001
^NSEMDCP50,Nifty Midcap 50,Mid Cap,2017-11-13,5088.75
^NSEMDCP50,Nifty Midcap 50,Mid Cap,2017-11-14,5080.5
^NSEMDCP50,Nifty Midcap 50,Mid Cap,2017-11-15,5023.6001
^NSEMDCP50,Nifty Midcap 50,Mid Cap,2017-11-16,5099.0
^NSEMDCP50,Nifty Midcap 50,Mid Cap,2017-11-17,5140.75
^NSEMDCP50,Nifty Midcap 50,Mid Cap,2017-11-20,5185.7002
^NSEMDCP50,Nifty Midcap 50,Mid Cap,2017-11-21,5183.0498
^NSEMDCP50,Nifty Midcap 50,Mid Cap,2017-11-22,5187.7998
^NSEMDCP50,Nifty Midcap 50,Mid Cap,2017-11-23,5198.3999
^NSEMDCP50,Nifty Midcap 50,Mid Cap,2017-11-24,5226.6499
^NSEMDCP50,Nifty Midcap 50,Mid Cap,2017-11-27,5279.2002
^NSEMDCP50,Nifty Midcap 50,Mid Cap,2017-11-28,5288.0498
^NSEMDCP50,Nifty Midcap 50,Mid Cap,2017-11-29,5262.1499
^NSEMDCP50,Nifty Midcap 50,Mid Cap,2017-11-30,5212.2002
^NSEMDCP50,Nifty Midcap 50,Mid Cap,2017-12-01,5148.25
^NSEMDCP50,Nifty Midcap 50,Mid Cap,2017-12-04,5140.7002
^NSEMDCP50,Nifty Midcap 50,Mid Cap,2017-12-05,5155.9502
^NSEMDCP50,Nifty Midcap 50,Mid Cap,2017-12-06,5113.75
^NSEMDCP50,Nifty Midcap 50,Mid Cap,2017-12-07,5195.9502
^NSEMDCP50,Nifty Midcap 50,Mid Cap,2017-12-08,5228.3501
^NSEMDCP50,Nifty Midcap 50,Mid Cap,2017-12-11,5276.6001
^NSEMDCP50,Nifty Midcap 50,Mid Cap,2017-12-12,5228.2002
^NSEMDCP50,Nifty Midcap 50,Mid Cap,2017-12-13,5163.1499
^NSEMDCP50,Nifty Midcap 50,Mid Cap,2017-12-14,5161.0498
^NSEMDCP50,Nifty Midcap 50,Mid Cap,2017-12-15,5229.4502
^NSEMDCP50,Nifty Midcap 50,Mid Cap,2017-12-18,5277.6499
^NSEMDCP50,Nifty Midcap 50,Mid Cap,2017-12-19,5367.6001
^NSEMDCP50,Nifty Midcap 50,Mid Cap,2017-12-20,5384.0
^NSEMDCP50,Nifty Midcap 50,Mid Cap,2017-12-21,5437.4502
^NSEMDCP50,Nifty Midcap 50,Mid Cap,2017-12-22,5453.8999
^NSEMDCP50,Nifty Midcap 50,Mid Cap,2017-12-26,5478.7998
^NSEMDCP50,Nifty Midcap 50,Mid Cap,2017-12-27,5493.7002
^NSEMDCP50,Nifty Midcap 50,Mid Cap,2017-12-28,5499.3999
^NSEMDCP50,Nifty Midcap 50,Mid Cap,2017-12-29,5540.1499
^NSEMDCP50,Nifty Midcap 50,Mid Cap,2018-01-02,5478.3501
^NSEMDCP50,Nifty Midcap 50,Mid Cap,2018-01-03,5513.0498
^NSEMDCP50,Nifty Midcap 50,Mid Cap,2018-01-04,5560.9502
^NSEMDCP50,Nifty Midcap 50,Mid Cap,2018-01-05,5635.7002
^NSEMDCP50,Nifty Midcap 50,Mid Cap,2018-01-08,5702.7002
^NSEMDCP50,Nifty Midcap 50,Mid Cap,2018-01-09,5671.7002
^NSEMDCP50,Nifty Midcap 50,Mid Cap,2018-01-10,5625.1499
^NSEMDCP50,Nifty Midcap 50,Mid Cap,2018-01-11,5660.9502
^NSEMDCP50,Nifty Midcap 50,Mid Cap,2018-01-12,5647.75
^NSEMDCP50,Nifty Midcap 50,Mid Cap,2018-01-15,5641.0498
^NSEMDCP50,Nifty Midcap 50,Mid Cap,2018-01-16,5505.25
^NSEMDCP50,Nifty Midcap 50,Mid Cap,2018-01-17,5554.8999
^NSEMDCP50,Nifty Midcap 50,Mid Cap,2018-01-18,5427.75
^NSEMDCP50,Nifty Midcap 50,Mid Cap,2018-01-19,5469.5498
^NSEMDCP50,Nifty Midcap 50,Mid Cap,2018-01-22,5510.7998
^NSEMDCP50,Nifty Midcap 50,Mid Cap,2018-01-23,5573.3999
^NSEMDCP50,Nifty Midcap 50,Mid Cap,2018-01-24,5530.9502
^NSEMDCP50,Nifty Midcap 50,Mid Cap,2018-01-25,5468.6499
^NSEMDCP50,Nifty Midcap 50,Mid Cap,2018-01-29,5437.3501
^NSEMDCP50,Nifty Midcap 50,Mid Cap,2018-01-30,5410.6001
^NSEMDCP50,Nifty Midcap 50,Mid Cap,2018-01-31,5353.9502
^NSEMDCP50,Nifty Midcap 50,Mid Cap,2018-02-01,5350.0498
^NSEMDCP50,Nifty Midcap 50,Mid Cap,2018-02-02,5065.8501
^NSEMDCP50,Nifty Midcap 50,Mid Cap,2018-02-05,5084.2002
^NSEMDCP50,Nifty Midcap 50,Mid Cap,2018-02-06,5009.3999
^NSEMDCP50,Nifty Midcap 50,Mid Cap,2018-02-07,5041.8501
^NSEMDCP50,Nifty Midcap 50,Mid Cap,2018-02-08,5171.9502
^NSEMDCP50,Nifty Midcap 50,Mid Cap,2018-02-09,5172.0498
^NSEMDCP50,Nifty Midcap 50,Mid Cap,2018-02-12,5257.3999
^NSEMDCP50,Nifty Midcap 50,Mid Cap,2018-02-14,5254.75
^NSEMDCP50,Nifty Midcap 50,Mid Cap,2018-02-15,5200.3999
^NSEMDCP50,Nifty Midcap 50,Mid Cap,2018-02-16,5131.25
^NSEMDCP50,Nifty Midcap 50,Mid Cap,2018-02-19,5071.7002
^NSEMDCP50,Nifty Midcap 50,Mid Cap,2018-02-20,5065.3501
^NSEMDCP50,Nifty Midcap 50,Mid Cap,2018-02-21,5077.6001
^NSEMDCP50,Nifty Midcap 50,Mid Cap,2018-02-22,5052.9502
^NSEMDCP50,Nifty Midcap 50,Mid Cap,2018-02-23,5185.6499
^NSEMDCP50,Nifty Midcap 50,Mid Cap,2018-02-26,5233.5498
^NSEMDCP50,Nifty Midcap 50,Mid Cap,2018-02-27,5195.7002
^NSEMDCP50,Nifty Midcap 50,Mid Cap,2018-02-28,5192.9502
^NSEMDCP50,Nifty Midcap 50,Mid Cap,2018-03-01,5162.7002
^NSEMDCP50,Nifty Midcap 50,Mid Cap,2018-03-05,5106.1001
^NSEMDCP50,Nifty Midcap 50,Mid Cap,2018-03-06,5046.0498
^NSEMDCP50,Nifty Midcap 50,Mid Cap,2018-03-07,4953.6001
^NSEMDCP50,Nifty Midcap 50,Mid Cap,2018-03-08,4996.7002
^NSEMDCP50,Nifty Midcap 50,Mid Cap,2018-03-09,4959.8501
^NSEMDCP50,Nifty Midcap 50,Mid Cap,2018-03-12,5007.1001
^NSEMDCP50,Nifty Midcap 50,Mid Cap,2018-03-13,5057.0
^NSEMDCP50,Nifty Midcap 50,Mid Cap,2018-03-14,5080.7998
^NSEMDCP50,Nifty Midcap 50,Mid Cap,2018-03-15,5090.8999
^NSEMDCP50,Nifty Midcap 50,Mid Cap,2018-03-16,5037.0
^NSEMDCP50,Nifty Midcap 50,Mid Cap,2018-03-19,4942.2002
^NSEMDCP50,Nifty Midcap 50,Mid Cap,2018-03-20,4966.1001
^NSEMDCP50,Nifty Midcap 50,Mid Cap,2018-03-21,4969.9502
^NSEMDCP50,Nifty Midcap 50,Mid Cap,2018-03-22,4922.7002
^NSEMDCP50,Nifty Midcap 50,Mid Cap,2018-03-23,4842.7998
^NSEMDCP50,Nifty Midcap 50,Mid Cap,2018-03-26,4930.9502
^NSEMDCP50,Nifty Midcap 50,Mid Cap,2018-03-27,5013.5
^NSEMDCP50,Nifty Midcap 50,Mid Cap,2018-03-28,4975.2998
^NSEMDCP50,Nifty Midcap 50,Mid Cap,2018-04-02,5078.1001
^NSEMDCP50,Nifty Midcap 50,Mid Cap,2018-04-03,5141.3501
^NSEMDCP50,Nifty Midcap 50,Mid Cap,2018-04-04,5084.2002
^NSEMDCP50,Nifty Midcap 50,Mid Cap,2018-04-05,5210.3999
^NSEMDCP50,Nifty Midcap 50,Mid Cap,2018-04-06,5246.6001
^NSEMDCP50,Nifty Midcap 50,Mid Cap,2018-04-09,5276.6499
^NSEMDCP50,Nifty Midcap 50,Mid Cap,2018-04-10,5290.3501
^NSEMDCP50,Nifty Midcap 50,Mid Cap,2018-04-11,5288.3999
^NSEMDCP50,Nifty Midcap 50,Mid Cap,2018-04-12,5280.5
^NSEMDCP50,Nifty Midcap 50,Mid Cap,2018-04-13,5329.1499
^NSEMDCP50,Nifty Midcap 50,Mid Cap,2018-04-16,5375.7998
^NSEMDCP50,Nifty Midcap 50,Mid Cap,2018-04-17,5376.2998
^NSEMDCP50,Nifty Midcap 50,Mid Cap,2018-04-18,5361.9502
^NSEMDCP50,Nifty Midcap 50,Mid Cap,2018-04-19,5401.2998
^NSEMDCP50,Nifty Midcap 50,Mid Cap,2018-04-20,5373.1001
^NSEMDCP50,Nifty Midcap 50,Mid Cap,2018-04-23,5386.0498
^NSEMDCP50,Nifty Midcap 50,Mid Cap,2018-04-24,5374.2998
^NSEMDCP50,Nifty Midcap 50,Mid Cap,2018-04-25,5351.25
^NSEMDCP50,Nifty Midcap 50,Mid Cap,2018-04-26,5371.8999
^NSEMDCP50,Nifty Midcap 50,Mid Cap,2018-04-27,5424.5
^NSEMDCP50,Nifty Midcap 50,Mid Cap,2018-04-30,5461.25
^NSEMDCP50,Nifty Midcap 50,Mid Cap,2018-05-02,5365.3999
^NSEMDCP50,Nifty Midcap 50,Mid Cap,2018-05-03,5293.7002
^NSEMDCP50,Nifty Midcap 50,Mid Cap,2018-05-04,5286.4502
^NSEMDCP50,Nifty Midcap 50,Mid Cap,2018-05-07,5344.75
^NSEMDCP50,Nifty Midcap 50,Mid Cap,2018-05-08,5341.5498
^NSEMDCP50,Nifty Midcap 50,Mid Cap,2018-05-09,5295.2002
^NSEMDCP50,Nifty Midcap 50,Mid Cap,2018-05-10,5194.9502
^NSEMDCP50,Nifty Midcap 50,Mid Cap,2018-05-11,5231.0498
^NSEMDCP50,Nifty Midcap 50,Mid Cap,2018-05-14,5167.25
^NSEMDCP50,Nifty Midcap 50,Mid Cap,2018-05-15,5111.75
^NSEMDCP50,Nifty Midcap 50,Mid Cap,2018-05-16,5093.7002
^NSEMDCP50,Nifty Midcap 50,Mid Cap,2018-05-17,5103.1001
^NSEMDCP50,Nifty Midcap 50,Mid Cap,2018-05-18,5014.2998
^NSEMDCP50,Nifty Midcap 50,Mid Cap,2018-05-21,4936.25
^NSEMDCP50,Nifty Midcap 50,Mid Cap,2018-05-22,4957.1499
^NSEMDCP50,Nifty Midcap 50,Mid Cap,2018-05-23,4924.5498
^NSEMDCP50,Nifty Midcap 50,Mid Cap,2018-05-24,4896.0
^NSEMDCP50,Nifty Midcap 50,Mid Cap,2018-05-25,5018.75
^NSEMDCP50,Nifty Midcap 50,Mid Cap,2018-05-28,5085.75
^NSEMDCP50,Nifty Midcap 50,Mid Cap,2018-05-29,5047.3501
^NSEMDCP50,Nifty Midcap 50,Mid Cap,2018-05-30,5041.7002
^NSEMDCP50,Nifty Midcap 50,Mid Cap,2018-05-31,5013.0498
^NSEMDCP50,Nifty Midcap 50,Mid Cap,2018-06-01,4953.3999
^NSEMDCP50,Nifty Midcap 50,Mid Cap,2018-06-04,4907.0498
^NSEMDCP50,Nifty Midcap 50,Mid Cap,2018-06-05,4861.75
^NSEMDCP50,Nifty Midcap 50,Mid Cap,2018-06-06,4924.7002
^NSEMDCP50,Nifty Midcap 50,Mid Cap,2018-06-07,4993.25
^NSEMDCP50,Nifty Midcap 50,Mid Cap,2018-06-08,5018.6499
^NSEMDCP50,Nifty Midcap 50,Mid Cap,2018-06-11,5006.8999
^NSEMDCP50,Nifty Midcap 50,Mid Cap,2018-06-12,5053.4502
^NSEMDCP50,Nifty Midcap 50,Mid Cap,2018-06-13,5038.5
^NSEMDCP50,Nifty Midcap 50,Mid Cap,2018-06-14,5045.3999
^NSEMDCP50,Nifty Midcap 50,Mid Cap,2018-06-15,5026.1499
^NSEMDCP50,Nifty Midcap 50,Mid Cap,2018-06-18,5012.5498
^NSEMDCP50,Nifty Midcap 50,Mid Cap,2018-06-19,4945.0498
^NSEMDCP50,Nifty Midcap 50,Mid Cap,2018-06-20,4977.4502
^NSEMDCP50,Nifty Midcap 50,Mid Cap,2018-06-21,4943.3999
^NSEMDCP50,Nifty Midcap 50,Mid Cap,2018-06-22,4962.1001
^NSEMDCP50,Nifty Midcap 50,Mid Cap,2018-06-25,4941.25
^NSEMDCP50,Nifty Midcap 50,Mid Cap,2018-06-26,4942.1499
^NSEMDCP50,Nifty Midcap 50,Mid Cap,2018-06-27,4857.1001
^NSEMDCP50,Nifty Midcap 50,Mid Cap,2018-06-28,4754.3999
^NSEMDCP50,Nifty Midcap 50,Mid Cap,2018-06-29,4850.7002
^NSEMDCP50,Nifty Midcap 50,Mid Cap,2018-07-02,4820.75
^NSEMDCP50,Nifty Midcap 50,Mid Cap,2018-07-03,4883.7998
^NSEMDCP50,Nifty Midcap 50,Mid Cap,2018-07-04,4899.0498
^NSEMDCP50,Nifty Midcap 50,Mid Cap,2018-07-05,4843.7998
^NSEMDCP50,Nifty Midcap 50,Mid Cap,2018-07-06,4877.8501
^NSEMDCP50,Nifty Midcap 50,Mid Cap,2018-07-09,4968.7998
^NSEMDCP50,Nifty Midcap 50,Mid Cap,2018-07-10,4999.7998
^NSEMDCP50,Nifty Midcap 50,Mid Cap,2018-07-11,4955.8501
^NSEMDCP50,Nifty Midcap 50,Mid Cap,2018-07-12,4930.7998
^NSEMDCP50,Nifty Midcap 50,Mid Cap,2018-07-13,4864.5498
^NSEMDCP50,Nifty Midcap 50,Mid Cap,2018-07-16,4729.3501
^NSEMDCP50,Nifty Midcap 50,Mid Cap,2018-07-17,4882.7002
^NSEMDCP50,Nifty Midcap 50,Mid Cap,2018-07-18,4801.75
^NSEMDCP50,Nifty Midcap 50,Mid Cap,2018-07-19,4761.0498
^NSEMDCP50,Nifty Midcap 50,Mid Cap,2018-07-20,4798.1001
^NSEMDCP50,Nifty Midcap 50,Mid Cap,2018-07-23,4844.5498
^NSEMDCP50,Nifty Midcap 50,Mid Cap,2018-07-24,4899.0
^NSEMDCP50,Nifty Midcap 50,Mid Cap,2018-07-25,4891.0498
^NSEMDCP50,Nifty Midcap 50,Mid Cap,2018-07-26,4933.1001
^NSEMDCP50,Nifty Midcap 50,Mid Cap,2018-07-27,4983.1001
^NSEMDCP50,Nifty Midcap 50,Mid Cap,2018-07-30,4996.3501
^NSEMDCP50,Nifty Midcap 50,Mid Cap,2018-07-31,5010.8999
^NSEMDCP50,Nifty Midcap 50,Mid Cap,2018-08-01,4997.0
^NSEMDCP50,Nifty Midcap 50,Mid Cap,2018-08-02,4997.7998
^NSEMDCP50,Nifty Midcap 50,Mid Cap,2018-08-03,5039.3999
^NSEMDCP50,Nifty Midcap 50,Mid Cap,2018-08-06,5050.0
^NSEMDCP50,Nifty Midcap 50,Mid Cap,2018-08-07,5020.0498
^NSEMDCP50,Nifty Midcap 50,Mid Cap,2018-08-08,5025.8999
^NSEMDCP50,Nifty Midcap 50,Mid Cap,2018-08-09,5065.75
^NSEMDCP50,Nifty Midcap 50,Mid Cap,2018-08-10,5037.6499
^NSEMDCP50,Nifty Midcap 50,Mid Cap,2018-08-13,5021.7002
^NSEMDCP50,Nifty Midcap 50,Mid Cap,2018-08-14,5095.0
^NSEMDCP50,Nifty Midcap 50,Mid Cap,2018-08-16,5102.5
^NSEMDCP50,Nifty Midcap 50,Mid Cap,2018-08-17,5162.8999
^NSEMDCP50,Nifty Midcap 50,Mid Cap,2018-08-20,5223.9502
^NSEMDCP50,Nifty Midcap 50,Mid Cap,2018-08-21,5229.0498
^NSEMDCP50,Nifty Midcap 50,Mid Cap,2018-08-23,5223.1499
^NSEMDCP50,Nifty Midcap 50,Mid Cap,2018-08-24,5220.1001
^NSEMDCP50,Nifty Midcap 50,Mid Cap,2018-08-27,5280.75
^NSEMDCP50,Nifty Midcap 50,Mid Cap,2018-08-28,5272.5498
^NSEMDCP50,Nifty Midcap 50,Mid Cap,2018-08-29,5321.3999
^NSEMDCP50,Nifty Midcap 50,Mid Cap,2018-08-30,5330.4502
^NSEMDCP50,Nifty Midcap 50,Mid Cap,2018-08-31,5345.4502
^NSEMDCP50,Nifty Midcap 50,Mid Cap,2018-09-03,5311.2998
^NSEMDCP50,Nifty Midcap 50,Mid Cap,2018-09-04,5147.5498
^NSEMDCP50,Nifty Midcap 50,Mid Cap,2018-09-05,5139.7002
^NSEMDCP50,Nifty Midcap 50,Mid Cap,2018-09-06,5155.0498
^NSEMDCP50,Nifty Midcap 50,Mid Cap,2018-09-07,5233.8999
^NSEMDCP50,Nifty Midcap 50,Mid Cap,2018-09-10,5120.1499
^NSEMDCP50,Nifty Midcap 50,Mid Cap,2018-09-11,5052.1001
^NSEMDCP50,Nifty Midcap 50,Mid Cap,2018-09-12,5083.6499
^NSEMDCP50,Nifty Midcap 50,Mid Cap,2018-09-14,5183.0498
^NSEMDCP50,Nifty Midcap 50,Mid Cap,2018-09-17,5153.7998
^NSEMDCP50,Nifty Midcap 50,Mid Cap,2018-09-18,5077.0
^NSEMDCP50,Nifty Midcap 50,Mid Cap,2018-09-19,5043.1499
^NSEMDCP50,Nifty Midcap 50,Mid Cap,2018-09-21,4892.6499
^NSEMDCP50,Nifty Midcap 50,Mid Cap,2018-09-24,4780.3999
^NSEMDCP50,Nifty Midcap 50,Mid Cap,2018-09-25,4807.9502
^NSEMDCP50,Nifty Midcap 50,Mid Cap,2018-09-26,4837.5498
^NSEMDCP50,Nifty Midcap 50,Mid Cap,2018-09-27,4729.3999
^NSEMDCP50,Nifty Midcap 50,Mid Cap,2018-09-28,4622.8501
^NSEMDCP50,Nifty Midcap 50,Mid Cap,2018-10-01,4711.7002
^NSEMDCP50,Nifty Midcap 50,Mid Cap,2018-10-03,4650.4502
^NSEMDCP50,Nifty Midcap 50,Mid Cap,2018-10-04,4553.2998
^NSEMDCP50,Nifty Midcap 50,Mid Cap,2018-10-05,4407.5
^NSEMDCP50,Nifty Midcap 50,Mid Cap,2018-10-08,4367.1001
^NSEMDCP50,Nifty Midcap 50,Mid Cap,2018-10-09,4368.5498
^NSEMDCP50,Nifty Midcap 50,Mid Cap,2018-10-10,4574.8501
^NSEMDCP50,Nifty Midcap 50,Mid Cap,2018-10-11,4434.5498
^NSEMDCP50,Nifty Midcap 50,Mid Cap,2018-10-12,4561.3999
^NSEMDCP50,Nifty Midcap 50,Mid Cap,2018-10-15,4592.2998
^NSEMDCP50,Nifty Midcap 50,Mid Cap,2018-10-16,4649.1499
^NSEMDCP50,Nifty Midcap 50,Mid Cap,2018-10-17,4538.6499
^NSEMDCP50,Nifty Midcap 50,Mid Cap,2018-10-19,4490.25
^NSEMDCP50,Nifty Midcap 50,Mid Cap,2018-10-22,4446.7998
^NSEMDCP50,Nifty Midcap 50,Mid Cap,2018-10-23,4412.3501
^NSEMDCP50,Nifty Midcap 50,Mid Cap,2018-10-24,4481.8501
^NSEMDCP50,Nifty Midcap 50,Mid Cap,2018-10-25,4462.3501
^NSEMDCP50,Nifty Midcap 50,Mid Cap,2018-10-26,4444.3999
^NSEMDCP50,Nifty Midcap 50,Mid Cap,2018-10-29,4614.4502
^NSEMDCP50,Nifty Midcap 50,Mid Cap,2018-10-30,4653.3999
^NSEMDCP50,Nifty Midcap 50,Mid Cap,2018-10-31,4730.8999
^NSEMDCP50,Nifty Midcap 50,Mid Cap,2018-11-01,4758.5
^NSEMDCP50,Nifty Midcap 50,Mid Cap,2018-11-02,4781.5
^NSEMDCP50,Nifty Midcap 50,Mid Cap,2018-11-05,4766.25
^NSEMDCP50,Nifty Midcap 50,Mid Cap,2018-11-06,4745.4502
^NSEMDCP50,Nifty Midcap 50,Mid Cap,2018-11-07,4773.0
^NSEMDCP50,Nifty Midcap 50,Mid Cap,2018-11-09,4830.6001
^NSEMDCP50,Nifty Midcap 50,Mid Cap,2018-11-12,4782.75
^NSEMDCP50,Nifty Midcap 50,Mid Cap,2018-11-13,4808.1001
^NSEMDCP50,Nifty Midcap 50,Mid Cap,2018-11-14,4801.6499
^NSEMDCP50,Nifty Midcap 50,Mid Cap,2018-11-15,4833.6499
^NSEMDCP50,Nifty Midcap 50,Mid Cap,2018-11-16,4806.9502
^NSEMDCP50,Nifty Midcap 50,Mid Cap,2018-11-19,4840.7002
^NSEMDCP50,Nifty Midcap 50,Mid Cap,2018-11-20,4786.7002
^NSEMDCP50,Nifty Midcap 50,Mid Cap,2018-11-21,4835.6001
^NSEMDCP50,Nifty Midcap 50,Mid Cap,2018-11-22,4780.1001
^NSEMDCP50,Nifty Midcap 50,Mid Cap,2018-11-26,4792.1001
^NSEMDCP50,Nifty Midcap 50,Mid Cap,2018-11-27,4813.75
^NSEMDCP50,Nifty Midcap 50,Mid Cap,2018-11-28,4740.8999
^NSEMDCP50,Nifty Midcap 50,Mid Cap,2018-11-29,4761.25
^NSEMDCP50,Nifty Midcap 50,Mid Cap,2018-11-30,4780.0
^NSEMDCP50,Nifty Midcap 50,Mid Cap,2018-12-03,4815.8999
^NSEMDCP50,Nifty Midcap 50,Mid Cap,2018-12-04,4795.5
^NSEMDCP50,Nifty Midcap 50,Mid Cap,2018-12-05,4706.5498
^NSEMDCP50,Nifty Midcap 50,Mid Cap,2018-12-06,4620.9502
^NSEMDCP50,Nifty Midcap 50,Mid Cap,2018-12-07,4630.8501
^NSEMDCP50,Nifty Midcap 50,Mid Cap,2018-12-10,4552.6499
^NSEMDCP50,Nifty Midcap 50,Mid Cap,2018-12-11,4634.4502
^NSEMDCP50,Nifty Midcap 50,Mid Cap,2018-12-12,4753.5
^NSEMDCP50,Nifty Midcap 50,Mid Cap,2018-12-13,4772.6499
^NSEMDCP50,Nifty Midcap 50,Mid Cap,2018-12-14,4792.0
^NSEMDCP50,Nifty Midcap 50,Mid Cap,2018-12-17,4824.6499
^NSEMDCP50,Nifty Midcap 50,Mid Cap,2018-12-18,4846.9502
^NSEMDCP50,Nifty Midcap 50,Mid Cap,2018-12-19,4929.2998
^NSEMDCP50,Nifty Midcap 50,Mid Cap,2018-12-20,4945.1001
^NSEMDCP50,Nifty Midcap 50,Mid Cap,2018-12-21,4844.7002
^NSEMDCP50,Nifty Midcap 50,Mid Cap,2018-12-24,4815.8999
^NSEMDCP50,Nifty Midcap 50,Mid Cap,2018-12-26,4825.9502
^NSEMDCP50,Nifty Midcap 50,Mid Cap,2018-12-27,4853.8999
^NSEMDCP50,Nifty Midcap 50,Mid Cap,2018-12-28,4911.8999
^NSEMDCP50,Nifty Midcap 50,Mid Cap,2018-12-31,4930.9502
^NSEMDCP50,Nifty Midcap 50,Mid Cap,2019-01-02,4860.0498
^NSEMDCP50,Nifty Midcap 50,Mid Cap,2019-01-03,4806.0
^NSEMDCP50,Nifty Midcap 50,Mid Cap,2019-01-04,4847.7002
^NSEMDCP50,Nifty Midcap 50,Mid Cap,2019-01-07,4849.1499
^NSEMDCP50,Nifty Midcap 50,Mid Cap,2019-01-08,4862.5
^NSEMDCP50,Nifty Midcap 50,Mid Cap,2019-01-09,4863.1001
^NSEMDCP50,Nifty Midcap 50,Mid Cap,2019-01-10,4880.6499
^NSEMDCP50,Nifty Midcap 50,Mid Cap,2019-01-11,4875.7002
^NSEMDCP50,Nifty Midcap 50,Mid Cap,2019-01-14,4859.1001
^NSEMDCP50,Nifty Midcap 50,Mid Cap,2019-01-15,4895.1001
^NSEMDCP50,Nifty Midcap 50,Mid Cap,2019-01-16,4890.1499
^NSEMDCP50,Nifty Midcap 50,Mid Cap,2019-01-17,4875.6001
^NSEMDCP50,Nifty Midcap 50,Mid Cap,2019-01-18,4853.2998
^NSEMDCP50,Nifty Midcap 50,Mid Cap,2019-01-21,4828.2998
^NSEMDCP50,Nifty Midcap 50,Mid Cap,2019-01-22,4815.9502
^NSEMDCP50,Nifty Midcap 50,Mid Cap,2019-01-23,4795.8501
^NSEMDCP50,Nifty Midcap 50,Mid Cap,2019-01-24,4791.1001
^NSEMDCP50,Nifty Midcap 50,Mid Cap,2019-01-25,4712.6001
^NSEMDCP50,Nifty Midcap 50,Mid Cap,2019-01-28,4614.1001
^NSEMDCP50,Nifty Midcap 50,Mid Cap,2019-01-29,4645.7002
^NSEMDCP50,Nifty Midcap 50,Mid Cap,2019-01-30,4661.3999
^NSEMDCP50,Nifty Midcap 50,Mid Cap,2019-01-31,4689.1001
^NSEMDCP50,Nifty Midcap 50,Mid Cap,2019-02-01,4719.8501
^NSEMDCP50,Nifty Midcap 50,Mid Cap,2019-02-04,4680.7002
^NSEMDCP50,Nifty Midcap 50,Mid Cap,2019-02-05,4632.0
^NSEMDCP50,Nifty Midcap 50,Mid Cap,2019-02-06,4622.6001
^NSEMDCP50,Nifty Midcap 50,Mid Cap,2019-02-07,4658.25
^NSEMDCP50,Nifty Midcap 50,Mid Cap,2019-02-08,4568.75
^NSEMDCP50,Nifty Midcap 50,Mid Cap,2019-02-11,4492.1001
^NSEMDCP50,Nifty Midcap 50,Mid Cap,2019-02-12,4503.8501
^NSEMDCP50,Nifty Midcap 50,Mid Cap,2019-02-14,4507.0
^NSEMDCP50,Nifty Midcap 50,Mid Cap,2019-02-15,4445.25
^NSEMDCP50,Nifty Midcap 50,Mid Cap,2019-02-18,4405.3501
^NSEMDCP50,Nifty Midcap 50,Mid Cap,2019-02-19,4429.25
^NSEMDCP50,Nifty Midcap 50,Mid Cap,2019-02-20,4468.0498
^NSEMDCP50,Nifty Midcap 50,Mid Cap,2019-02-21,4512.6499
^NSEMDCP50,Nifty Midcap 50,Mid Cap,2019-02-22,4540.9502
^NSEMDCP50,Nifty Midcap 50,Mid Cap,2019-02-25,4564.7002
^NSEMDCP50,Nifty Midcap 50,Mid Cap,2019-02-26,4565.25
^NSEMDCP50,Nifty Midcap 50,Mid Cap,2019-02-27,4583.0498
^NSEMDCP50,Nifty Midcap 50,Mid Cap,2019-02-28,4608.8999
^NSEMDCP50,Nifty Midcap 50,Mid Cap,2019-03-01,4697.25
^NSEMDCP50,Nifty Midcap 50,Mid Cap,2019-03-05,4812.1499
^NSEMDCP50,Nifty Midcap 50,Mid Cap,2019-03-06,4847.25
^NSEMDCP50,Nifty Midcap 50,Mid Cap,2019-03-07,4820.4502
^NSEMDCP50,Nifty Midcap 50,Mid Cap,2019-03-08,4795.5
^NSEMDCP50,Nifty Midcap 50,Mid Cap,2019-03-11,4912.1001
^NSEMDCP50,Nifty Midcap 50,Mid Cap,2019-03-12,4917.9502
^NSEMDCP50,Nifty Midcap 50,Mid Cap,2019-03-13,4884.6001
^NSEMDCP50,Nifty Midcap 50,Mid Cap,2019-03-14,4890.1001
^NSEMDCP50,Nifty Midcap 50,Mid Cap,2019-03-15,4932.7998
^NSEMDCP50,Nifty Midcap 50,Mid Cap,2019-03-18,4923.0
^NSEMDCP50,Nifty Midcap 50,Mid Cap,2019-03-19,4962.9502
^NSEMDCP50,Nifty Midcap 50,Mid Cap,2019-03-20,4934.25
^NSEMDCP50,Nifty Midcap 50,Mid Cap,2019-03-22,4897.4502
^NSEMDCP50,Nifty Midcap 50,Mid Cap,2019-03-25,4884.7002
^NSEMDCP50,Nifty Midcap 50,Mid Cap,2019-03-26,4956.4502
^NSEMDCP50,Nifty Midcap 50,Mid Cap,2019-03-27,4974.1001
^NSEMDCP50,Nifty Midcap 50,Mid Cap,2019-03-28,5024.8501
^NSEMDCP50,Nifty Midcap 50,Mid Cap,2019-04-01,5096.8999
^NSEMDCP50,Nifty Midcap 50,Mid Cap,2019-04-02,5102.8501
^NSEMDCP50,Nifty Midcap 50,Mid Cap,2019-04-03,5036.1499
^NSEMDCP50,Nifty Midcap 50,Mid Cap,2019-04-04,5026.5
^NSEMDCP50,Nifty Midcap 50,Mid Cap,2019-04-05,5079.25
^NSEMDCP50,Nifty Midcap 50,Mid Cap,2019-04-08,5037.6499
^NSEMDCP50,Nifty Midcap 50,Mid Cap,2019-04-09,5066.6499
^NSEMDCP50,Nifty Midcap 50,Mid Cap,2019-04-10,5039.3501
^NSEMDCP50,Nifty Midcap 50,Mid Cap,2019-04-11,5030.7002
^NSEMDCP50,Nifty Midcap 50,Mid Cap,2019-04-12,5062.2002
^NSEMDCP50,Nifty Midcap 50,Mid Cap,2019-04-15,5083.6499
^NSEMDCP50,Nifty Midcap 50,Mid Cap,2019-04-16,5087.9502
^NSEMDCP50,Nifty Midcap 50,Mid Cap,2019-04-18,5034.0
^NSEMDCP50,Nifty Midcap 50,Mid Cap,2019-04-22,4927.5498
^NSEMDCP50,Nifty Midcap 50,Mid Cap,2019-04-23,4929.25
^NSEMDCP50,Nifty Midcap 50,Mid Cap,2019-04-24,4942.25
^NSEMDCP50,Nifty Midcap 50,Mid Cap,2019-04-25,4914.7998
^NSEMDCP50,Nifty Midcap 50,Mid Cap,2019-04-26,4917.25
^NSEMDCP50,Nifty Midcap 50,Mid Cap,2019-04-30,4862.4502
^NSEMDCP50,Nifty Midcap 50,Mid Cap,2019-05-02,4823.6499
^NSEMDCP50,Nifty Midcap 50,Mid Cap,2019-05-03,4841.9502
^NSEMDCP50,Nifty Midcap 50,Mid Cap,2019-05-06,4808.4502
^NSEMDCP50,Nifty Midcap 50,Mid Cap,2019-05-07,4741.9502
^NSEMDCP50,Nifty Midcap 50,Mid Cap,2019-05-08,4695.9502
^NSEMDCP50,Nifty Midcap 50,Mid Cap,2019-05-09,4695.5498
^NSEMDCP50,Nifty Midcap 50,Mid Cap,2019-05-10,4708.3999
^NSEMDCP50,Nifty Midcap 50,Mid Cap,2019-05-13,4588.9502
^NSEMDCP50,Nifty Midcap 50,Mid Cap,2019-05-14,4622.0498
^NSEMDCP50,Nifty Midcap 50,Mid Cap,2019-05-15,4585.0
^NSEMDCP50,Nifty Midcap 50,Mid Cap,2019-05-16,4602.8501
^NSEMDCP50,Nifty Midcap 50,Mid Cap,2019-05-17,4674.0
^NSEMDCP50,Nifty Midcap 50,Mid Cap,2019-05-20,4882.2002
^NSEMDCP50,Nifty Midcap 50,Mid Cap,2019-05-21,4804.7998
^NSEMDCP50,Nifty Midcap 50,Mid Cap,2019-05-22,4793.3501
^NSEMDCP50,Nifty Midcap 50,Mid Cap,2019-05-23,4788.5498
^NSEMDCP50,Nifty Midcap 50,Mid Cap,2019-05-24,4909.6001
^NSEMDCP50,Nifty Midcap 50,Mid Cap,2019-05-27,5001.2002
^NSEMDCP50,Nifty Midcap 50,Mid Cap,2019-05-28,4992.0498
^NSEMDCP50,Nifty Midcap 50,Mid Cap,2019-05-29,4936.5
^NSEMDCP50,Nifty Midcap 50,Mid Cap,2019-05-30,4966.25
^NSEMDCP50,Nifty Midcap 50,Mid Cap,2019-05-31,4962.7998
^NSEMDCP50,Nifty Midcap 50,Mid Cap,2019-06-03,5004.8501
^NSEMDCP50,Nifty Midcap 50,Mid Cap,2019-06-04,5011.6001
^NSEMDCP50,Nifty Midcap 50,Mid Cap,2019-06-06,4917.5
^NSEMDCP50,Nifty Midcap 50,Mid Cap,2019-06-07,4920.7002
^NSEMDCP50,Nifty Midcap 50,Mid Cap,2019-06-10,4922.6499
^NSEMDCP50,Nifty Midcap 50,Mid Cap,2019-06-11,4959.25
^NSEMDCP50,Nifty Midcap 50,Mid Cap,2019-06-12,4918.2998
^NSEMDCP50,Nifty Midcap 50,Mid Cap,2019-06-13,4897.4502
^NSEMDCP50,Nifty Midcap 50,Mid Cap,2019-06-14,4853.8501
^NSEMDCP50,Nifty Midcap 50,Mid Cap,2019-06-17,4791.9502
^NSEMDCP50,Nifty Midcap 50,Mid Cap,2019-06-18,4797.5498
^NSEMDCP50,Nifty Midcap 50,Mid Cap,2019-06-19,4753.9502
^NSEMDCP50,Nifty Midcap 50,Mid Cap,2019-06-20,4838.9502
^NSEMDCP50,Nifty Midcap 50,Mid Cap,2019-06-21,4813.25
^NSEMDCP50,Nifty Midcap 50,Mid Cap,2019-06-24,4802.9502
^NSEMDCP50,Nifty Midcap 50,Mid Cap,2019-06-25,4839.1499
^NSEMDCP50,Nifty Midcap 50,Mid Cap,2019-06-26,4886.2002
^NSEMDCP50,Nifty Midcap 50,Mid Cap,2019-06-27,4905.25
^NSEMDCP50,Nifty Midcap 50,Mid Cap,2019-06-28,4872.0
^NSEMDCP50,Nifty Midcap 50,Mid Cap,2019-07-01,4891.9502
^NSEMDCP50,Nifty Midcap 50,Mid Cap,2019-07-02,4913.7998
^NSEMDCP50,Nifty Midcap 50,Mid Cap,2019-07-03,4939.1499
^NSEMDCP50,Nifty Midcap 50,Mid Cap,2019-07-04,4928.9502
^NSEMDCP50,Nifty Midcap 50,Mid Cap,2019-07-05,4837.9502
^NSEMDCP50,Nifty Midcap 50,Mid Cap,2019-07-08,4704.8501
^NSEMDCP50,Nifty Midcap 50,Mid Cap,2019-07-09,4733.25
^NSEMDCP50,Nifty Midcap 50,Mid Cap,2019-07-10,4675.1001
^NSEMDCP50,Nifty Midcap 50,Mid Cap,2019-07-11,4708.0498
^NSEMDCP50,Nifty Midcap 50,Mid Cap,2019-07-12,4738.6001
^NSEMDCP50,Nifty Midcap 50,Mid Cap,2019-07-15,4693.25
^NSEMDCP50,Nifty Midcap 50,Mid Cap,2019-07-16,4739.3501
^NSEMDCP50,Nifty Midcap 50,Mid Cap,2019-07-17,4731.6499
^NSEMDCP50,Nifty Midcap 50,Mid Cap,2019-07-18,4620.1499
^NSEMDCP50,Nifty Midcap 50,Mid Cap,2019-07-19,4504.1001
^NSEMDCP50,Nifty Midcap 50,Mid Cap,2019-07-22,4491.3501
^NSEMDCP50,Nifty Midcap 50,Mid Cap,2019-07-23,4454.0498
^NSEMDCP50,Nifty Midcap 50,Mid Cap,2019-07-24,4370.1499
^NSEMDCP50,Nifty Midcap 50,Mid Cap,2019-07-25,4385.3999
^NSEMDCP50,Nifty Midcap 50,Mid Cap,2019-07-26,4421.1001
^NSEMDCP50,Nifty Midcap 50,Mid Cap,2019-07-29,4372.0
^NSEMDCP50,Nifty Midcap 50,Mid Cap,2019-07-30,4273.1499
^NSEMDCP50,Nifty Midcap 50,Mid Cap,2019-07-31,4355.25
^NSEMDCP50,Nifty Midcap 50,Mid Cap,2019-08-01,4301.8999
^NSEMDCP50,Nifty Midcap 50,Mid Cap,2019-08-02,4294.2998
^NSEMDCP50,Nifty Midcap 50,Mid Cap,2019-08-05,4227.0498
^NSEMDCP50,Nifty Midcap 50,Mid Cap,2019-08-06,4317.3999
^NSEMDCP50,Nifty Midcap 50,Mid Cap,2019-08-07,4257.6499
^NSEMDCP50,Nifty Midcap 50,Mid Cap,2019-08-08,4294.1499
^NSEMDCP50,Nifty Midcap 50,Mid Cap,2019-08-09,4335.8999
^NSEMDCP50,Nifty Midcap 50,Mid Cap,2019-08-13,4210.0498
^NSEMDCP50,Nifty Midcap 50,Mid Cap,2019-08-14,4271.75
^NSEMDCP50,Nifty Midcap 50,Mid Cap,2019-08-16,4309.0498
^NSEMDCP50,Nifty Midcap 50,Mid Cap,2019-08-19,4318.2998
^NSEMDCP50,Nifty Midcap 50,Mid Cap,2019-08-20,4276.5
^NSEMDCP50,Nifty Midcap 50,Mid Cap,2019-08-21,4201.75
^NSEMDCP50,Nifty Midcap 50,Mid Cap,2019-08-22,4120.3501
^NSEMDCP50,Nifty Midcap 50,Mid Cap,2019-08-23,4205.6499
^NSEMDCP50,Nifty Midcap 50,Mid Cap,2019-08-26,4279.8999
^NSEMDCP50,Nifty Midcap 50,Mid Cap,2019-08-27,4302.0
^NSEMDCP50,Nifty Midcap 50,Mid Cap,2019-08-28,4237.25
^NSEMDCP50,Nifty Midcap 50,Mid Cap,2019-08-29,4220.7998
^NSEMDCP50,Nifty Midcap 50,Mid Cap,2019-08-30,4261.5498
^NSEMDCP50,Nifty Midcap 50,Mid Cap,2019-09-03,4174.2998
^NSEMDCP50,Nifty Midcap 50,Mid Cap,2019-09-04,4197.2002
^NSEMDCP50,Nifty Midcap 50,Mid Cap,2019-09-05,4207.1001
^NSEMDCP50,Nifty Midcap 50,Mid Cap,2019-09-06,4255.0
^NSEMDCP50,Nifty Midcap 50,Mid Cap,2019-09-09,4314.8501
^NSEMDCP50,Nifty Midcap 50,Mid Cap,2019-09-11,4365.1001
^NSEMDCP50,Nifty Midcap 50,Mid Cap,2019-09-12,4345.8999
^NSEMDCP50,Nifty Midcap 50,Mid Cap,2019-09-13,4366.9502
^NSEMDCP50,Nifty Midcap 50,Mid Cap,2019-09-16,4341.8999
^NSEMDCP50,Nifty Midcap 50,Mid Cap,2019-09-17,4248.0
^NSEMDCP50,Nifty Midcap 50,Mid Cap,2019-09-18,4255.75
^NSEMDCP50,Nifty Midcap 50,Mid Cap,2019-09-19,4183.5
^NSEMDCP50,Nifty Midcap 50,Mid Cap,2019-09-20,4452.8999
^NSEMDCP50,Nifty Midcap 50,Mid Cap,2019-09-23,4581.6001
^NSEMDCP50,Nifty Midcap 50,Mid Cap,2019-09-24,4554.9502
^NSEMDCP50,Nifty Midcap 50,Mid Cap,2019-09-25,4458.8999
^NSEMDCP50,Nifty Midcap 50,Mid Cap,2019-09-26,4504.1499
^NSEMDCP50,Nifty Midcap 50,Mid Cap,2019-09-27,4461.1499
^NSEMDCP50,Nifty Midcap 50,Mid Cap,2019-09-30,4394.0
^NSEMDCP50,Nifty Midcap 50,Mid Cap,2019-10-01,4305.1499
^NSEMDCP50,Nifty Midcap 50,Mid Cap,2019-10-03,4303.6499
^NSEMDCP50,Nifty Midcap 50,Mid Cap,2019-10-04,4237.25
^NSEMDCP50,Nifty Midcap 50,Mid Cap,2019-10-07,4222.0
^NSEMDCP50,Nifty Midcap 50,Mid Cap,2019-10-09,4306.5
^NSEMDCP50,Nifty Midcap 50,Mid Cap,2019-10-10,4255.1499
^NSEMDCP50,Nifty Midcap 50,Mid Cap,2019-10-11,4254.6001
^NSEMDCP50,Nifty Midcap 50,Mid Cap,2019-10-14,4268.75
^NSEMDCP50,Nifty Midcap 50,Mid Cap,2019-10-15,4290.6499
^NSEMDCP50,Nifty Midcap 50,Mid Cap,2019-10-16,4275.3999
^NSEMDCP50,Nifty Midcap 50,Mid Cap,2019-10-17,4368.0498
^NSEMDCP50,Nifty Midcap 50,Mid Cap,2019-10-18,4465.0
^NSEMDCP50,Nifty Midcap 50,Mid Cap,2019-10-22,4457.5498
^NSEMDCP50,Nifty Midcap 50,Mid Cap,2019-10-23,4460.4502
^NSEMDCP50,Nifty Midcap 50,Mid Cap,2019-10-24,4445.75
^NSEMDCP50,Nifty Midcap 50,Mid Cap,2019-10-25,4447.2998
^NSEMDCP50,Nifty Midcap 50,Mid Cap,2019-10-29,4539.0498
^NSEMDCP50,Nifty Midcap 50,Mid Cap,2019-10-30,4578.8501
^NSEMDCP50,Nifty Midcap 50,Mid Cap,2019-10-31,4639.7002
^NSEMDCP50,Nifty Midcap 50,Mid Cap,2019-11-01,4657.4502
^NSEMDCP50,Nifty Midcap 50,Mid Cap,2019-11-04,4654.9502
^NSEMDCP50,Nifty Midcap 50,Mid Cap,2019-11-05,4597.1499
^NSEMDCP50,Nifty Midcap 50,Mid Cap,2019-11-06,4599.4502
^NSEMDCP50,Nifty Midcap 50,Mid Cap,2019-11-07,4630.6001
^NSEMDCP50,Nifty Midcap 50,Mid Cap,2019-11-08,4595.6499
^NSEMDCP50,Nifty Midcap 50,Mid Cap,2019-11-11,4625.5498
^NSEMDCP50,Nifty Midcap 50,Mid Cap,2019-11-13,4548.0498
^NSEMDCP50,Nifty Midcap 50,Mid Cap,2019-11-14,4572.25
^NSEMDCP50,Nifty Midcap 50,Mid Cap,2019-11-15,4596.7002
^NSEMDCP50,Nifty Midcap 50,Mid Cap,2019-11-18,4639.1499
^NSEMDCP50,Nifty Midcap 50,Mid Cap,2019-11-19,4648.5
^NSEMDCP50,Nifty Midcap 50,Mid Cap,2019-11-20,4668.8999
^NSEMDCP50,Nifty Midcap 50,Mid Cap,2019-11-21,4616.8501
^NSEMDCP50,Nifty Midcap 50,Mid Cap,2019-11-22,4618.8501
^NSEMDCP50,Nifty Midcap 50,Mid Cap,2019-11-25,4679.25
^NSEMDCP50,Nifty Midcap 50,Mid Cap,2019-11-26,4638.6499
^NSEMDCP50,Nifty Midcap 50,Mid Cap,2019-11-27,4685.3999
^NSEMDCP50,Nifty Midcap 50,Mid Cap,2019-11-28,4751.7998
^NSEMDCP50,Nifty Midcap 50,Mid Cap,2019-11-29,4722.7998
^NSEMDCP50,Nifty Midcap 50,Mid Cap,2019-12-02,4689.4502
^NSEMDCP50,Nifty Midcap 50,Mid Cap,2019-12-03,4620.1001
^NSEMDCP50,Nifty Midcap 50,Mid Cap,2019-12-04,4652.75
^NSEMDCP50,Nifty Midcap 50,Mid Cap,2019-12-05,4643.8999
^NSEMDCP50,Nifty Midcap 50,Mid Cap,2019-12-06,4556.3501
^NSEMDCP50,Nifty Midcap 50,Mid Cap,2019-12-09,4566.0498
^NSEMDCP50,Nifty Midcap 50,Mid Cap,2019-12-10,4503.8999
^NSEMDCP50,Nifty Midcap 50,Mid Cap,2019-12-11,4542.2998
^NSEMDCP50,Nifty Midcap 50,Mid Cap,2019-12-12,4596.5
^NSEMDCP50,Nifty Midcap 50,Mid Cap,2019-12-13,4641.7002
^NSEMDCP50,Nifty Midcap 50,Mid Cap,2019-12-16,4607.7002
^NSEMDCP50,Nifty Midcap 50,Mid Cap,2019-12-17,4641.8999
^NSEMDCP50,Nifty Midcap 50,Mid Cap,2019-12-18,4620.7998
^NSEMDCP50,Nifty Midcap 50,Mid Cap,2019-12-19,4636.0
^NSEMDCP50,Nifty Midcap 50,Mid Cap,2019-12-20,4641.2998
^NSEMDCP50,Nifty Midcap 50,Mid Cap,2019-12-23,4629.0498
^NSEMDCP50,Nifty Midcap 50,Mid Cap,2019-12-24,4625.1499
^NSEMDCP50,Nifty Midcap 50,Mid Cap,2019-12-26,4617.6499
^NSEMDCP50,Nifty Midcap 50,Mid Cap,2019-12-27,4674.8999
^NSEMDCP50,Nifty Midcap 50,Mid Cap,2019-12-30,4701.4502
^NSEMDCP50,Nifty Midcap 50,Mid Cap,2019-12-31,4701.1001
^NSEMDCP50,Nifty Midcap 50,Mid Cap,2020-01-02,4796.7002
^NSEMDCP50,Nifty Midcap 50,Mid Cap,2020-01-03,4755.75
^NSEMDCP50,Nifty Midcap 50,Mid Cap,2020-01-06,4639.25
^NSEMDCP50,Nifty Midcap 50,Mid Cap,2020-01-07,4674.6499
^NSEMDCP50,Nifty Midcap 50,Mid Cap,2020-01-08,4686.8501
^NSEMDCP50,Nifty Midcap 50,Mid Cap,2020-01-09,4766.1001
^NSEMDCP50,Nifty Midcap 50,Mid Cap,2020-01-10,4787.7002
^NSEMDCP50,Nifty Midcap 50,Mid Cap,2020-01-13,4827.0498
^NSEMDCP50,Nifty Midcap 50,Mid Cap,2020-01-14,4865.6001
^NSEMDCP50,Nifty Midcap 50,Mid Cap,2020-01-15,4923.7998
^NSEMDCP50,Nifty Midcap 50,Mid Cap,2020-01-16,4968.8999
^NSEMDCP50,Nifty Midcap 50,Mid Cap,2020-01-17,4986.5498
^NSEMDCP50,Nifty Midcap 50,Mid Cap,2020-01-20,4944.8501
^NSEMDCP50,Nifty Midcap 50,Mid Cap,2020-01-21,4940.6001
^NSEMDCP50,Nifty Midcap 50,Mid Cap,2020-01-22,4921.6499
^NSEMDCP50,Nifty Midcap 50,Mid Cap,2020-01-23,4994.2998
^NSEMDCP50,Nifty Midcap 50,Mid Cap,2020-01-24,5037.9502
^NSEMDCP50,Nifty Midcap 50,Mid Cap,2020-01-27,5012.8501
^NSEMDCP50,Nifty Midcap 50,Mid Cap,2020-01-28,4994.7002
^NSEMDCP50,Nifty Midcap 50,Mid Cap,2020-01-29,5015.75
^NSEMDCP50,Nifty Midcap 50,Mid Cap,2020-01-30,4976.75
^NSEMDCP50,Nifty Midcap 50,Mid Cap,2020-01-31,4915.7002
^NSEMDCP50,Nifty Midcap 50,Mid Cap,2020-02-03,4837.1001
^NSEMDCP50,Nifty Midcap 50,Mid Cap,2020-02-04,4906.8501
^NSEMDCP50,Nifty Midcap 50,Mid Cap,2020-02-05,4967.4502
^NSEMDCP50,Nifty Midcap 50,Mid Cap,2020-02-06,4998.3999
^NSEMDCP50,Nifty Midcap 50,Mid Cap,2020-02-07,5015.4502
^NSEMDCP50,Nifty Midcap 50,Mid Cap,2020-02-10,4957.2998
^NSEMDCP50,Nifty Midcap 50,Mid Cap,2020-02-11,4950.4502
^NSEMDCP50,Nifty Midcap 50,Mid Cap,2020-02-12,4945.25
^NSEMDCP50,Nifty Midcap 50,Mid Cap,2020-02-13,4930.1499
^NSEMDCP50,Nifty Midcap 50,Mid Cap,2020-02-14,4887.5498
^NSEMDCP50,Nifty Midcap 50,Mid Cap,2020-02-17,4847.5
^NSEMDCP50,Nifty Midcap 50,Mid Cap,2020-02-18,4823.25
^NSEMDCP50,Nifty Midcap 50,Mid Cap,2020-02-19,4901.2002
^NSEMDCP50,Nifty Midcap 50,Mid Cap,2020-02-20,4927.75
^NSEMDCP50,Nifty Midcap 50,Mid Cap,2020-02-24,4813.7998
^NSEMDCP50,Nifty Midcap 50,Mid Cap,2020-02-25,4807.8999
^NSEMDCP50,Nifty Midcap 50,Mid Cap,2020-02-26,4745.3501
^NSEMDCP50,Nifty Midcap 50,Mid Cap,2020-02-27,4702.8999
^NSEMDCP50,Nifty Midcap 50,Mid Cap,2020-02-28,4518.2998
^NSEMDCP50,Nifty Midcap 50,Mid Cap,2020-03-02,4469.25
^NSEMDCP50,Nifty Midcap 50,Mid Cap,2020-03-03,4562.2002
^NSEMDCP50,Nifty Midcap 50,Mid Cap,2020-03-04,4500.2002
^NSEMDCP50,Nifty Midcap 50,Mid Cap,2020-03-05,4507.3999
^NSEMDCP50,Nifty Midcap 50,Mid Cap,2020-03-06,4380.2002
^NSEMDCP50,Nifty Midcap 50,Mid Cap,2020-03-09,4156.8999
^NSEMDCP50,Nifty Midcap 50,Mid Cap,2020-03-11,4123.6499
^NSEMDCP50,Nifty Midcap 50,Mid Cap,2020-03-12,3774.75
^NSEMDCP50,Nifty Midcap 50,Mid Cap,2020-03-13,3920.25
^NSEMDCP50,Nifty Midcap 50,Mid Cap,2020-03-16,3646.75
^NSEMDCP50,Nifty Midcap 50,Mid Cap,2020-03-17,3560.1001
^NSEMDCP50,Nifty Midcap 50,Mid Cap,2020-03-18,3370.6001
^NSEMDCP50,Nifty Midcap 50,Mid Cap,2020-03-19,3233.75
^NSEMDCP50,Nifty Midcap 50,Mid Cap,2020-03-20,3413.55
^NSEMDCP50,Nifty Midcap 50,Mid Cap,2020-03-23,2905.1499
^NSEMDCP50,Nifty Midcap 50,Mid Cap,2020-03-24,2975.1499
^NSEMDCP50,Nifty Midcap 50,Mid Cap,2020-03-25,3110.5
^NSEMDCP50,Nifty Midcap 50,Mid Cap,2020-03-26,3219.8999
^NSEMDCP50,Nifty Midcap 50,Mid Cap,2020-03-27,3206.5
^NSEMDCP50,Nifty Midcap 50,Mid Cap,2020-03-30,3121.5
^NSEMDCP50,Nifty Midcap 50,Mid Cap,2020-03-31,3180.6001
^NSEMDCP50,Nifty Midcap 50,Mid Cap,2020-04-01,3095.45
^NSEMDCP50,Nifty Midcap 50,Mid Cap,2020-04-03,3037.0
^NSEMDCP50,Nifty Midcap 50,Mid Cap,2020-04-07,3232.1001
^NSEMDCP50,Nifty Midcap 50,Mid Cap,2020-04-08,3287.8
^NSEMDCP50,Nifty Midcap 50,Mid Cap,2020-04-09,3420.95
^NSEMDCP50,Nifty Midcap 50,Mid Cap,2020-04-13,3371.8
^NSEMDCP50,Nifty Midcap 50,Mid Cap,2020-04-15,3419.55
^NSEMDCP50,Nifty Midcap 50,Mid Cap,2020-04-16,3499.5
^NSEMDCP50,Nifty Midcap 50,Mid Cap,2020-04-17,3593.95
^NSEMDCP50,Nifty Midcap 50,Mid Cap,2020-04-20,3600.75
^NSEMDCP50,Nifty Midcap 50,Mid Cap,2020-04-21,3472.6499
^NSEMDCP50,Nifty Midcap 50,Mid Cap,2020-04-22,3521.7
^NSEMDCP50,Nifty Midcap 50,Mid Cap,2020-04-23,3571.1499
^NSEMDCP50,Nifty Midcap 50,Mid Cap,2020-04-24,3470.3501
^NSEMDCP50,Nifty Midcap 50,Mid Cap,2020-04-27,3531.25
^NSEMDCP50,Nifty Midcap 50,Mid Cap,2020-04-28,3597.8
^NSEMDCP50,Nifty Midcap 50,Mid Cap,2020-04-29,3649.1499
^NSEMDCP50,Nifty Midcap 50,Mid Cap,2020-04-30,3722.3999
^NSEMDCP50,Nifty Midcap 50,Mid Cap,2020-05-04,3548.6499
^NSEMDCP50,Nifty Midcap 50,Mid Cap,2020-05-05,3518.8
^NSEMDCP50,Nifty Midcap 50,Mid Cap,2020-05-06,3567.6499
^NSEMDCP50,Nifty Midcap 50,Mid Cap,2020-05-07,3542.5
^NSEMDCP50,Nifty Midcap 50,Mid Cap,2020-05-08,3537.5
^NSEMDCP50,Nifty Midcap 50,Mid Cap,2020-05-11,3567.1499
^NSEMDCP50,Nifty Midcap 50,Mid Cap,2020-05-12,3547.5
^NSEMDCP50,Nifty Midcap 50,Mid Cap,2020-05-13,3647.6001
^NSEMDCP50,Nifty Midcap 50,Mid Cap,2020-05-14,3626.1001
^NSEMDCP50,Nifty Midcap 50,Mid Cap,2020-05-15,3618.5
^NSEMDCP50,Nifty Midcap 50,Mid Cap,2020-05-18,3430.8
^NSEMDCP50,Nifty Midcap 50,Mid Cap,2020-05-19,3451.8
^NSEMDCP50,Nifty Midcap 50,Mid Cap,2020-05-20,3505.3
^NSEMDCP50,Nifty Midcap 50,Mid Cap,2020-05-21,3529.1499
^NSEMDCP50,Nifty Midcap 50,Mid Cap,2020-05-22,3496.8501
^NSEMDCP50,Nifty Midcap 50,Mid Cap,2020-05-26,3567.2
^NSEMDCP50,Nifty Midcap 50,Mid Cap,2020-05-27,3603.6001
^NSEMDCP50,Nifty Midcap 50,Mid Cap,2020-05-28,3663.2
^NSEMDCP50,Nifty Midcap 50,Mid Cap,2020-05-29,3713.55
^NSEMDCP50,Nifty Midcap 50,Mid Cap,2020-06-01,3838.8999
^NSEMDCP50,Nifty Midcap 50,Mid Cap,2020-06-02,3882.6001
^NSEMDCP50,Nifty Midcap 50,Mid Cap,2020-06-03,3880.3501
^NSEMDCP50,Nifty Midcap 50,Mid Cap,2020-06-04,3880.95
^NSEMDCP50,Nifty Midcap 50,Mid Cap,2020-06-05,3946.45
^NSEMDCP50,Nifty Midcap 50,Mid Cap,2020-06-08,3955.6001
^NSEMDCP50,Nifty Midcap 50,Mid Cap,2020-06-09,3940.6001
^NSEMDCP50,Nifty Midcap 50,Mid Cap,2020-06-10,3992.6001
^NSEMDCP50,Nifty Midcap 50,Mid Cap,2020-06-11,3944.55
^NSEMDCP50,Nifty Midcap 50,Mid Cap,2020-06-12,4020.05
^NSEMDCP50,Nifty Midcap 50,Mid Cap,2020-06-15,3952.8999
^NSEMDCP50,Nifty Midcap 50,Mid Cap,2020-06-16,3975.5
^NSEMDCP50,Nifty Midcap 50,Mid Cap,2020-06-17,3984.55
^NSEMDCP50,Nifty Midcap 50,Mid Cap,2020-06-18,4035.6001
^NSEMDCP50,Nifty Midcap 50,Mid Cap,2020-06-19,4088.1499
^NSEMDCP50,Nifty Midcap 50,Mid Cap,2020-06-22,4167.8501
^NSEMDCP50,Nifty Midcap 50,Mid Cap,2020-06-23,4209.5
^NSEMDCP50,Nifty Midcap 50,Mid Cap,2020-06-24,4132.1001
^NSEMDCP50,Nifty Midcap 50,Mid Cap,2020-06-25,4168.9502
^NSEMDCP50,Nifty Midcap 50,Mid Cap,2020-06-26,4171.75
^NSEMDCP50,Nifty Midcap 50,Mid Cap,2020-06-29,4095.95
^NSEMDCP50,Nifty Midcap 50,Mid Cap,2020-06-30,4094.25
^NSEMDCP50,Nifty Midcap 50,Mid Cap,2020-07-01,4115.7998
^NSEMDCP50,Nifty Midcap 50,Mid Cap,2020-07-02,4170.8501
^NSEMDCP50,Nifty Midcap 50,Mid Cap,2020-07-03,4208.75
^NSEMDCP50,Nifty Midcap 50,Mid Cap,2020-07-06,4289.5498
^NSEMDCP50,Nifty Midcap 50,Mid Cap,2020-07-07,4312.6499
^NSEMDCP50,Nifty Midcap 50,Mid Cap,2020-07-08,4285.0498
^NSEMDCP50,Nifty Midcap 50,Mid Cap,2020-07-09,4308.1001
^NSEMDCP50,Nifty Midcap 50,Mid Cap,2020-07-10,4266.0498
^NSEMDCP50,Nifty Midcap 50,Mid Cap,2020-07-13,4256.2998
^NSEMDCP50,Nifty Midcap 50,Mid Cap,2020-07-14,4180.1499
^NSEMDCP50,Nifty Midcap 50,Mid Cap,2020-07-15,4141.3999
^NSEMDCP50,Nifty Midcap 50,Mid Cap,2020-07-16,4172.1499
^NSEMDCP50,Nifty Midcap 50,Mid Cap,2020-07-17,4248.1499
^NSEMDCP50,Nifty Midcap 50,Mid Cap,2020-07-20,4282.6499
^NSEMDCP50,Nifty Midcap 50,Mid Cap,2020-07-21,4283.1001
^NSEMDCP50,Nifty Midcap 50,Mid Cap,2020-07-22,4288.7998
^NSEMDCP50,Nifty Midcap 50,Mid Cap,2020-07-23,4319.6499
^NSEMDCP50,Nifty Midcap 50,Mid Cap,2020-07-24,4286.2002
^NSEMDCP50,Nifty Midcap 50,Mid Cap,2020-07-27,4224.9502
^NSEMDCP50,Nifty Midcap 50,Mid Cap,2020-07-28,4280.6499
^NSEMDCP50,Nifty Midcap 50,Mid Cap,2020-07-29,4305.8501
^NSEMDCP50,Nifty Midcap 50,Mid Cap,2020-07-30,4256.9502
^NSEMDCP50,Nifty Midcap 50,Mid Cap,2020-07-31,4249.0498
^NSEMDCP50,Nifty Midcap 50,Mid Cap,2020-08-03,4231.2998
^NSEMDCP50,Nifty Midcap 50,Mid Cap,2020-08-04,4288.6499
^NSEMDCP50,Nifty Midcap 50,Mid Cap,2020-08-05,4318.5498
^NSEMDCP50,Nifty Midcap 50,Mid Cap,2020-08-06,4356.3999
^NSEMDCP50,Nifty Midcap 50,Mid Cap,2020-08-07,4437.75
^NSEMDCP50,Nifty Midcap 50,Mid Cap,2020-08-10,4478.5
^NSEMDCP50,Nifty Midcap 50,Mid Cap,2020-08-11,4480.1499
^NSEMDCP50,Nifty Midcap 50,Mid Cap,2020-08-12,4505.6499
^NSEMDCP50,Nifty Midcap 50,Mid Cap,2020-08-13,4604.6001
^NSEMDCP50,Nifty Midcap 50,Mid Cap,2020-08-14,4537.7998
^NSEMDCP50,Nifty Midcap 50,Mid Cap,2020-08-17,4568.2002
^NSEMDCP50,Nifty Midcap 50,Mid Cap,2020-08-18,4633.6499
^NSEMDCP50,Nifty Midcap 50,Mid Cap,2020-08-19,4660.0
^NSEMDCP50,Nifty Midcap 50,Mid Cap,2020-08-20,4703.0
^NSEMDCP50,Nifty Midcap 50,Mid Cap,2020-08-21,4711.0498
^NSEMDCP50,Nifty Midcap 50,Mid Cap,2020-08-24,4741.1001
^NSEMDCP50,Nifty Midcap 50,Mid Cap,2020-08-25,4756.3999
^NSEMDCP50,Nifty Midcap 50,Mid Cap,2020-08-26,4787.7002
^NSEMDCP50,Nifty Midcap 50,Mid Cap,2020-08-27,4788.1001
^NSEMDCP50,Nifty Midcap 50,Mid Cap,2020-08-28,4829.5498
^NSEMDCP50,Nifty Midcap 50,Mid Cap,2020-08-31,4636.9502
^NSEMDCP50,Nifty Midcap 50,Mid Cap,2020-09-01,4683.2998
^NSEMDCP50,Nifty Midcap 50,Mid Cap,2020-09-02,4753.8999
^NSEMDCP50,Nifty Midcap 50,Mid Cap,2020-09-03,4816.0498
^NSEMDCP50,Nifty Midcap 50,Mid Cap,2020-09-04,4720.1001
^NSEMDCP50,Nifty Midcap 50,Mid Cap,2020-09-07,4665.8501
^NSEMDCP50,Nifty Midcap 50,Mid Cap,2020-09-08,4587.0
^NSEMDCP50,Nifty Midcap 50,Mid Cap,2020-09-09,4567.5
^NSEMDCP50,Nifty Midcap 50,Mid Cap,2020-09-10,4603.0498
^NSEMDCP50,Nifty Midcap 50,Mid Cap,2020-09-11,4644.8501
^NSEMDCP50,Nifty Midcap 50,Mid Cap,2020-09-14,4740.1001
^NSEMDCP50,Nifty Midcap 50,Mid Cap,2020-09-15,4770.0498
^NSEMDCP50,Nifty Midcap 50,Mid Cap,2020-09-16,4783.75
^NSEMDCP50,Nifty Midcap 50,Mid Cap,2020-09-17,4788.7002
^NSEMDCP50,Nifty Midcap 50,Mid Cap,2020-09-18,4767.75
^NSEMDCP50,Nifty Midcap 50,Mid Cap,2020-09-21,4572.8501
^NSEMDCP50,Nifty Midcap 50,Mid Cap,2020-09-22,4496.5498
^NSEMDCP50,Nifty Midcap 50,Mid Cap,2020-09-23,4486.4502
^NSEMDCP50,Nifty Midcap 50,Mid Cap,2020-09-24,4355.2998
^NSEMDCP50,Nifty Midcap 50,Mid Cap,2020-09-25,4534.9502
^NSEMDCP50,Nifty Midcap 50,Mid Cap,2020-09-28,4699.7002
^NSEMDCP50,Nifty Midcap 50,Mid Cap,2020-09-29,4678.7002
^NSEMDCP50,Nifty Midcap 50,Mid Cap,2020-09-30,4666.5498
^NSEMDCP50,Nifty Midcap 50,Mid Cap,2020-10-01,4722.1499
^NSEMDCP50,Nifty Midcap 50,Mid Cap,2020-10-05,4707.8501
^NSEMDCP50,Nifty Midcap 50,Mid Cap,2020-10-06,4738.6499
^NSEMDCP50,Nifty Midcap 50,Mid Cap,2020-10-07,4717.2002
^NSEMDCP50,Nifty Midcap 50,Mid Cap,2020-10-08,4735.0498
^NSEMDCP50,Nifty Midcap 50,Mid Cap,2020-10-09,4731.1001
^NSEMDCP50,Nifty Midcap 50,Mid Cap,2020-10-12,4688.6499
^NSEMDCP50,Nifty Midcap 50,Mid Cap,2020-10-13,4643.7998
^NSEMDCP50,Nifty Midcap 50,Mid Cap,2020-10-14,4649.4502
^NSEMDCP50,Nifty Midcap 50,Mid Cap,2020-10-15,4550.1001
^NSEMDCP50,Nifty Midcap 50,Mid Cap,2020-10-16,4613.5498
^NSEMDCP50,Nifty Midcap 50,Mid Cap,2020-10-19,4656.7998
^NSEMDCP50,Nifty Midcap 50,Mid Cap,2020-10-20,4690.5
^NSEMDCP50,Nifty Midcap 50,Mid Cap,2020-10-21,4701.1499
^NSEMDCP50,Nifty Midcap 50,Mid Cap,2020-10-22,4725.1499
^NSEMDCP50,Nifty Midcap 50,Mid Cap,2020-10-23,4757.3999
^NSEMDCP50,Nifty Midcap 50,Mid Cap,2020-10-26,4650.5
^NSEMDCP50,Nifty Midcap 50,Mid Cap,2020-10-27,4713.1499
^NSEMDCP50,Nifty Midcap 50,Mid Cap,2020-10-28,4648.7998
^NSEMDCP50,Nifty Midcap 50,Mid Cap,2020-10-29,4625.2002
^NSEMDCP50,Nifty Midcap 50,Mid Cap,2020-10-30,4666.0498
^NSEMDCP50,Nifty Midcap 50,Mid Cap,2020-11-02,4716.8999
^NSEMDCP50,Nifty Midcap 50,Mid Cap,2020-11-03,4748.4502
^NSEMDCP50,Nifty Midcap 50,Mid Cap,2020-11-04,4773.1499
^NSEMDCP50,Nifty Midcap 50,Mid Cap,2020-11-05,4882.4502
^NSEMDCP50,Nifty Midcap 50,Mid Cap,2020-11-06,4926.5
^NSEMDCP50,Nifty Midcap 50,Mid Cap,2020-11-09,4979.3501
^NSEMDCP50,Nifty Midcap 50,Mid Cap,2020-11-10,5020.0498
^NSEMDCP50,Nifty Midcap 50,Mid Cap,2020-11-11,5048.5498
^NSEMDCP50,Nifty Midcap 50,Mid Cap,2020-11-12,5069.2002
^NSEMDCP50,Nifty Midcap 50,Mid Cap,2020-11-13,5105.7002
^NSEMDCP50,Nifty Midcap 50,Mid Cap,2020-11-17,5188.0498
^NSEMDCP50,Nifty Midcap 50,Mid Cap,2020-11-18,5275.9502
^NSEMDCP50,Nifty Midcap 50,Mid Cap,2020-11-19,5245.7998
^NSEMDCP50,Nifty Midcap 50,Mid Cap,2020-11-20,5291.4502
^NSEMDCP50,Nifty Midcap 50,Mid Cap,2020-11-23,5365.5498
^NSEMDCP50,Nifty Midcap 50,Mid Cap,2020-11-24,5410.5498
^NSEMDCP50,Nifty Midcap 50,Mid Cap,2020-11-25,5334.4502
^NSEMDCP50,Nifty Midcap 50,Mid Cap,2020-11-26,5411.6001
^NSEMDCP50,Nifty Midcap 50,Mid Cap,2020-11-27,5557.8999
^NSEMDCP50,Nifty Midcap 50,Mid Cap,2020-12-01,5590.7998
^NSEMDCP50,Nifty Midcap 50,Mid Cap,2020-12-02,5613.6001
^NSEMDCP50,Nifty Midcap 50,Mid Cap,2020-12-03,5665.7002
^NSEMDCP50,Nifty Midcap 50,Mid Cap,2020-12-04,5696.0
^NSEMDCP50,Nifty Midcap 50,Mid Cap,2020-12-07,5755.6499
^NSEMDCP50,Nifty Midcap 50,Mid Cap,2020-12-08,5758.2998
^NSEMDCP50,Nifty Midcap 50,Mid Cap,2020-12-09,5783.7998
^NSEMDCP50,Nifty Midcap 50,Mid Cap,2020-12-10,5724.4502
^NSEMDCP50,Nifty Midcap 50,Mid Cap,2020-12-11,5742.75
^NSEMDCP50,Nifty Midcap 50,Mid Cap,2020-12-14,5789.8999
^NSEMDCP50,Nifty Midcap 50,Mid Cap,2020-12-15,5834.75
^NSEMDCP50,Nifty Midcap 50,Mid Cap,2020-12-16,5905.8999
^NSEMDCP50,Nifty Midcap 50,Mid Cap,2020-12-17,5883.2002
^NSEMDCP50,Nifty Midcap 50,Mid Cap,2020-12-18,5861.5
^NSEMDCP50,Nifty Midcap 50,Mid Cap,2020-12-21,5536.6499
^NSEMDCP50,Nifty Midcap 50,Mid Cap,2020-12-22,5598.5
^NSEMDCP50,Nifty Midcap 50,Mid Cap,2020-12-23,5757.4502
^NSEMDCP50,Nifty Midcap 50,Mid Cap,2020-12-24,5741.4502
^NSEMDCP50,Nifty Midcap 50,Mid Cap,2020-12-28,5822.7998
^NSEMDCP50,Nifty Midcap 50,Mid Cap,2020-12-29,5814.1499
^NSEMDCP50,Nifty Midcap 50,Mid Cap,2020-12-30,5830.5498
^NSEMDCP50,Nifty Midcap 50,Mid Cap,2020-12-31,5872.6001
^NSEMDCP50,Nifty Midcap 50,Mid Cap,2021-01-04,6086.25
^NSEMDCP50,Nifty Midcap 50,Mid Cap,2021-01-05,6141.3999
^NSEMDCP50,Nifty Midcap 50,Mid Cap,2021-01-06,6191.7002
^NSEMDCP50,Nifty Midcap 50,Mid Cap,2021-01-07,6320.7002
^NSEMDCP50,Nifty Midcap 50,Mid Cap,2021-01-08,6389.7002
^NSEMDCP50,Nifty Midcap 50,Mid Cap,2021-01-11,6359.75
^NSEMDCP50,Nifty Midcap 50,Mid Cap,2021-01-12,6427.7002
^NSEMDCP50,Nifty Midcap 50,Mid Cap,2021-01-13,6385.1499
^NSEMDCP50,Nifty Midcap 50,Mid Cap,2021-01-14,6390.8999
^NSEMDCP50,Nifty Midcap 50,Mid Cap,2021-01-15,6328.2998
^NSEMDCP50,Nifty Midcap 50,Mid Cap,2021-01-18,6164.3999
^NSEMDCP50,Nifty Midcap 50,Mid Cap,2021-01-19,6347.2998
^NSEMDCP50,Nifty Midcap 50,Mid Cap,2021-01-20,6437.1499
^NSEMDCP50,Nifty Midcap 50,Mid Cap,2021-01-21,6331.75
^NSEMDCP50,Nifty Midcap 50,Mid Cap,2021-01-22,6244.0
^NSEMDCP50,Nifty Midcap 50,Mid Cap,2021-01-25,6183.6001
^NSEMDCP50,Nifty Midcap 50,Mid Cap,2021-01-27,6069.1499
^NSEMDCP50,Nifty Midcap 50,Mid Cap,2021-01-28,6046.2998
^NSEMDCP50,Nifty Midcap 50,Mid Cap,2021-01-29,6002.6499
^NSEMDCP50,Nifty Midcap 50,Mid Cap,2021-02-01,6279.4502
^NSEMDCP50,Nifty Midcap 50,Mid Cap,2021-02-02,6468.7002
^NSEMDCP50,Nifty Midcap 50,Mid Cap,2021-02-03,6584.6001
^NSEMDCP50,Nifty Midcap 50,Mid Cap,2021-02-04,6698.3501
^NSEMDCP50,Nifty Midcap 50,Mid Cap,2021-02-05,6581.3999
^NSEMDCP50,Nifty Midcap 50,Mid Cap,2021-02-08,6695.8999
^NSEMDCP50,Nifty Midcap 50,Mid Cap,2021-02-09,6674.1499
^NSEMDCP50,Nifty Midcap 50,Mid Cap,2021-02-10,6749.9502
^NSEMDCP50,Nifty Midcap 50,Mid Cap,2021-02-11,6758.4502
^NSEMDCP50,Nifty Midcap 50,Mid Cap,2021-02-12,6739.1001
^NSEMDCP50,Nifty Midcap 50,Mid Cap,2021-02-15,6859.6499
^NSEMDCP50,Nifty Midcap 50,Mid Cap,2021-02-16,6885.5
^NSEMDCP50,Nifty Midcap 50,Mid Cap,2021-02-17,6907.6001
^NSEMDCP50,Nifty Midcap 50,Mid Cap,2021-02-18,6927.1499
^NSEMDCP50,Nifty Midcap 50,Mid Cap,2021-02-19,6767.75
^NSEMDCP50,Nifty Midcap 50,Mid Cap,2021-02-22,6665.8501
^NSEMDCP50,Nifty Midcap 50,Mid Cap,2021-02-23,6762.9502
^NSEMDCP50,Nifty Midcap 50,Mid Cap,2021-02-24,6815.3999
^NSEMDCP50,Nifty Midcap 50,Mid Cap,2021-02-25,6959.6001
^NSEMDCP50,Nifty Midcap 50,Mid Cap,2021-02-26,6796.5
^NSEMDCP50,Nifty Midcap 50,Mid Cap,2021-03-01,6914.0
^NSEMDCP50,Nifty Midcap 50,Mid Cap,2021-03-02,7033.0498
^NSEMDCP50,Nifty Midcap 50,Mid Cap,2021-03-03,7151.0498
^NSEMDCP50,Nifty Midcap 50,Mid Cap,2021-03-04,7165.0
^NSEMDCP50,Nifty Midcap 50,Mid Cap,2021-03-05,6964.8501
^NSEMDCP50,Nifty Midcap 50,Mid Cap,2021-03-08,6977.6001
^NSEMDCP50,Nifty Midcap 50,Mid Cap,2021-03-09,6931.6499
^NSEMDCP50,Nifty Midcap 50,Mid Cap,2021-03-10,6996.9502
^NSEMDCP50,Nifty Midcap 50,Mid Cap,2021-03-12,6964.75
^NSEMDCP50,Nifty Midcap 50,Mid Cap,2021-03-15,6926.9502
^NSEMDCP50,Nifty Midcap 50,Mid Cap,2021-03-16,6937.0498
^NSEMDCP50,Nifty Midcap 50,Mid Cap,2021-03-17,6741.8501
^NSEMDCP50,Nifty Midcap 50,Mid Cap,2021-03-18,6650.5
^NSEMDCP50,Nifty Midcap 50,Mid Cap,2021-03-19,6753.25
^NSEMDCP50,Nifty Midcap 50,Mid Cap,2021-03-22,6797.1001
^NSEMDCP50,Nifty Midcap 50,Mid Cap,2021-03-23,6862.7002
^NSEMDCP50,Nifty Midcap 50,Mid Cap,2021-03-24,6694.6499
^NSEMDCP50,Nifty Midcap 50,Mid Cap,2021-03-25,6550.9502
^NSEMDCP50,Nifty Midcap 50,Mid Cap,2021-03-26,6681.2002
^NSEMDCP50,Nifty Midcap 50,Mid Cap,2021-03-30,6761.7998
^NSEMDCP50,Nifty Midcap 50,Mid Cap,2021-03-31,6772.1001
^NSEMDCP50,Nifty Midcap 50,Mid Cap,2021-04-01,6917.3501
^NSEMDCP50,Nifty Midcap 50,Mid Cap,2021-04-05,6767.7002
^NSEMDCP50,Nifty Midcap 50,Mid Cap,2021-04-06,6816.3999
^NSEMDCP50,Nifty Midcap 50,Mid Cap,2021-04-07,6908.6001
^NSEMDCP50,Nifty Midcap 50,Mid Cap,2021-04-08,6941.7998
^NSEMDCP50,Nifty Midcap 50,Mid Cap,2021-04-09,6906.7002
^NSEMDCP50,Nifty Midcap 50,Mid Cap,2021-04-12,6417.6499
^NSEMDCP50,Nifty Midcap 50,Mid Cap,2021-04-13,6597.5498
^NSEMDCP50,Nifty Midcap 50,Mid Cap,2021-04-15,6562.6001
^NSEMDCP50,Nifty Midcap 50,Mid Cap,2021-04-16,6613.5498
^NSEMDCP50,Nifty Midcap 50,Mid Cap,2021-04-19,6441.7002
^NSEMDCP50,Nifty Midcap 50,Mid Cap,2021-04-20,6469.25
^NSEMDCP50,Nifty Midcap 50,Mid Cap,2021-04-22,6506.9502
^NSEMDCP50,Nifty Midcap 50,Mid Cap,2021-04-23,6512.8999
^NSEMDCP50,Nifty Midcap 50,Mid Cap,2021-04-26,6565.0498
^NSEMDCP50,Nifty Midcap 50,Mid Cap,2021-04-27,6659.8999
^NSEMDCP50,Nifty Midcap 50,Mid Cap,2021-04-28,6773.5498
^NSEMDCP50,Nifty Midcap 50,Mid Cap,2021-04-29,6765.5
^NSEMDCP50,Nifty Midcap 50,Mid Cap,2021-04-30,6725.2002
^NSEMDCP50,Nifty Midcap 50,Mid Cap,2021-05-03,6687.5498
^NSEMDCP50,Nifty Midcap 50,Mid Cap,2021-05-04,6685.8501
^NSEMDCP50,Nifty Midcap 50,Mid Cap,2021-05-05,6745.2002
^NSEMDCP50,Nifty Midcap 50,Mid Cap,2021-05-06,6830.7002
^NSEMDCP50,Nifty Midcap 50,Mid Cap,2021-05-07,6818.6499
^NSEMDCP50,Nifty Midcap 50,Mid Cap,2021-05-10,6918.1001
^NSEMDCP50,Nifty Midcap 50,Mid Cap,2021-05-11,6982.7002
^NSEMDCP50,Nifty Midcap 50,Mid Cap,2021-05-12,6905.1001
^NSEMDCP50,Nifty Midcap 50,Mid Cap,2021-05-14,6785.1001
^NSEMDCP50,Nifty Midcap 50,Mid Cap,2021-05-17,6911.7002
^NSEMDCP50,Nifty Midcap 50,Mid Cap,2021-05-18,7050.0
^NSEMDCP50,Nifty Midcap 50,Mid Cap,2021-05-19,7046.6001
^NSEMDCP50,Nifty Midcap 50,Mid Cap,2021-05-20,7026.5
^NSEMDCP50,Nifty Midcap 50,Mid Cap,2021-05-21,7093.0
^NSEMDCP50,Nifty Midcap 50,Mid Cap,2021-05-24,7151.6499
^NSEMDCP50,Nifty Midcap 50,Mid Cap,2021-05-25,7132.5
^NSEMDCP50,Nifty Midcap 50,Mid Cap,2021-05-26,7124.3501
^NSEMDCP50,Nifty Midcap 50,Mid Cap,2021-05-27,7174.6001
^NSEMDCP50,Nifty Midcap 50,Mid Cap,2021-05-28,7200.0
^NSEMDCP50,Nifty Midcap 50,Mid Cap,2021-05-31,7205.8501
^NSEMDCP50,Nifty Midcap 50,Mid Cap,2021-06-01,7164.0
^NSEMDCP50,Nifty Midcap 50,Mid Cap,2021-06-02,7280.3999
^NSEMDCP50,Nifty Midcap 50,Mid Cap,2021-06-03,7347.3501
^NSEMDCP50,Nifty Midcap 50,Mid Cap,2021-06-04,7414.5
^NSEMDCP50,Nifty Midcap 50,Mid Cap,2021-06-07,7513.5498
^NSEMDCP50,Nifty Midcap 50,Mid Cap,2021-06-08,7521.7002
^NSEMDCP50,Nifty Midcap 50,Mid Cap,2021-06-09,7469.7002
^NSEMDCP50,Nifty Midcap 50,Mid Cap,2021-06-10,7589.2998
^NSEMDCP50,Nifty Midcap 50,Mid Cap,2021-06-11,7604.75
^NSEMDCP50,Nifty Midcap 50,Mid Cap,2021-06-14,7572.0
^NSEMDCP50,Nifty Midcap 50,Mid Cap,2021-06-15,7623.7998
^NSEMDCP50,Nifty Midcap 50,Mid Cap,2021-06-16,7538.75
^NSEMDCP50,Nifty Midcap 50,Mid Cap,2021-06-17,7432.3999
^NSEMDCP50,Nifty Midcap 50,Mid Cap,2021-06-18,7347.6001
^NSEMDCP50,Nifty Midcap 50,Mid Cap,2021-06-21,7410.1499
^NSEMDCP50,Nifty Midcap 50,Mid Cap,2021-06-22,7393.8501
^NSEMDCP50,Nifty Midcap 50,Mid Cap,2021-06-23,7384.3999
^NSEMDCP50,Nifty Midcap 50,Mid Cap,2021-06-24,7352.5
^NSEMDCP50,Nifty Midcap 50,Mid Cap,2021-06-25,7477.2998
^NSEMDCP50,Nifty Midcap 50,Mid Cap,2021-06-28,7520.25
^NSEMDCP50,Nifty Midcap 50,Mid Cap,2021-06-29,7474.2002
^NSEMDCP50,Nifty Midcap 50,Mid Cap,2021-06-30,7474.7998
^NSEMDCP50,Nifty Midcap 50,Mid Cap,2021-07-01,7439.5498
^NSEMDCP50,Nifty Midcap 50,Mid Cap,2021-07-02,7438.7998
^NSEMDCP50,Nifty Midcap 50,Mid Cap,2021-07-05,7517.3999
^NSEMDCP50,Nifty Midcap 50,Mid Cap,2021-07-06,7511.5
^NSEMDCP50,Nifty Midcap 50,Mid Cap,2021-07-07,7578.6499
^NSEMDCP50,Nifty Midcap 50,Mid Cap,2021-07-08,7523.6001
^NSEMDCP50,Nifty Midcap 50,Mid Cap,2021-07-09,7583.7998
^NSEMDCP50,Nifty Midcap 50,Mid Cap,2021-07-12,7623.0
^NSEMDCP50,Nifty Midcap 50,Mid Cap,2021-07-13,7641.1001
^NSEMDCP50,Nifty Midcap 50,Mid Cap,2021-07-14,7654.5
^NSEMDCP50,Nifty Midcap 50,Mid Cap,2021-07-15,7672.2002
^NSEMDCP50,Nifty Midcap 50,Mid Cap,2021-07-16,7707.9502
^NSEMDCP50,Nifty Midcap 50,Mid Cap,2021-07-19,7630.5498
^NSEMDCP50,Nifty Midcap 50,Mid Cap,2021-07-20,7503.3999
^NSEMDCP50,Nifty Midcap 50,Mid Cap,2021-07-22,7588.25
^NSEMDCP50,Nifty Midcap 50,Mid Cap,2021-07-23,7574.3501
^NSEMDCP50,Nifty Midcap 50,Mid Cap,2021-07-26,7549.0498
^NSEMDCP50,Nifty Midcap 50,Mid Cap,2021-07-27,7495.9502
^NSEMDCP50,Nifty Midcap 50,Mid Cap,2021-07-28,7470.8999
^NSEMDCP50,Nifty Midcap 50,Mid Cap,2021-07-29,7553.8501
^NSEMDCP50,Nifty Midcap 50,Mid Cap,2021-07-30,7658.3999
^NSEMDCP50,Nifty Midcap 50,Mid Cap,2021-08-02,7778.8501
^NSEMDCP50,Nifty Midcap 50,Mid Cap,2021-08-03,7778.5498
^NSEMDCP50,Nifty Midcap 50,Mid Cap,2021-08-04,7686.0498
^NSEMDCP50,Nifty Midcap 50,Mid Cap,2021-08-05,7694.1001
^NSEMDCP50,Nifty Midcap 50,Mid Cap,2021-08-06,7683.0
^NSEMDCP50,Nifty Midcap 50,Mid Cap,2021-08-09,7584.0498
^NSEMDCP50,Nifty Midcap 50,Mid Cap,2021-08-10,7458.3999
^NSEMDCP50,Nifty Midcap 50,Mid Cap,2021-08-11,7478.1001
^NSEMDCP50,Nifty Midcap 50,Mid Cap,2021-08-12,7560.6499
^NSEMDCP50,Nifty Midcap 50,Mid Cap,2021-08-13,7514.6499
^NSEMDCP50,Nifty Midcap 50,Mid Cap,2021-08-16,7485.6499
^NSEMDCP50,Nifty Midcap 50,Mid Cap,2021-08-17,7462.6001
^NSEMDCP50,Nifty Midcap 50,Mid Cap,2021-08-18,7465.1001
^NSEMDCP50,Nifty Midcap 50,Mid Cap,2021-08-20,7238.3999
^NSEMDCP50,Nifty Midcap 50,Mid Cap,2021-08-23,7186.7998
^NSEMDCP50,Nifty Midcap 50,Mid Cap,2021-08-24,7315.4502
^NSEMDCP50,Nifty Midcap 50,Mid Cap,2021-08-25,7309.8501
^NSEMDCP50,Nifty Midcap 50,Mid Cap,2021-08-26,7291.5498
^NSEMDCP50,Nifty Midcap 50,Mid Cap,2021-08-27,7357.9502
^NSEMDCP50,Nifty Midcap 50,Mid Cap,2021-08-30,7501.1001
^NSEMDCP50,Nifty Midcap 50,Mid Cap,2021-08-31,7502.9502
^NSEMDCP50,Nifty Midcap 50,Mid Cap,2021-09-01,7585.1499
^NSEMDCP50,Nifty Midcap 50,Mid Cap,2021-09-02,7690.0
^NSEMDCP50,Nifty Midcap 50,Mid Cap,2021-09-03,7733.7998
^NSEMDCP50,Nifty Midcap 50,Mid Cap,2021-09-06,7757.75
^NSEMDCP50,Nifty Midcap 50,Mid Cap,2021-09-07,7774.7002
^NSEMDCP50,Nifty Midcap 50,Mid Cap,2021-09-08,7808.0498
^NSEMDCP50,Nifty Midcap 50,Mid Cap,2021-09-09,7829.0
^NSEMDCP50,Nifty Midcap 50,Mid Cap,2021-09-13,7864.1499
^NSEMDCP50,Nifty Midcap 50,Mid Cap,2021-09-14,8017.2002
^NSEMDCP50,Nifty Midcap 50,Mid Cap,2021-09-15,8124.1499
^NSEMDCP50,Nifty Midcap 50,Mid Cap,2021-09-16,8189.0
^NSEMDCP50,Nifty Midcap 50,Mid Cap,2021-09-17,8091.6001
^NSEMDCP50,Nifty Midcap 50,Mid Cap,2021-09-20,7886.8999
^NSEMDCP50,Nifty Midcap 50,Mid Cap,2021-09-21,7949.4502
^NSEMDCP50,Nifty Midcap 50,Mid Cap,2021-09-22,8167.3501
^NSEMDCP50,Nifty Midcap 50,Mid Cap,2021-09-23,8271.6504
^NSEMDCP50,Nifty Midcap 50,Mid Cap,2021-09-24,8184.1001
^NSEMDCP50,Nifty Midcap 50,Mid Cap,2021-09-27,8211.3496
^NSEMDCP50,Nifty Midcap 50,Mid Cap,2021-09-28,8165.7002
^NSEMDCP50,Nifty Midcap 50,Mid Cap,2021-09-29,8257.9502
^NSEMDCP50,Nifty Midcap 50,Mid Cap,2021-09-30,8278.5498
^NSEMDCP50,Nifty Midcap 50,Mid Cap,2021-10-01,8261.75
^NSEMDCP50,Nifty Midcap 50,Mid Cap,2021-10-04,8413.4502
^NSEMDCP50,Nifty Midcap 50,Mid Cap,2021-10-05,8470.7998
^NSEMDCP50,Nifty Midcap 50,Mid Cap,2021-10-06,8358.0498
^NSEMDCP50,Nifty Midcap 50,Mid Cap,2021-10-07,8553.4502
^NSEMDCP50,Nifty Midcap 50,Mid Cap,2021-10-08,8592.1504
^NSEMDCP50,Nifty Midcap 50,Mid Cap,2021-10-11,8655.5
^NSEMDCP50,Nifty Midcap 50,Mid Cap,2021-10-12,8729.25
^NSEMDCP50,Nifty Midcap 50,Mid Cap,2021-10-13,8851.2002
^NSEMDCP50,Nifty Midcap 50,Mid Cap,2021-10-14,8936.1504
^NSEMDCP50,Nifty Midcap 50,Mid Cap,2021-10-18,9079.7998
^NSEMDCP50,Nifty Midcap 50,Mid Cap,2021-10-19,8878.4004
^NSEMDCP50,Nifty Midcap 50,Mid Cap,2021-10-20,8709.1504
^NSEMDCP50,Nifty Midcap 50,Mid Cap,2021-10-21,8683.75
^NSEMDCP50,Nifty Midcap 50,Mid Cap,2021-10-22,8635.0498
^NSEMDCP50,Nifty Midcap 50,Mid Cap,2021-10-25,8458.5498
^NSEMDCP50,Nifty Midcap 50,Mid Cap,2021-10-26,8641.6504
^NSEMDCP50,Nifty Midcap 50,Mid Cap,2021-10-27,8660.25
^NSEMDCP50,Nifty Midcap 50,Mid Cap,2021-10-28,8514.4502
^NSEMDCP50,Nifty Midcap 50,Mid Cap,2021-10-29,8513.5
^NSEMDCP50,Nifty Midcap 50,Mid Cap,2021-11-01,8680.25
^NSEMDCP50,Nifty Midcap 50,Mid Cap,2021-11-02,8763.5996
^NSEMDCP50,Nifty Midcap 50,Mid Cap,2021-11-03,8726.1504
^NSEMDCP50,Nifty Midcap 50,Mid Cap,2021-11-04,8789.25
^NSEMDCP50,Nifty Midcap 50,Mid Cap,2021-11-08,8929.0498
^NSEMDCP50,Nifty Midcap 50,Mid Cap,2021-11-09,9017.7998
^NSEMDCP50,Nifty Midcap 50,Mid Cap,2021-11-10,8968.7002
^NSEMDCP50,Nifty Midcap 50,Mid Cap,2021-11-11,8883.4502
^NSEMDCP50,Nifty Midcap 50,Mid Cap,2021-11-12,8926.5498
^NSEMDCP50,Nifty Midcap 50,Mid Cap,2021-11-15,8965.0
^NSEMDCP50,Nifty Midcap 50,Mid Cap,2021-11-16,8940.75
^NSEMDCP50,Nifty Midcap 50,Mid Cap,2021-11-17,8884.7998
^NSEMDCP50,Nifty Midcap 50,Mid Cap,2021-11-18,8735.0
^NSEMDCP50,Nifty Midcap 50,Mid Cap,2021-11-22,8476.4502
^NSEMDCP50,Nifty Midcap 50,Mid Cap,2021-11-23,8636.9502
^NSEMDCP50,Nifty Midcap 50,Mid Cap,2021-11-24,8591.7998
^NSEMDCP50,Nifty Midcap 50,Mid Cap,2021-11-25,8630.5
^NSEMDCP50,Nifty Midcap 50,Mid Cap,2021-11-26,8302.75
^NSEMDCP50,Nifty Midcap 50,Mid Cap,2021-11-29,8176.25
^NSEMDCP50,Nifty Midcap 50,Mid Cap,2021-11-30,8186.2998
^NSEMDCP50,Nifty Midcap 50,Mid Cap,2021-12-01,8302.8496
^NSEMDCP50,Nifty Midcap 50,Mid Cap,2021-12-02,8401.9502
^NSEMDCP50,Nifty Midcap 50,Mid Cap,2021-12-03,8402.1504
^NSEMDCP50,Nifty Midcap 50,Mid Cap,2021-12-06,8300.4502
^NSEMDCP50,Nifty Midcap 50,Mid Cap,2021-12-07,8409.3496
^NSEMDCP50,Nifty Midcap 50,Mid Cap,2021-12-08,8554.7002
^NSEMDCP50,Nifty Midcap 50,Mid Cap,2021-12-09,8592.7002
^NSEMDCP50,Nifty Midcap 50,Mid Cap,2021-12-10,8650.5
^NSEMDCP50,Nifty Midcap 50,Mid Cap,2021-12-13,8629.4004
^NSEMDCP50,Nifty Midcap 50,Mid Cap,2021-12-14,8593.1504
^NSEMDCP50,Nifty Midcap 50,Mid Cap,2021-12-15,8520.5
^NSEMDCP50,Nifty Midcap 50,Mid Cap,2021-12-16,8486.1504
^NSEMDCP50,Nifty Midcap 50,Mid Cap,2021-12-17,8267.5498
^NSEMDCP50,Nifty Midcap 50,Mid Cap,2021-12-20,7950.1001
^NSEMDCP50,Nifty Midcap 50,Mid Cap,2021-12-21,8064.6001
^NSEMDCP50,Nifty Midcap 50,Mid Cap,2021-12-22,8202.0996
^NSEMDCP50,Nifty Midcap 50,Mid Cap,2021-12-23,8280.8496
^NSEMDCP50,Nifty Midcap 50,Mid Cap,2021-12-24,8189.5498
^NSEMDCP50,Nifty Midcap 50,Mid Cap,2021-12-27,8204.4004
^NSEMDCP50,Nifty Midcap 50,Mid Cap,2021-12-28,8300.8496
^NSEMDCP50,Nifty Midcap 50,Mid Cap,2021-12-29,8307.25
^NSEMDCP50,Nifty Midcap 50,Mid Cap,2021-12-30,8297.9004
^NSEMDCP50,Nifty Midcap 50,Mid Cap,2021-12-31,8410.75
^NSEMDCP50,Nifty Midcap 50,Mid Cap,2022-01-03,8524.2998
^NSEMDCP50,Nifty Midcap 50,Mid Cap,2022-01-04,8559.1504
^NSEMDCP50,Nifty Midcap 50,Mid Cap,2022-01-05,8570.7998
^NSEMDCP50,Nifty Midcap 50,Mid Cap,2022-01-06,8596.2002
^NSEMDCP50,Nifty Midcap 50,Mid Cap,2022-01-07,8647.0996
^NSEMDCP50,Nifty Midcap 50,Mid Cap,2022-01-10,8726.2002
^NSEMDCP50,Nifty Midcap 50,Mid Cap,2022-01-11,8735.5996
^NSEMDCP50,Nifty Midcap 50,Mid Cap,2022-01-12,8840.0996
^NSEMDCP50,Nifty Midcap 50,Mid Cap,2022-01-13,8897.0498
^NSEMDCP50,Nifty Midcap 50,Mid Cap,2022-01-14,8889.5498
^NSEMDCP50,Nifty Midcap 50,Mid Cap,2022-01-17,8900.9004
^NSEMDCP50,Nifty Midcap 50,Mid Cap,2022-01-18,8697.9004
^NSEMDCP50,Nifty Midcap 50,Mid Cap,2022-01-19,8679.5
^NSEMDCP50,Nifty Midcap 50,Mid Cap,2022-01-20,8655.1504
^NSEMDCP50,Nifty Midcap 50,Mid Cap,2022-01-21,8436.7998
^NSEMDCP50,Nifty Midcap 50,Mid Cap,2022-01-24,8104.6001
^NSEMDCP50,Nifty Midcap 50,Mid Cap,2022-01-25,8213.4502
^NSEMDCP50,Nifty Midcap 50,Mid Cap,2022-01-27,8144.7002
^NSEMDCP50,Nifty Midcap 50,Mid Cap,2022-01-28,8257.4502
^NSEMDCP50,Nifty Midcap 50,Mid Cap,2022-01-31,8395.4004
^NSEMDCP50,Nifty Midcap 50,Mid Cap,2022-02-01,8472.2998
^NSEMDCP50,Nifty Midcap 50,Mid Cap,2022-02-02,8569.4004
^NSEMDCP50,Nifty Midcap 50,Mid Cap,2022-02-03,8469.9004
^NSEMDCP50,Nifty Midcap 50,Mid Cap,2022-02-04,8382.4502
^NSEMDCP50,Nifty Midcap 50,Mid Cap,2022-02-07,8288.5
^NSEMDCP50,Nifty Midcap 50,Mid Cap,2022-02-08,8237.2002
^NSEMDCP50,Nifty Midcap 50,Mid Cap,2022-02-09,8364.5996
^NSEMDCP50,Nifty Midcap 50,Mid Cap,2022-02-10,8392.8496
^NSEMDCP50,Nifty Midcap 50,Mid Cap,2022-02-11,8202.0996
^NSEMDCP50,Nifty Midcap 50,Mid Cap,2022-02-14,7880.25
^NSEMDCP50,Nifty Midcap 50,Mid Cap,2022-02-15,8124.1001
^NSEMDCP50,Nifty Midcap 50,Mid Cap,2022-02-16,8097.7002
^NSEMDCP50,Nifty Midcap 50,Mid Cap,2022-02-17,8069.4502
^NSEMDCP50,Nifty Midcap 50,Mid Cap,2022-02-18,7996.9502
^NSEMDCP50,Nifty Midcap 50,Mid Cap,2022-02-21,7932.6001
^NSEMDCP50,Nifty Midcap 50,Mid Cap,2022-02-22,7868.2002
^NSEMDCP50,Nifty Midcap 50,Mid Cap,2022-02-23,7894.25
^NSEMDCP50,Nifty Midcap 50,Mid Cap,2022-02-24,7407.6499
^NSEMDCP50,Nifty Midcap 50,Mid Cap,2022-02-25,7735.9502
^NSEMDCP50,Nifty Midcap 50,Mid Cap,2022-02-28,7810.4502
^NSEMDCP50,Nifty Midcap 50,Mid Cap,2022-03-02,7793.25
^NSEMDCP50,Nifty Midcap 50,Mid Cap,2022-03-03,7731.0498
^NSEMDCP50,Nifty Midcap 50,Mid Cap,2022-03-04,7552.25
^NSEMDCP50,Nifty Midcap 50,Mid Cap,2022-03-07,7386.3501
^NSEMDCP50,Nifty Midcap 50,Mid Cap,2022-03-08,7503.6001
^NSEMDCP50,Nifty Midcap 50,Mid Cap,2022-03-09,7671.7002
^NSEMDCP50,Nifty Midcap 50,Mid Cap,2022-03-10,7724.4502
^NSEMDCP50,Nifty Midcap 50,Mid Cap,2022-03-11,7778.25
^NSEMDCP50,Nifty Midcap 50,Mid Cap,2022-03-14,7806.1001
^NSEMDCP50,Nifty Midcap 50,Mid Cap,2022-03-15,7740.1001
^NSEMDCP50,Nifty Midcap 50,Mid Cap,2022-03-16,7897.1001
^NSEMDCP50,Nifty Midcap 50,Mid Cap,2022-03-17,8008.9502
^NSEMDCP50,Nifty Midcap 50,Mid Cap,2022-03-21,7953.75
^NSEMDCP50,Nifty Midcap 50,Mid Cap,2022-03-22,7985.8999
^NSEMDCP50,Nifty Midcap 50,Mid Cap,2022-03-23,8027.5498
^NSEMDCP50,Nifty Midcap 50,Mid Cap,2022-03-24,8087.8999
^NSEMDCP50,Nifty Midcap 50,Mid Cap,2022-03-25,8056.2998
^NSEMDCP50,Nifty Midcap 50,Mid Cap,2022-03-28,8015.1001
^NSEMDCP50,Nifty Midcap 50,Mid Cap,2022-03-29,8044.9502
^NSEMDCP50,Nifty Midcap 50,Mid Cap,2022-03-30,8132.1001
^NSEMDCP50,Nifty Midcap 50,Mid Cap,2022-03-31,8183.75
^NSEMDCP50,Nifty Midcap 50,Mid Cap,2022-04-01,8308.7002
^NSEMDCP50,Nifty Midcap 50,Mid Cap,2022-04-04,8424.5
^NSEMDCP50,Nifty Midcap 50,Mid Cap,2022-04-05,8516.4502
^NSEMDCP50,Nifty Midcap 50,Mid Cap,2022-04-06,8563.9502
^NSEMDCP50,Nifty Midcap 50,Mid Cap,2022-04-07,8511.2998
^NSEMDCP50,Nifty Midcap 50,Mid Cap,2022-04-08,8587.5
^NSEMDCP50,Nifty Midcap 50,Mid Cap,2022-04-11,8618.0498
^NSEMDCP50,Nifty Midcap 50,Mid Cap,2022-04-12,8467.5498
^NSEMDCP50,Nifty Midcap 50,Mid Cap,2022-04-13,8455.4004
^NSEMDCP50,Nifty Midcap 50,Mid Cap,2022-04-18,8352.25
^NSEMDCP50,Nifty Midcap 50,Mid Cap,2022-04-19,8253.2998
^NSEMDCP50,Nifty Midcap 50,Mid Cap,2022-04-20,8294.0498
^NSEMDCP50,Nifty Midcap 50,Mid Cap,2022-04-21,8386.7002
^NSEMDCP50,Nifty Midcap 50,Mid Cap,2022-04-22,8299.75
^NSEMDCP50,Nifty Midcap 50,Mid Cap,2022-04-25,8121.3501
^NSEMDCP50,Nifty Midcap 50,Mid Cap,2022-04-26,8271.75
^NSEMDCP50,Nifty Midcap 50,Mid Cap,2022-04-27,8194.9004
^NSEMDCP50,Nifty Midcap 50,Mid Cap,2022-04-28,8244.9502
^NSEMDCP50,Nifty Midcap 50,Mid Cap,2022-04-29,8168.8501
^NSEMDCP50,Nifty Midcap 50,Mid Cap,2022-05-02,8120.1499
^NSEMDCP50,Nifty Midcap 50,Mid Cap,2022-05-04,7933.7002
^NSEMDCP50,Nifty Midcap 50,Mid Cap,2022-05-05,7972.1001
^NSEMDCP50,Nifty Midcap 50,Mid Cap,2022-05-06,7822.0498
^NSEMDCP50,Nifty Midcap 50,Mid Cap,2022-05-09,7668.9502
^NSEMDCP50,Nifty Midcap 50,Mid Cap,2022-05-10,7533.6499
^NSEMDCP50,Nifty Midcap 50,Mid Cap,2022-05-11,7499.5
^NSEMDCP50,Nifty Midcap 50,Mid Cap,2022-05-12,7317.0498
^NSEMDCP50,Nifty Midcap 50,Mid Cap,2022-05-13,7351.9502
^NSEMDCP50,Nifty Midcap 50,Mid Cap,2022-05-16,7468.9502
^NSEMDCP50,Nifty Midcap 50,Mid Cap,2022-05-17,7662.1499
^NSEMDCP50,Nifty Midcap 50,Mid Cap,2022-05-18,7647.6499
^NSEMDCP50,Nifty Midcap 50,Mid Cap,2022-05-19,7422.75
^NSEMDCP50,Nifty Midcap 50,Mid Cap,2022-05-20,7591.6001
^NSEMDCP50,Nifty Midcap 50,Mid Cap,2022-05-23,7569.2002
^NSEMDCP50,Nifty Midcap 50,Mid Cap,2022-05-24,7533.6001
^NSEMDCP50,Nifty Midcap 50,Mid Cap,2022-05-25,7395.7002
^NSEMDCP50,Nifty Midcap 50,Mid Cap,2022-05-26,7488.5498
^NSEMDCP50,Nifty Midcap 50,Mid Cap,2022-05-27,7594.1499
^NSEMDCP50,Nifty Midcap 50,Mid Cap,2022-05-30,7757.4502
^NSEMDCP50,Nifty Midcap 50,Mid Cap,2022-05-31,7783.3999
^NSEMDCP50,Nifty Midcap 50,Mid Cap,2022-06-01,7797.75
^NSEMDCP50,Nifty Midcap 50,Mid Cap,2022-06-02,7837.6001
^NSEMDCP50,Nifty Midcap 50,Mid Cap,2022-06-03,7711.8999
^NSEMDCP50,Nifty Midcap 50,Mid Cap,2022-06-06,7676.0
^NSEMDCP50,Nifty Midcap 50,Mid Cap,2022-06-07,7620.6001
^NSEMDCP50,Nifty Midcap 50,Mid Cap,2022-06-08,7604.75
^NSEMDCP50,Nifty Midcap 50,Mid Cap,2022-06-09,7639.7002
^NSEMDCP50,Nifty Midcap 50,Mid Cap,2022-06-10,7585.6499
^NSEMDCP50,Nifty Midcap 50,Mid Cap,2022-06-13,7355.2998
^NSEMDCP50,Nifty Midcap 50,Mid Cap,2022-06-14,7345.1001
^NSEMDCP50,Nifty Midcap 50,Mid Cap,2022-06-15,7376.6499
^NSEMDCP50,Nifty Midcap 50,Mid Cap,2022-06-16,7196.1499
^NSEMDCP50,Nifty Midcap 50,Mid Cap,2022-06-17,7158.1001
^NSEMDCP50,Nifty Midcap 50,Mid Cap,2022-06-20,7032.2998
^NSEMDCP50,Nifty Midcap 50,Mid Cap,2022-06-21,7231.5498
^NSEMDCP50,Nifty Midcap 50,Mid Cap,2022-06-22,7119.7002
^NSEMDCP50,Nifty Midcap 50,Mid Cap,2022-06-23,7212.9502
^NSEMDCP50,Nifty Midcap 50,Mid Cap,2022-06-24,7314.3999
^NSEMDCP50,Nifty Midcap 50,Mid Cap,2022-06-27,7391.0
^NSEMDCP50,Nifty Midcap 50,Mid Cap,2022-06-28,7399.4502
^NSEMDCP50,Nifty Midcap 50,Mid Cap,2022-06-29,7359.9502
^NSEMDCP50,Nifty Midcap 50,Mid Cap,2022-06-30,7297.6499
^NSEMDCP50,Nifty Midcap 50,Mid Cap,2022-07-01,7355.5498
^NSEMDCP50,Nifty Midcap 50,Mid Cap,2022-07-04,7422.0
^NSEMDCP50,Nifty Midcap 50,Mid Cap,2022-07-05,7400.2998
^NSEMDCP50,Nifty Midcap 50,Mid Cap,2022-07-06,7561.2998
^NSEMDCP50,Nifty Midcap 50,Mid Cap,2022-07-07,7651.0
^NSEMDCP50,Nifty Midcap 50,Mid Cap,2022-07-08,7667.3501
^NSEMDCP50,Nifty Midcap 50,Mid Cap,2022-07-11,7691.3999
^NSEMDCP50,Nifty Midcap 50,Mid Cap,2022-07-12,7625.75
^NSEMDCP50,Nifty Midcap 50,Mid Cap,2022-07-13,7660.8501
^NSEMDCP50,Nifty Midcap 50,Mid Cap,2022-07-14,7649.9502
^NSEMDCP50,Nifty Midcap 50,Mid Cap,2022-07-15,7716.75
^NSEMDCP50,Nifty Midcap 50,Mid Cap,2022-07-18,7843.5
^NSEMDCP50,Nifty Midcap 50,Mid Cap,2022-07-19,7891.8501
^NSEMDCP50,Nifty Midcap 50,Mid Cap,2022-07-20,7906.6499
^NSEMDCP50,Nifty Midcap 50,Mid Cap,2022-07-21,8025.0498
^NSEMDCP50,Nifty Midcap 50,Mid Cap,2022-07-22,8038.25
^NSEMDCP50,Nifty Midcap 50,Mid Cap,2022-07-25,8039.3999
^NSEMDCP50,Nifty Midcap 50,Mid Cap,2022-07-26,7940.0498
^NSEMDCP50,Nifty Midcap 50,Mid Cap,2022-07-27,8004.1499
^NSEMDCP50,Nifty Midcap 50,Mid Cap,2022-07-28,8068.5
^NSEMDCP50,Nifty Midcap 50,Mid Cap,2022-07-29,8170.7998
^NSEMDCP50,Nifty Midcap 50,Mid Cap,2022-08-01,8300.5
^NSEMDCP50,Nifty Midcap 50,Mid Cap,2022-08-02,8319.3496
^NSEMDCP50,Nifty Midcap 50,Mid Cap,2022-08-03,8219.0498
^NSEMDCP50,Nifty Midcap 50,Mid Cap,2022-08-04,8218.5996
^NSEMDCP50,Nifty Midcap 50,Mid Cap,2022-08-05,8225.9004
^NSEMDCP50,Nifty Midcap 50,Mid Cap,2022-08-08,8258.3496
^NSEMDCP50,Nifty Midcap 50,Mid Cap,2022-08-10,8247.8496
^NSEMDCP50,Nifty Midcap 50,Mid Cap,2022-08-11,8322.8496
^NSEMDCP50,Nifty Midcap 50,Mid Cap,2022-08-12,8358.4502
^NSEMDCP50,Nifty Midcap 50,Mid Cap,2022-08-16,8456.1504
^NSEMDCP50,Nifty Midcap 50,Mid Cap,2022-08-17,8506.7998
^NSEMDCP50,Nifty Midcap 50,Mid Cap,2022-08-18,8532.2998
^NSEMDCP50,Nifty Midcap 50,Mid Cap,2022-08-19,8429.7998
^NSEMDCP50,Nifty Midcap 50,Mid Cap,2022-08-22,8259.4004
^NSEMDCP50,Nifty Midcap 50,Mid Cap,2022-08-23,8358.5996
^NSEMDCP50,Nifty Midcap 50,Mid Cap,2022-08-24,8419.9502
^NSEMDCP50,Nifty Midcap 50,Mid Cap,2022-08-25,8431.7002
^NSEMDCP50,Nifty Midcap 50,Mid Cap,2022-08-26,8478.2998
^NSEMDCP50,Nifty Midcap 50,Mid Cap,2022-08-29,8394.5996
^NSEMDCP50,Nifty Midcap 50,Mid Cap,2022-08-30,8556.0
^NSEMDCP50,Nifty Midcap 50,Mid Cap,2022-09-01,8599.0996
^NSEMDCP50,Nifty Midcap 50,Mid Cap,2022-09-02,8587.7002
^NSEMDCP50,Nifty Midcap 50,Mid Cap,2022-09-05,8630.5996
^NSEMDCP50,Nifty Midcap 50,Mid Cap,2022-09-06,8651.9502
^NSEMDCP50,Nifty Midcap 50,Mid Cap,2022-09-07,8700.0498
^NSEMDCP50,Nifty Midcap 50,Mid Cap,2022-09-08,8714.0996
^NSEMDCP50,Nifty Midcap 50,Mid Cap,2022-09-09,8735.5996
^NSEMDCP50,Nifty Midcap 50,Mid Cap,2022-09-12,8821.0498
^NSEMDCP50,Nifty Midcap 50,Mid Cap,2022-09-13,8829.0
^NSEMDCP50,Nifty Midcap 50,Mid Cap,2022-09-14,8795.7002
^NSEMDCP50,Nifty Midcap 50,Mid Cap,2022-09-15,8833.25
^NSEMDCP50,Nifty Midcap 50,Mid Cap,2022-09-16,8573.4502
^NSEMDCP50,Nifty Midcap 50,Mid Cap,2022-09-19,8572.9004
^NSEMDCP50,Nifty Midcap 50,Mid Cap,2022-09-20,8680.5996
^NSEMDCP50,Nifty Midcap 50,Mid Cap,2022-09-21,8627.9502
^NSEMDCP50,Nifty Midcap 50,Mid Cap,2022-09-22,8661.1504
^NSEMDCP50,Nifty Midcap 50,Mid Cap,2022-09-23,8428.75
^NSEMDCP50,Nifty Midcap 50,Mid Cap,2022-09-26,8174.4502
^NSEMDCP50,Nifty Midcap 50,Mid Cap,2022-09-27,8182.1499
^NSEMDCP50,Nifty Midcap 50,Mid Cap,2022-09-28,8140.7002
^NSEMDCP50,Nifty Midcap 50,Mid Cap,2022-09-29,8179.6001
^NSEMDCP50,Nifty Midcap 50,Mid Cap,2022-09-30,8332.7002
^NSEMDCP50,Nifty Midcap 50,Mid Cap,2022-10-03,8225.9004
^NSEMDCP50,Nifty Midcap 50,Mid Cap,2022-10-04,8481.1504
^NSEMDCP50,Nifty Midcap 50,Mid Cap,2022-10-06,8579.5
^NSEMDCP50,Nifty Midcap 50,Mid Cap,2022-10-07,8558.7998
^NSEMDCP50,Nifty Midcap 50,Mid Cap,2022-10-10,8483.1504
^NSEMDCP50,Nifty Midcap 50,Mid Cap,2022-10-11,8340.8496
^NSEMDCP50,Nifty Midcap 50,Mid Cap,2022-10-12,8406.0996
^NSEMDCP50,Nifty Midcap 50,Mid Cap,2022-10-13,8328.1504
^NSEMDCP50,Nifty Midcap 50,Mid Cap,2022-10-14,8326.3496
^NSEMDCP50,Nifty Midcap 50,Mid Cap,2022-10-17,8385.0498
^NSEMDCP50,Nifty Midcap 50,Mid Cap,2022-10-18,8518.7998
^NSEMDCP50,Nifty Midcap 50,Mid Cap,2022-10-19,8520.0498
^NSEMDCP50,Nifty Midcap 50,Mid Cap,2022-10-20,8484.3496
^NSEMDCP50,Nifty Midcap 50,Mid Cap,2022-10-21,8457.9004
^NSEMDCP50,Nifty Midcap 50,Mid Cap,2022-10-24,8496.7002
^NSEMDCP50,Nifty Midcap 50,Mid Cap,2022-10-25,8537.0498
^NSEMDCP50,Nifty Midcap 50,Mid Cap,2022-10-27,8603.4502
^NSEMDCP50,Nifty Midcap 50,Mid Cap,2022-10-28,8581.25
^NSEMDCP50,Nifty Midcap 50,Mid Cap,2022-10-31,8690.3496
^NSEMDCP50,Nifty Midcap 50,Mid Cap,2022-11-01,8762.4502
^NSEMDCP50,Nifty Midcap 50,Mid Cap,2022-11-02,8742.9502
^NSEMDCP50,Nifty Midcap 50,Mid Cap,2022-11-03,8775.0996
^NSEMDCP50,Nifty Midcap 50,Mid Cap,2022-11-04,8747.0
^NSEMDCP50,Nifty Midcap 50,Mid Cap,2022-11-07,8824.7998
^NSEMDCP50,Nifty Midcap 50,Mid Cap,2022-11-09,8760.2998
^NSEMDCP50,Nifty Midcap 50,Mid Cap,2022-11-10,8675.0498
^NSEMDCP50,Nifty Midcap 50,Mid Cap,2022-11-11,8680.5996
^NSEMDCP50,Nifty Midcap 50,Mid Cap,2022-11-14,8678.5498
^NSEMDCP50,Nifty Midcap 50,Mid Cap,2022-11-15,8675.4502
^NSEMDCP50,Nifty Midcap 50,Mid Cap,2022-11-16,8597.4004
^NSEMDCP50,Nifty Midcap 50,Mid Cap,2022-11-17,8583.3496
^NSEMDCP50,Nifty Midcap 50,Mid Cap,2022-11-18,8539.8496
^NSEMDCP50,Nifty Midcap 50,Mid Cap,2022-11-21,8536.4502
^NSEMDCP50,Nifty Midcap 50,Mid Cap,2022-11-22,8583.75
^NSEMDCP50,Nifty Midcap 50,Mid Cap,2022-11-23,8628.4004
^NSEMDCP50,Nifty Midcap 50,Mid Cap,2022-11-24,8673.4502
^NSEMDCP50,Nifty Midcap 50,Mid Cap,2022-11-25,8758.5
^NSEMDCP50,Nifty Midcap 50,Mid Cap,2022-11-28,8808.0
^NSEMDCP50,Nifty Midcap 50,Mid Cap,2022-11-29,8764.3496
^NSEMDCP50,Nifty Midcap 50,Mid Cap,2022-11-30,8855.5996
^NSEMDCP50,Nifty Midcap 50,Mid Cap,2022-12-01,8932.1504
^NSEMDCP50,Nifty Midcap 50,Mid Cap,2022-12-02,8994.1504
^NSEMDCP50,Nifty Midcap 50,Mid Cap,2022-12-05,9014.7002
^NSEMDCP50,Nifty Midcap 50,Mid Cap,2022-12-06,8968.4004
^NSEMDCP50,Nifty Midcap 50,Mid Cap,2022-12-07,8920.0
^NSEMDCP50,Nifty Midcap 50,Mid Cap,2022-12-08,8976.0498
^NSEMDCP50,Nifty Midcap 50,Mid Cap,2022-12-09,8917.2998
^NSEMDCP50,Nifty Midcap 50,Mid Cap,2022-12-12,8960.5996
^NSEMDCP50,Nifty Midcap 50,Mid Cap,2022-12-13,8996.2998
^NSEMDCP50,Nifty Midcap 50,Mid Cap,2022-12-14,9070.0996
^NSEMDCP50,Nifty Midcap 50,Mid Cap,2022-12-15,8982.0996
^NSEMDCP50,Nifty Midcap 50,Mid Cap,2022-12-16,8831.4004
^NSEMDCP50,Nifty Midcap 50,Mid Cap,2022-12-19,8890.7002
^NSEMDCP50,Nifty Midcap 50,Mid Cap,2022-12-20,8859.9004
^NSEMDCP50,Nifty Midcap 50,Mid Cap,2022-12-21,8738.5996
^NSEMDCP50,Nifty Midcap 50,Mid Cap,2022-12-22,8691.9004
^NSEMDCP50,Nifty Midcap 50,Mid Cap,2022-12-23,8400.3496
^NSEMDCP50,Nifty Midcap 50,Mid Cap,2022-12-27,8678.2998
^NSEMDCP50,Nifty Midcap 50,Mid Cap,2022-12-28,8698.4004
^NSEMDCP50,Nifty Midcap 50,Mid Cap,2022-12-29,8697.5
^NSEMDCP50,Nifty Midcap 50,Mid Cap,2022-12-30,8751.75
^NSEMDCP50,Nifty Midcap 50,Mid Cap,2023-01-02,8821.7998
^NSEMDCP50,Nifty Midcap 50,Mid Cap,2023-01-03,8843.3496
^NSEMDCP50,Nifty Midcap 50,Mid Cap,2023-01-04,8745.7002
^NSEMDCP50,Nifty Midcap 50,Mid Cap,2023-01-05,8808.5996
^NSEMDCP50,Nifty Midcap 50,Mid Cap,2023-01-06,8752.2998
^NSEMDCP50,Nifty Midcap 50,Mid Cap,2023-01-09,8826.9502
^NSEMDCP50,Nifty Midcap 50,Mid Cap,2023-01-10,8786.2998
^NSEMDCP50,Nifty Midcap 50,Mid Cap,2023-01-11,8785.4004
^NSEMDCP50,Nifty Midcap 50,Mid Cap,2023-01-12,8748.9004
^NSEMDCP50,Nifty Midcap 50,Mid Cap,2023-01-13,8747.4004
^NSEMDCP50,Nifty Midcap 50,Mid Cap,2023-01-16,8707.3496
^NSEMDCP50,Nifty Midcap 50,Mid Cap,2023-01-17,8695.6504
^NSEMDCP50,Nifty Midcap 50,Mid Cap,2023-01-18,8754.0996
^NSEMDCP50,Nifty Midcap 50,Mid Cap,2023-01-19,8755.3496
^NSEMDCP50,Nifty Midcap 50,Mid Cap,2023-01-20,8687.1504
^NSEMDCP50,Nifty Midcap 50,Mid Cap,2023-01-23,8788.5
^NSEMDCP50,Nifty Midcap 50,Mid Cap,2023-01-24,8733.4502
^NSEMDCP50,Nifty Midcap 50,Mid Cap,2023-01-25,8604.0996
^NSEMDCP50,Nifty Midcap 50,Mid Cap,2023-01-27,8463.0
^NSEMDCP50,Nifty Midcap 50,Mid Cap,2023-01-30,8476.9502
^NSEMDCP50,Nifty Midcap 50,Mid Cap,2023-01-31,8638.0
^NSEMDCP50,Nifty Midcap 50,Mid Cap,2023-02-01,8554.7002
^NSEMDCP50,Nifty Midcap 50,Mid Cap,2023-02-02,8580.6504
^NSEMDCP50,Nifty Midcap 50,Mid Cap,2023-02-03,8604.0498
^NSEMDCP50,Nifty Midcap 50,Mid Cap,2023-02-06,8667.2998
^NSEMDCP50,Nifty Midcap 50,Mid Cap,2023-02-07,8659.5
^NSEMDCP50,Nifty Midcap 50,Mid Cap,2023-02-08,8740.4502
^NSEMDCP50,Nifty Midcap 50,Mid Cap,2023-02-09,8758.5498
^NSEMDCP50,Nifty Midcap 50,Mid Cap,2023-02-10,8771.75
^NSEMDCP50,Nifty Midcap 50,Mid Cap,2023-02-13,8629.5
^NSEMDCP50,Nifty Midcap 50,Mid Cap,2023-02-14,8627.3496
^NSEMDCP50,Nifty Midcap 50,Mid Cap,2023-02-15,8688.8496
^NSEMDCP50,Nifty Midcap 50,Mid Cap,2023-02-16,8749.7002
^NSEMDCP50,Nifty Midcap 50,Mid Cap,2023-02-17,8658.8496
^NSEMDCP50,Nifty Midcap 50,Mid Cap,2023-02-20,8647.2998
^NSEMDCP50,Nifty Midcap 50,Mid Cap,2023-02-21,8609.9502
^NSEMDCP50,Nifty Midcap 50,Mid Cap,2023-02-22,8519.75
^NSEMDCP50,Nifty Midcap 50,Mid Cap,2023-02-23,8507.4502
^NSEMDCP50,Nifty Midcap 50,Mid Cap,2023-02-24,8476.9502
^NSEMDCP50,Nifty Midcap 50,Mid Cap,2023-02-27,8418.0
^NSEMDCP50,Nifty Midcap 50,Mid Cap,2023-02-28,8456.7002
^NSEMDCP50,Nifty Midcap 50,Mid Cap,2023-03-01,8567.7002
^NSEMDCP50,Nifty Midcap 50,Mid Cap,2023-03-02,8549.0
^NSEMDCP50,Nifty Midcap 50,Mid Cap,2023-03-03,8623.75
^NSEMDCP50,Nifty Midcap 50,Mid Cap,2023-03-06,8680.6504
^NSEMDCP50,Nifty Midcap 50,Mid Cap,2023-03-08,8745.0996
^NSEMDCP50,Nifty Midcap 50,Mid Cap,2023-03-09,8690.9502
^NSEMDCP50,Nifty Midcap 50,Mid Cap,2023-03-10,8627.9502
^NSEMDCP50,Nifty Midcap 50,Mid Cap,2023-03-13,8455.5498
^NSEMDCP50,Nifty Midcap 50,Mid Cap,2023-03-14,8423.5
^NSEMDCP50,Nifty Midcap 50,Mid Cap,2023-03-15,8411.4004
^NSEMDCP50,Nifty Midcap 50,Mid Cap,2023-03-16,8455.0498
^NSEMDCP50,Nifty Midcap 50,Mid Cap,2023-03-17,8487.7002
^NSEMDCP50,Nifty Midcap 50,Mid Cap,2023-03-20,8392.2002
^NSEMDCP50,Nifty Midcap 50,Mid Cap,2023-03-21,8433.5996
^NSEMDCP50,Nifty Midcap 50,Mid Cap,2023-03-22,8451.7002
^NSEMDCP50,Nifty Midcap 50,Mid Cap,2023-03-23,8399.9004
^NSEMDCP50,Nifty Midcap 50,Mid Cap,2023-03-24,8283.75
^NSEMDCP50,Nifty Midcap 50,Mid Cap,2023-03-27,8255.8496
^NSEMDCP50,Nifty Midcap 50,Mid Cap,2023-03-28,8231.0996
^NSEMDCP50,Nifty Midcap 50,Mid Cap,2023-03-29,8373.5
^NSEMDCP50,Nifty Midcap 50,Mid Cap,2023-03-31,8466.7998
^NSEMDCP50,Nifty Midcap 50,Mid Cap,2023-04-03,8497.75
^NSEMDCP50,Nifty Midcap 50,Mid Cap,2023-04-05,8495.5498
^NSEMDCP50,Nifty Midcap 50,Mid Cap,2023-04-06,8550.6504
^NSEMDCP50,Nifty Midcap 50,Mid Cap,2023-04-10,8581.9502
^NSEMDCP50,Nifty Midcap 50,Mid Cap,2023-04-11,8607.8496
^NSEMDCP50,Nifty Midcap 50,Mid Cap,2023-04-12,8646.4004
^NSEMDCP50,Nifty Midcap 50,Mid Cap,2023-04-13,8677.3496
^NSEMDCP50,Nifty Midcap 50,Mid Cap,2023-04-17,8699.2002
^NSEMDCP50,Nifty Midcap 50,Mid Cap,2023-04-18,8771.7002
^NSEMDCP50,Nifty Midcap 50,Mid Cap,2023-04-19,8753.4502
^NSEMDCP50,Nifty Midcap 50,Mid Cap,2023-04-20,8767.0996
^NSEMDCP50,Nifty Midcap 50,Mid Cap,2023-04-21,8731.2998
^NSEMDCP50,Nifty Midcap 50,Mid Cap,2023-04-24,8790.2998
^NSEMDCP50,Nifty Midcap 50,Mid Cap,2023-04-25,8815.0996
^NSEMDCP50,Nifty Midcap 50,Mid Cap,2023-04-26,8834.2002
^NSEMDCP50,Nifty Midcap 50,Mid Cap,2023-04-27,8865.1504
^NSEMDCP50,Nifty Midcap 50,Mid Cap,2023-04-28,8962.8496
^NSEMDCP50,Nifty Midcap 50,Mid Cap,2023-05-02,9062.2002
^NSEMDCP50,Nifty Midcap 50,Mid Cap,2023-05-03,9065.8496
^NSEMDCP50,Nifty Midcap 50,Mid Cap,2023-05-04,9122.9004
^NSEMDCP50,Nifty Midcap 50,Mid Cap,2023-05-05,9036.7998
^NSEMDCP50,Nifty Midcap 50,Mid Cap,2023-05-08,9149.1504
^NSEMDCP50,Nifty Midcap 50,Mid Cap,2023-05-09,9152.7998
^NSEMDCP50,Nifty Midcap 50,Mid Cap,2023-05-10,9158.0
^NSEMDCP50,Nifty Midcap 50,Mid Cap,2023-05-11,9194.6504
^NSEMDCP50,Nifty Midcap 50,Mid Cap,2023-05-12,9149.5996
^NSEMDCP50,Nifty Midcap 50,Mid Cap,2023-05-15,9239.25
^NSEMDCP50,Nifty Midcap 50,Mid Cap,2023-05-16,9269.7002
^NSEMDCP50,Nifty Midcap 50,Mid Cap,2023-05-17,9244.6504
^NSEMDCP50,Nifty Midcap 50,Mid Cap,2023-05-18,9176.5498
^NSEMDCP50,Nifty Midcap 50,Mid Cap,2023-05-19,9176.0996
^NSEMDCP50,Nifty Midcap 50,Mid Cap,2023-05-22,9235.9004
^NSEMDCP50,Nifty Midcap 50,Mid Cap,2023-05-23,9286.1504
^NSEMDCP50,Nifty Midcap 50,Mid Cap,2023-05-24,9267.5996
^NSEMDCP50,Nifty Midcap 50,Mid Cap,2023-05-25,9332.0
^NSEMDCP50,Nifty Midcap 50,Mid Cap,2023-05-26,9428.5996
^NSEMDCP50,Nifty Midcap 50,Mid Cap,2023-05-29,9470.3496
^NSEMDCP50,Nifty Midcap 50,Mid Cap,2023-05-30,9506.4004
^NSEMDCP50,Nifty Midcap 50,Mid Cap,2023-05-31,9539.9004
^NSEMDCP50,Nifty Midcap 50,Mid Cap,2023-06-01,9559.5
^NSEMDCP50,Nifty Midcap 50,Mid Cap,2023-06-02,9629.6504
^NSEMDCP50,Nifty Midcap 50,Mid Cap,2023-06-05,9638.1504
^NSEMDCP50,Nifty Midcap 50,Mid Cap,2023-06-06,9628.1504
^NSEMDCP50,Nifty Midcap 50,Mid Cap,2023-06-07,9704.75
^NSEMDCP50,Nifty Midcap 50,Mid Cap,2023-06-08,9609.5996
^NSEMDCP50,Nifty Midcap 50,Mid Cap,2023-06-09,9598.8496
^NSEMDCP50,Nifty Midcap 50,Mid Cap,2023-06-12,9675.6504
^NSEMDCP50,Nifty Midcap 50,Mid Cap,2023-06-13,9795.5
^NSEMDCP50,Nifty Midcap 50,Mid Cap,2023-06-14,9819.6504
^NSEMDCP50,Nifty Midcap 50,Mid Cap,2023-06-15,9803.3496
^NSEMDCP50,Nifty Midcap 50,Mid Cap,2023-06-16,9884.2002
^NSEMDCP50,Nifty Midcap 50,Mid Cap,2023-06-19,9891.5498
^NSEMDCP50,Nifty Midcap 50,Mid Cap,2023-06-20,9957.5498
^NSEMDCP50,Nifty Midcap 50,Mid Cap,2023-06-21,10032.4004
^NSEMDCP50,Nifty Midcap 50,Mid Cap,2023-06-22,9911.4502
^NSEMDCP50,Nifty Midcap 50,Mid Cap,2023-06-23,9807.25
^NSEMDCP50,Nifty Midcap 50,Mid Cap,2023-06-26,9883.7998
^NSEMDCP50,Nifty Midcap 50,Mid Cap,2023-06-27,9945.0996
^NSEMDCP50,Nifty Midcap 50,Mid Cap,2023-06-28,10040.0498
^NSEMDCP50,Nifty Midcap 50,Mid Cap,2023-06-30,10126.8496
^NSEMDCP50,Nifty Midcap 50,Mid Cap,2023-07-03,10142.9502
^NSEMDCP50,Nifty Midcap 50,Mid Cap,2023-07-04,10119.5996
^NSEMDCP50,Nifty Midcap 50,Mid Cap,2023-07-05,10194.1504
^NSEMDCP50,Nifty Midcap 50,Mid Cap,2023-07-06,10267.4004
^NSEMDCP50,Nifty Midcap 50,Mid Cap,2023-07-07,10169.9502
^NSEMDCP50,Nifty Midcap 50,Mid Cap,2023-07-10,10141.8496
^NSEMDCP50,Nifty Midcap 50,Mid Cap,2023-07-11,10249.25
^NSEMDCP50,Nifty Midcap 50,Mid Cap,2023-07-12,10286.0
^NSEMDCP50,Nifty Midcap 50,Mid Cap,2023-07-13,10193.9502
^NSEMDCP50,Nifty Midcap 50,Mid Cap,2023-07-14,10350.9502
^NSEMDCP50,Nifty Midcap 50,Mid Cap,2023-07-17,10373.75
^NSEMDCP50,Nifty Midcap 50,Mid Cap,2023-07-18,10368.5996
^NSEMDCP50,Nifty Midcap 50,Mid Cap,2023-07-19,10454.9004
^NSEMDCP50,Nifty Midcap 50,Mid Cap,2023-07-20,10476.25
^NSEMDCP50,Nifty Midcap 50,Mid Cap,2023-07-21,10446.5498
^NSEMDCP50,Nifty Midcap 50,Mid Cap,2023-07-24,10461.2002
^NSEMDCP50,Nifty Midcap 50,Mid Cap,2023-07-25,10503.4502
^NSEMDCP50,Nifty Midcap 50,Mid Cap,2023-07-26,10562.1504
^NSEMDCP50,Nifty Midcap 50,Mid Cap,2023-07-27,10624.5
^NSEMDCP50,Nifty Midcap 50,Mid Cap,2023-07-28,10686.2998
^NSEMDCP50,Nifty Midcap 50,Mid Cap,2023-07-31,10822.5
^NSEMDCP50,Nifty Midcap 50,Mid Cap,2023-08-01,10793.9502
^NSEMDCP50,Nifty Midcap 50,Mid Cap,2023-08-02,10643.2002
^NSEMDCP50,Nifty Midcap 50,Mid Cap,2023-08-03,10657.5498
^NSEMDCP50,Nifty Midcap 50,Mid Cap,2023-08-04,10741.9004
^NSEMDCP50,Nifty Midcap 50,Mid Cap,2023-08-07,10787.7998
^NSEMDCP50,Nifty Midcap 50,Mid Cap,2023-08-08,10803.4004
^NSEMDCP50,Nifty Midcap 50,Mid Cap,2023-08-09,10855.9004
^NSEMDCP50,Nifty Midcap 50,Mid Cap,2023-08-10,10868.1504
^NSEMDCP50,Nifty Midcap 50,Mid Cap,2023-08-11,10821.8496
^NSEMDCP50,Nifty Midcap 50,Mid Cap,2023-08-14,10827.4502
^NSEMDCP50,Nifty Midcap 50,Mid Cap,2023-08-16,10837.5498
^NSEMDCP50,Nifty Midcap 50,Mid Cap,2023-08-17,10872.75
^NSEMDCP50,Nifty Midcap 50,Mid Cap,2023-08-18,10824.2998
^NSEMDCP50,Nifty Midcap 50,Mid Cap,2023-08-21,10904.0
^NSEMDCP50,Nifty Midcap 50,Mid Cap,2023-08-22,11009.2002
^NSEMDCP50,Nifty Midcap 50,Mid Cap,2023-08-23,11081.7002
^NSEMDCP50,Nifty Midcap 50,Mid Cap,2023-08-24,11131.0498
^NSEMDCP50,Nifty Midcap 50,Mid Cap,2023-08-25,11021.5996
^NSEMDCP50,Nifty Midcap 50,Mid Cap,2023-08-28,11073.0498
^NSEMDCP50,Nifty Midcap 50,Mid Cap,2023-08-29,11109.3496
^NSEMDCP50,Nifty Midcap 50,Mid Cap,2023-08-30,11205.3496
^NSEMDCP50,Nifty Midcap 50,Mid Cap,2023-08-31,11182.6504
^NSEMDCP50,Nifty Midcap 50,Mid Cap,2023-09-01,11260.5996
^NSEMDCP50,Nifty Midcap 50,Mid Cap,2023-09-04,11327.0498
^NSEMDCP50,Nifty Midcap 50,Mid Cap,2023-09-05,11437.6504
^NSEMDCP50,Nifty Midcap 50,Mid Cap,2023-09-06,11469.6504
^NSEMDCP50,Nifty Midcap 50,Mid Cap,2023-09-07,11520.7998
^NSEMDCP50,Nifty Midcap 50,Mid Cap,2023-09-08,11647.1504
^NSEMDCP50,Nifty Midcap 50,Mid Cap,2023-09-11,11725.6504
^NSEMDCP50,Nifty Midcap 50,Mid Cap,2023-09-12,11386.5
^NSEMDCP50,Nifty Midcap 50,Mid Cap,2023-09-13,11454.9502
^NSEMDCP50,Nifty Midcap 50,Mid Cap,2023-09-14,11582.7998
^NSEMDCP50,Nifty Midcap 50,Mid Cap,2023-09-15,11635.9004
^NSEMDCP50,Nifty Midcap 50,Mid Cap,2023-09-18,11595.5
^NSEMDCP50,Nifty Midcap 50,Mid Cap,2023-09-20,11594.7002
^NSEMDCP50,Nifty Midcap 50,Mid Cap,2023-09-21,11502.5
^NSEMDCP50,Nifty Midcap 50,Mid Cap,2023-09-22,11494.9004
^NSEMDCP50,Nifty Midcap 50,Mid Cap,2023-09-25,11600.6504
^NSEMDCP50,Nifty Midcap 50,Mid Cap,2023-09-26,11554.7002
^NSEMDCP50,Nifty Midcap 50,Mid Cap,2023-09-27,11655.0
^NSEMDCP50,Nifty Midcap 50,Mid Cap,2023-09-28,11453.6504
^NSEMDCP50,Nifty Midcap 50,Mid Cap,2023-09-29,11611.6504
^NSEMDCP50,Nifty Midcap 50,Mid Cap,2023-10-03,11607.5996
^NSEMDCP50,Nifty Midcap 50,Mid Cap,2023-10-04,11448.9004
^NSEMDCP50,Nifty Midcap 50,Mid Cap,2023-10-05,11453.9004
^NSEMDCP50,Nifty Midcap 50,Mid Cap,2023-10-06,11543.7002
^NSEMDCP50,Nifty Midcap 50,Mid Cap,2023-10-09,11415.6504
^NSEMDCP50,Nifty Midcap 50,Mid Cap,2023-10-10,11568.4502
^NSEMDCP50,Nifty Midcap 50,Mid Cap,2023-10-11,11607.5498
^NSEMDCP50,Nifty Midcap 50,Mid Cap,2023-10-12,11646.2998
^NSEMDCP50,Nifty Midcap 50,Mid Cap,2023-10-13,11626.7002
^NSEMDCP50,Nifty Midcap 50,Mid Cap,2023-10-16,11648.9004
^NSEMDCP50,Nifty Midcap 50,Mid Cap,2023-10-17,11672.6504
^NSEMDCP50,Nifty Midcap 50,Mid Cap,2023-10-18,11542.75
^NSEMDCP50,Nifty Midcap 50,Mid Cap,2023-10-19,11537.8496
^NSEMDCP50,Nifty Midcap 50,Mid Cap,2023-10-20,11346.4502
^NSEMDCP50,Nifty Midcap 50,Mid Cap,2023-10-23,11140.3496
^NSEMDCP50,Nifty Midcap 50,Mid Cap,2023-10-25,11066.5498
^NSEMDCP50,Nifty Midcap 50,Mid Cap,2023-10-26,10893.0
^NSEMDCP50,Nifty Midcap 50,Mid Cap,2023-10-27,11033.0996
^NSEMDCP50,Nifty Midcap 50,Mid Cap,2023-10-30,11022.0996
^NSEMDCP50,Nifty Midcap 50,Mid Cap,2023-10-31,11068.8496
^NSEMDCP50,Nifty Midcap 50,Mid Cap,2023-11-01,11049.0498
^NSEMDCP50,Nifty Midcap 50,Mid Cap,2023-11-02,11225.5996
^NSEMDCP50,Nifty Midcap 50,Mid Cap,2023-11-03,11311.3496
^NSEMDCP50,Nifty Midcap 50,Mid Cap,2023-11-06,11380.8496
^NSEMDCP50,Nifty Midcap 50,Mid Cap,2023-11-07,11403.0996
^NSEMDCP50,Nifty Midcap 50,Mid Cap,2023-11-08,11501.0498
^NSEMDCP50,Nifty Midcap 50,Mid Cap,2023-11-09,11554.5498
^NSEMDCP50,Nifty Midcap 50,Mid Cap,2023-11-10,11613.75
^NSEMDCP50,Nifty Midcap 50,Mid Cap,2023-11-13,11673.4004
^NSEMDCP50,Nifty Midcap 50,Mid Cap,2023-11-15,11774.9502
^NSEMDCP50,Nifty Midcap 50,Mid Cap,2023-11-16,11875.3496
^NSEMDCP50,Nifty Midcap 50,Mid Cap,2023-11-17,11905.4502
^NSEMDCP50,Nifty Midcap 50,Mid Cap,2023-11-20,11919.7998
^NSEMDCP50,Nifty Midcap 50,Mid Cap,2023-11-21,11954.5498
^NSEMDCP50,Nifty Midcap 50,Mid Cap,2023-11-22,11941.9004
^NSEMDCP50,Nifty Midcap 50,Mid Cap,2023-11-23,11960.3496
^NSEMDCP50,Nifty Midcap 50,Mid Cap,2023-11-24,11955.25
^NSEMDCP50,Nifty Midcap 50,Mid Cap,2023-11-28,12031.5996
^NSEMDCP50,Nifty Midcap 50,Mid Cap,2023-11-29,12113.7998
^NSEMDCP50,Nifty Midcap 50,Mid Cap,2023-11-30,12200.5996
^NSEMDCP50,Nifty Midcap 50,Mid Cap,2023-12-01,12334.5
^NSEMDCP50,Nifty Midcap 50,Mid Cap,2023-12-04,12464.4502
^NSEMDCP50,Nifty Midcap 50,Mid Cap,2023-12-05,12508.0498
^NSEMDCP50,Nifty Midcap 50,Mid Cap,2023-12-06,12549.4004
^NSEMDCP50,Nifty Midcap 50,Mid Cap,2023-12-07,12631.2002
^NSEMDCP50,Nifty Midcap 50,Mid Cap,2023-12-08,12624.2002
^NSEMDCP50,Nifty Midcap 50,Mid Cap,2023-12-11,12684.7002
^NSEMDCP50,Nifty Midcap 50,Mid Cap,2023-12-12,12650.3496
^NSEMDCP50,Nifty Midcap 50,Mid Cap,2023-12-13,12815.5498
^NSEMDCP50,Nifty Midcap 50,Mid Cap,2023-12-14,13000.7002
^NSEMDCP50,Nifty Midcap 50,Mid Cap,2023-12-15,13029.3496
^NSEMDCP50,Nifty Midcap 50,Mid Cap,2023-12-18,13039.0996
^NSEMDCP50,Nifty Midcap 50,Mid Cap,2023-12-19,12977.6504
^NSEMDCP50,Nifty Midcap 50,Mid Cap,2023-12-20,12560.0
^NSEMDCP50,Nifty Midcap 50,Mid Cap,2023-12-21,12764.8496
^NSEMDCP50,Nifty Midcap 50,Mid Cap,2023-12-22,12838.2002
^NSEMDCP50,Nifty Midcap 50,Mid Cap,2023-12-26,12905.5996
^NSEMDCP50,Nifty Midcap 50,Mid Cap,2023-12-27,12946.5
^NSEMDCP50,Nifty Midcap 50,Mid Cap,2023-12-28,13066.25
^NSEMDCP50,Nifty Midcap 50,Mid Cap,2023-12-29,13144.9502
^NSEMDCP50,Nifty Midcap 50,Mid Cap,2024-01-02,13198.3496
^NSEMDCP50,Nifty Midcap 50,Mid Cap,2024-01-03,13226.0996
^NSEMDCP50,Nifty Midcap 50,Mid Cap,2024-01-04,13455.2002
^NSEMDCP50,Nifty Midcap 50,Mid Cap,2024-01-05,13461.5498
^NSEMDCP50,Nifty Midcap 50,Mid Cap,2024-01-08,13291.0498
^NSEMDCP50,Nifty Midcap 50,Mid Cap,2024-01-09,13253.0498
^NSEMDCP50,Nifty Midcap 50,Mid Cap,2024-01-10,13235.8496
^NSEMDCP50,Nifty Midcap 50,Mid Cap,2024-01-11,13271.6504
^NSEMDCP50,Nifty Midcap 50,Mid Cap,2024-01-12,13353.7998
^NSEMDCP50,Nifty Midcap 50,Mid Cap,2024-01-15,13477.5498
^NSEMDCP50,Nifty Midcap 50,Mid Cap,2024-01-16,13410.8496
^NSEMDCP50,Nifty Midcap 50,Mid Cap,2024-01-17,13236.9502
^NSEMDCP50,Nifty Midcap 50,Mid Cap,2024-01-18,13292.5
^NSEMDCP50,Nifty Midcap 50,Mid Cap,2024-01-19,13477.2002
^NSEMDCP50,Nifty Midcap 50,Mid Cap,2024-01-23,13049.0498
^NSEMDCP50,Nifty Midcap 50,Mid Cap,2024-01-24,13356.2002
^NSEMDCP50,Nifty Midcap 50,Mid Cap,2024-01-25,13240.0
^NSEMDCP50,Nifty Midcap 50,Mid Cap,2024-01-29,13543.7998
^NSEMDCP50,Nifty Midcap 50,Mid Cap,2024-01-30,13476.3496
^NSEMDCP50,Nifty Midcap 50,Mid Cap,2024-01-31,13620.5996
^NSEMDCP50,Nifty Midcap 50,Mid Cap,2024-02-01,13529.3496
^NSEMDCP50,Nifty Midcap 50,Mid Cap,2024-02-02,13657.7002
^NSEMDCP50,Nifty Midcap 50,Mid Cap,2024-02-05,13700.0498
^NSEMDCP50,Nifty Midcap 50,Mid Cap,2024-02-06,13862.9004
^NSEMDCP50,Nifty Midcap 50,Mid Cap,2024-02-07,13930.7998
^NSEMDCP50,Nifty Midcap 50,Mid Cap,2024-02-08,13948.5996
^NSEMDCP50,Nifty Midcap 50,Mid Cap,2024-02-09,13840.9004
^NSEMDCP50,Nifty Midcap 50,Mid Cap,2024-02-12,13579.2998
^NSEMDCP50,Nifty Midcap 50,Mid Cap,2024-02-13,13638.4502
^NSEMDCP50,Nifty Midcap 50,Mid Cap,2024-02-14,13776.3496
^NSEMDCP50,Nifty Midcap 50,Mid Cap,2024-02-15,13914.4004
^NSEMDCP50,Nifty Midcap 50,Mid Cap,2024-02-16,14035.4502
^NSEMDCP50,Nifty Midcap 50,Mid Cap,2024-02-20,13984.0
^NSEMDCP50,Nifty Midcap 50,Mid Cap,2024-02-21,13813.5498
^NSEMDCP50,Nifty Midcap 50,Mid Cap,2024-02-22,13961.9502
^NSEMDCP50,Nifty Midcap 50,Mid Cap,2024-02-23,14062.2002
^NSEMDCP50,Nifty Midcap 50,Mid Cap,2024-02-26,13977.9004
^NSEMDCP50,Nifty Midcap 50,Mid Cap,2024-02-27,13931.9502
^NSEMDCP50,Nifty Midcap 50,Mid Cap,2024-02-28,13618.25
^NSEMDCP50,Nifty Midcap 50,Mid Cap,2024-02-29,13745.8496
^NSEMDCP50,Nifty Midcap 50,Mid Cap,2024-03-01,13898.0996
^NSEMDCP50,Nifty Midcap 50,Mid Cap,2024-03-04,14056.75
^NSEMDCP50,Nifty Midcap 50,Mid Cap,2024-03-05,13989.0498
^NSEMDCP50,Nifty Midcap 50,Mid Cap,2024-03-06,13915.7998
^NSEMDCP50,Nifty Midcap 50,Mid Cap,2024-03-07,13948.4004
^NSEMDCP50,Nifty Midcap 50,Mid Cap,2024-03-11,13876.4004
^NSEMDCP50,Nifty Midcap 50,Mid Cap,2024-03-12,13719.2998
^NSEMDCP50,Nifty Midcap 50,Mid Cap,2024-03-13,13189.0498
^NSEMDCP50,Nifty Midcap 50,Mid Cap,2024-03-14,13407.2002
^NSEMDCP50,Nifty Midcap 50,Mid Cap,2024-03-15,13345.5498
^NSEMDCP50,Nifty Midcap 50,Mid Cap,2024-03-18,13201.1504
^NSEMDCP50,Nifty Midcap 50,Mid Cap,2024-03-19,12981.9004
^NSEMDCP50,Nifty Midcap 50,Mid Cap,2024-03-20,12975.1504
^NSEMDCP50,Nifty Midcap 50,Mid Cap,2024-03-21,13305.4004
^NSEMDCP50,Nifty Midcap 50,Mid Cap,2024-03-22,13329.9502
^NSEMDCP50,Nifty Midcap 50,Mid Cap,2024-03-26,13474.0996
^NSEMDCP50,Nifty Midcap 50,Mid Cap,2024-03-27,13460.0498
^NSEMDCP50,Nifty Midcap 50,Mid Cap,2024-03-28,13526.5
^NSEMDCP50,Nifty Midcap 50,Mid Cap,2024-04-01,13772.5996
^NSEMDCP50,Nifty Midcap 50,Mid Cap,2024-04-02,13922.5996
^NSEMDCP50,Nifty Midcap 50,Mid Cap,2024-04-03,13955.8496
^NSEMDCP50,Nifty Midcap 50,Mid Cap,2024-04-04,13941.1504
^NSEMDCP50,Nifty Midcap 50,Mid Cap,2024-04-05,13978.3496
^NSEMDCP50,Nifty Midcap 50,Mid Cap,2024-04-08,13957.0996
^NSEMDCP50,Nifty Midcap 50,Mid Cap,2024-04-09,13941.5996
^NSEMDCP50,Nifty Midcap 50,Mid Cap,2024-04-10,14097.9502
^NSEMDCP50,Nifty Midcap 50,Mid Cap,2024-04-12,14049.0996
^NSEMDCP50,Nifty Midcap 50,Mid Cap,2024-04-15,13841.2998
^NSEMDCP50,Nifty Midcap 50,Mid Cap,2024-04-16,13765.5
^NSEMDCP50,Nifty Midcap 50,Mid Cap,2024-04-18,13687.0498
^NSEMDCP50,Nifty Midcap 50,Mid Cap,2024-04-19,13595.4502
^NSEMDCP50,Nifty Midcap 50,Mid Cap,2024-04-22,13681.25
^NSEMDCP50,Nifty Midcap 50,Mid Cap,2024-04-23,13780.6504
^NSEMDCP50,Nifty Midcap 50,Mid Cap,2024-04-24,13901.7998
^NSEMDCP50,Nifty Midcap 50,Mid Cap,2024-04-25,13964.3496
^NSEMDCP50,Nifty Midcap 50,Mid Cap,2024-04-26,14083.25
^NSEMDCP50,Nifty Midcap 50,Mid Cap,2024-04-29,14153.0498
^NSEMDCP50,Nifty Midcap 50,Mid Cap,2024-04-30,14161.9004
^NSEMDCP50,Nifty Midcap 50,Mid Cap,2024-05-02,14243.5996
^NSEMDCP50,Nifty Midcap 50,Mid Cap,2024-05-03,14189.2998
^NSEMDCP50,Nifty Midcap 50,Mid Cap,2024-05-06,14157.9502
^NSEMDCP50,Nifty Midcap 50,Mid Cap,2024-05-07,13874.7002
^NSEMDCP50,Nifty Midcap 50,Mid Cap,2024-05-08,14010.4004
^NSEMDCP50,Nifty Midcap 50,Mid Cap,2024-05-09,13755.6504
^NSEMDCP50,Nifty Midcap 50,Mid Cap,2024-05-10,13909.9004
^NSEMDCP50,Nifty Midcap 50,Mid Cap,2024-05-13,14064.7998
^NSEMDCP50,Nifty Midcap 50,Mid Cap,2024-05-14,14163.1504
^NSEMDCP50,Nifty Midcap 50,Mid Cap,2024-05-15,14262.5498
^NSEMDCP50,Nifty Midcap 50,Mid Cap,2024-05-16,14396.9004
^NSEMDCP50,Nifty Midcap 50,Mid Cap,2024-05-17,14515.2002
^NSEMDCP50,Nifty Midcap 50,Mid Cap,2024-05-21,14614.5
^NSEMDCP50,Nifty Midcap 50,Mid Cap,2024-05-22,14618.5996
^NSEMDCP50,Nifty Midcap 50,Mid Cap,2024-05-23,14677.4502
^NSEMDCP50,Nifty Midcap 50,Mid Cap,2024-05-24,14662.6504
^NSEMDCP50,Nifty Midcap 50,Mid Cap,2024-05-27,14783.75
^NSEMDCP50,Nifty Midcap 50,Mid Cap,2024-05-28,14664.7002
^NSEMDCP50,Nifty Midcap 50,Mid Cap,2024-05-29,14637.7998
^NSEMDCP50,Nifty Midcap 50,Mid Cap,2024-05-30,14390.8496
^NSEMDCP50,Nifty Midcap 50,Mid Cap,2024-05-31,14443.4502
^NSEMDCP50,Nifty Midcap 50,Mid Cap,2024-06-03,14919.5
^NSEMDCP50,Nifty Midcap 50,Mid Cap,2024-06-04,13762.25
^NSEMDCP50,Nifty Midcap 50,Mid Cap,2024-06-05,14456.3496
^NSEMDCP50,Nifty Midcap 50,Mid Cap,2024-06-06,14724.25
^NSEMDCP50,Nifty Midcap 50,Mid Cap,2024-06-07,14952.4004
^NSEMDCP50,Nifty Midcap 50,Mid Cap,2024-06-10,14908.0
^NSEMDCP50,Nifty Midcap 50,Mid Cap,2024-06-11,15031.9004
^NSEMDCP50,Nifty Midcap 50,Mid Cap,2024-06-12,15243.4004
^NSEMDCP50,Nifty Midcap 50,Mid Cap,2024-06-13,15378.3496
^NSEMDCP50,Nifty Midcap 50,Mid Cap,2024-06-14,15523.5996
^NSEMDCP50,Nifty Midcap 50,Mid Cap,2024-06-18,15591.5498
^NSEMDCP50,Nifty Midcap 50,Mid Cap,2024-06-19,15442.9502
^NSEMDCP50,Nifty Midcap 50,Mid Cap,2024-06-20,15616.5996
^NSEMDCP50,Nifty Midcap 50,Mid Cap,2024-06-21,15623.7998
^NSEMDCP50,Nifty Midcap 50,Mid Cap,2024-06-24,15707.6504
^NSEMDCP50,Nifty Midcap 50,Mid Cap,2024-06-25,15659.8496
^NSEMDCP50,Nifty Midcap 50,Mid Cap,2024-06-26,15595.4502
^NSEMDCP50,Nifty Midcap 50,Mid Cap,2024-06-27,15641.7998
^NSEMDCP50,Nifty Midcap 50,Mid Cap,2024-06-28,15711.1504
^NSEMDCP50,Nifty Midcap 50,Mid Cap,2024-07-01,15840.4004
^NSEMDCP50,Nifty Midcap 50,Mid Cap,2024-07-02,15711.4502
^NSEMDCP50,Nifty Midcap 50,Mid Cap,2024-07-03,15862.2998
^NSEMDCP50,Nifty Midcap 50,Mid Cap,2024-07-04,15976.0498
^NSEMDCP50,Nifty Midcap 50,Mid Cap,2024-07-05,16097.3496
^NSEMDCP50,Nifty Midcap 50,Mid Cap,2024-07-08,15988.9502
^NSEMDCP50,Nifty Midcap 50,Mid Cap,2024-07-09,16027.4502
^NSEMDCP50,Nifty Midcap 50,Mid Cap,2024-07-10,15947.75
^NSEMDCP50,Nifty Midcap 50,Mid Cap,2024-07-11,15966.1504
^NSEMDCP50,Nifty Midcap 50,Mid Cap,2024-07-12,15954.9004
^NSEMDCP50,Nifty Midcap 50,Mid Cap,2024-07-15,16088.4502
^NSEMDCP50,Nifty Midcap 50,Mid Cap,2024-07-16,16104.5996
^NSEMDCP50,Nifty Midcap 50,Mid Cap,2024-07-18,16002.75
^NSEMDCP50,Nifty Midcap 50,Mid Cap,2024-07-19,15596.4004
^NSEMDCP50,Nifty Midcap 50,Mid Cap,2024-07-22,15867.0996
^NSEMDCP50,Nifty Midcap 50,Mid Cap,2024-07-23,15843.5498
^NSEMDCP50,Nifty Midcap 50,Mid Cap,2024-07-24,15981.1504
^NSEMDCP50,Nifty Midcap 50,Mid Cap,2024-07-25,15938.8496
^NSEMDCP50,Nifty Midcap 50,Mid Cap,2024-07-26,16296.2998
^NSEMDCP50,Nifty Midcap 50,Mid Cap,2024-07-29,16455.9004
^NSEMDCP50,Nifty Midcap 50,Mid Cap,2024-07-30,16546.5508
^NSEMDCP50,Nifty Midcap 50,Mid Cap,2024-07-31,16661.6504
^NSEMDCP50,Nifty Midcap 50,Mid Cap,2024-08-01,16505.9492
^NSEMDCP50,Nifty Midcap 50,Mid Cap,2024-08-02,16269.1504
^NSEMDCP50,Nifty Midcap 50,Mid Cap,2024-08-05,15735.9502
^NSEMDCP50,Nifty Midcap 50,Mid Cap,2024-08-06,15654.6504
^NSEMDCP50,Nifty Midcap 50,Mid Cap,2024-08-07,16077.7002
^NSEMDCP50,Nifty Midcap 50,Mid Cap,2024-08-08,16052.5996
^NSEMDCP50,Nifty Midcap 50,Mid Cap,2024-08-09,16176.5498
^NSEMDCP50,Nifty Midcap 50,Mid Cap,2024-08-12,16196.75
^NSEMDCP50,Nifty Midcap 50,Mid Cap,2024-08-13,16055.3496
^NSEMDCP50,Nifty Midcap 50,Mid Cap,2024-08-14,15922.9502
^NSEMDCP50,Nifty Midcap 50,Mid Cap,2024-08-16,16246.25
^NSEMDCP50,Nifty Midcap 50,Mid Cap,2024-08-19,16260.0498
^NSEMDCP50,Nifty Midcap 50,Mid Cap,2024-08-20,16394.9492
^NSEMDCP50,Nifty Midcap 50,Mid Cap,2024-08-21,16444.3496
^NSEMDCP50,Nifty Midcap 50,Mid Cap,2024-08-22,16575.3496
^NSEMDCP50,Nifty Midcap 50,Mid Cap,2024-08-23,16463.0996
^NSEMDCP50,Nifty Midcap 50,Mid Cap,2024-08-26,16558.0
^NSEMDCP50,Nifty Midcap 50,Mid Cap,2024-08-27,16581.0
^NSEMDCP50,Nifty Midcap 50,Mid Cap,2024-08-28,16586.1992
^NSEMDCP50,Nifty Midcap 50,Mid Cap,2024-08-29,16514.6992
^NSEMDCP50,Nifty Midcap 50,Mid Cap,2024-08-30,16618.8008
^NSEMDCP50,Nifty Midcap 50,Mid Cap,2024-09-02,16588.75
^NSEMDCP50,Nifty Midcap 50,Mid Cap,2024-09-03,16651.5996
^NSEMDCP50,Nifty Midcap 50,Mid Cap,2024-09-04,16627.9492
^NSEMDCP50,Nifty Midcap 50,Mid Cap,2024-09-05,16705.1504
^NSEMDCP50,Nifty Midcap 50,Mid Cap,2024-09-06,16413.9492
^NSEMDCP50,Nifty Midcap 50,Mid Cap,2024-09-09,16328.9004
^NSEMDCP50,Nifty Midcap 50,Mid Cap,2024-09-10,16562.8496
^NSEMDCP50,Nifty Midcap 50,Mid Cap,2024-09-11,16545.8496
^NSEMDCP50,Nifty Midcap 50,Mid Cap,2024-09-12,16760.1504
^NSEMDCP50,Nifty Midcap 50,Mid Cap,2024-09-13,16878.0
^NSEMDCP50,Nifty Midcap 50,Mid Cap,2024-09-16,16889.9492
^NSEMDCP50,Nifty Midcap 50,Mid Cap,2024-09-17,16881.0
^NSEMDCP50,Nifty Midcap 50,Mid Cap,2024-09-18,16687.75
^NSEMDCP50,Nifty Midcap 50,Mid Cap,2024-09-19,16584.5508
^NSEMDCP50,Nifty Midcap 50,Mid Cap,2024-09-20,16767.4492
^NSEMDCP50,Nifty Midcap 50,Mid Cap,2024-09-23,16921.3008
^NSEMDCP50,Nifty Midcap 50,Mid Cap,2024-09-24,16990.3496
^NSEMDCP50,Nifty Midcap 50,Mid Cap,2024-09-25,16913.0
^NSEMDCP50,Nifty Midcap 50,Mid Cap,2024-09-26,16947.3008
^NSEMDCP50,Nifty Midcap 50,Mid Cap,2024-09-27,16987.9004
^NSEMDCP50,Nifty Midcap 50,Mid Cap,2024-09-30,16883.3496
^NSEMDCP50,Nifty Midcap 50,Mid Cap,2024-10-01,16952.0508
^NSEMDCP50,Nifty Midcap 50,Mid Cap,2024-10-03,16563.6992
^NSEMDCP50,Nifty Midcap 50,Mid Cap,2024-10-04,16387.5996
^NSEMDCP50,Nifty Midcap 50,Mid Cap,2024-10-07,16133.1504
^NSEMDCP50,Nifty Midcap 50,Mid Cap,2024-10-08,16408.3496
^NSEMDCP50,Nifty Midcap 50,Mid Cap,2024-10-09,16549.1992
^NSEMDCP50,Nifty Midcap 50,Mid Cap,2024-10-10,16482.3496
^NSEMDCP50,Nifty Midcap 50,Mid Cap,2024-10-11,16520.9004
^NSEMDCP50,Nifty Midcap 50,Mid Cap,2024-10-14,16617.4492
^NSEMDCP50,Nifty Midcap 50,Mid Cap,2024-10-15,16658.9492
^NSEMDCP50,Nifty Midcap 50,Mid Cap,2024-10-16,16659.0508
^NSEMDCP50,Nifty Midcap 50,Mid Cap,2024-10-17,16399.1992
^NSEMDCP50,Nifty Midcap 50,Mid Cap,2024-10-18,16460.5996
^NSEMDCP50,Nifty Midcap 50,Mid Cap,2024-10-21,16135.2002
^NSEMDCP50,Nifty Midcap 50,Mid Cap,2024-10-22,15739.5
^NSEMDCP50,Nifty Midcap 50,Mid Cap,2024-10-23,15763.0
^NSEMDCP50,Nifty Midcap 50,Mid Cap,2024-10-24,15656.5
^NSEMDCP50,Nifty Midcap 50,Mid Cap,2024-10-25,15419.5996
^NSEMDCP50,Nifty Midcap 50,Mid Cap,2024-10-28,15544.6504
^NSEMDCP50,Nifty Midcap 50,Mid Cap,2024-10-29,15677.4502
^NSEMDCP50,Nifty Midcap 50,Mid Cap,2024-10-30,15647.5
^NSEMDCP50,Nifty Midcap 50,Mid Cap,2024-10-31,15539.5996
^NSEMDCP50,Nifty Midcap 50,Mid Cap,2024-11-01,15649.2998
^NSEMDCP50,Nifty Midcap 50,Mid Cap,2024-11-04,15507.2002
^NSEMDCP50,Nifty Midcap 50,Mid Cap,2024-11-05,15591.75
^NSEMDCP50,Nifty Midcap 50,Mid Cap,2024-11-06,15958.4004
^NSEMDCP50,Nifty Midcap 50,Mid Cap,2024-11-07,15856.5996
^NSEMDCP50,Nifty Midcap 50,Mid Cap,2024-11-08,15656.9004
^NSEMDCP50,Nifty Midcap 50,Mid Cap,2024-11-11,15529.2002
^NSEMDCP50,Nifty Midcap 50,Mid Cap,2024-11-12,15341.4004
^NSEMDCP50,Nifty Midcap 50,Mid Cap,2024-11-13,14966.5
^NSEMDCP50,Nifty Midcap 50,Mid Cap,2024-11-14,15048.0996
^NSEMDCP50,Nifty Midcap 50,Mid Cap,2024-11-18,15079.1504
^NSEMDCP50,Nifty Midcap 50,Mid Cap,2024-11-19,15185.0
^NSEMDCP50,Nifty Midcap 50,Mid Cap,2024-11-21,15167.5498
^NSEMDCP50,Nifty Midcap 50,Mid Cap,2024-11-22,15353.7002
^NSEMDCP50,Nifty Midcap 50,Mid Cap,2024-11-25,15604.0498
^NSEMDCP50,Nifty Midcap 50,Mid Cap,2024-11-26,15635.3496
^NSEMDCP50,Nifty Midcap 50,Mid Cap,2024-11-27,15730.4004
^NSEMDCP50,Nifty Midcap 50,Mid Cap,2024-11-28,15661.8496
^NSEMDCP50,Nifty Midcap 50,Mid Cap,2024-11-29,15697.75
^NSEMDCP50,Nifty Midcap 50,Mid Cap,2024-12-02,15923.5498
^NSEMDCP50,Nifty Midcap 50,Mid Cap,2024-12-03,16055.7002
^NSEMDCP50,Nifty Midcap 50,Mid Cap,2024-12-04,16217.0498
^NSEMDCP50,Nifty Midcap 50,Mid Cap,2024-12-05,16270.9502
^NSEMDCP50,Nifty Midcap 50,Mid Cap,2024-12-06,16322.25
^NSEMDCP50,Nifty Midcap 50,Mid Cap,2024-12-09,16409.5
^NSEMDCP50,Nifty Midcap 50,Mid Cap,2024-12-10,16483.6504
^NSEMDCP50,Nifty Midcap 50,Mid Cap,2024-12-11,16536.9492
^NSEMDCP50,Nifty Midcap 50,Mid Cap,2024-12-12,16463.8496
^NSEMDCP50,Nifty Midcap 50,Mid Cap,2024-12-13,16456.25
^NSEMDCP50,Nifty Midcap 50,Mid Cap,2024-12-16,16572.9004
^NSEMDCP50,Nifty Midcap 50,Mid Cap,2024-12-17,16490.0508
^NSEMDCP50,Nifty Midcap 50,Mid Cap,2024-12-18,16381.3496
^NSEMDCP50,Nifty Midcap 50,Mid Cap,2024-12-19,16322.75
^NSEMDCP50,Nifty Midcap 50,Mid Cap,2024-12-20,15881.0996
^NSEMDCP50,Nifty Midcap 50,Mid Cap,2024-12-23,15955.25
^NSEMDCP50,Nifty Midcap 50,Mid Cap,2024-12-24,15926.7998
^NSEMDCP50,Nifty Midcap 50,Mid Cap,2024-12-26,15962.9502
^NSEMDCP50,Nifty Midcap 50,Mid Cap,2024-12-27,15919.4004
^NSEMDCP50,Nifty Midcap 50,Mid Cap,2024-12-30,16030.3496
^NSEMDCP50,Nifty Midcap 50,Mid Cap,2024-12-31,15974.0996
^NSEMDCP50,Nifty Midcap 50,Mid Cap,2025-01-02,16241.9502
^NSEMDCP50,Nifty Midcap 50,Mid Cap,2025-01-03,16181.5996
^NSEMDCP50,Nifty Midcap 50,Mid Cap,2025-01-06,15748.2998
^NSEMDCP50,Nifty Midcap 50,Mid Cap,2025-01-07,15868.0498
^NSEMDCP50,Nifty Midcap 50,Mid Cap,2025-01-08,15692.2002
^NSEMDCP50,Nifty Midcap 50,Mid Cap,2025-01-09,15574.75
^NSEMDCP50,Nifty Midcap 50,Mid Cap,2025-01-10,15266.4502
^NSEMDCP50,Nifty Midcap 50,Mid Cap,2025-01-13,14650.0996
^NSEMDCP50,Nifty Midcap 50,Mid Cap,2025-01-14,14970.0996
^NSEMDCP50,Nifty Midcap 50,Mid Cap,2025-01-15,15038.4004
^NSEMDCP50,Nifty Midcap 50,Mid Cap,2025-01-16,15131.5
^NSEMDCP50,Nifty Midcap 50,Mid Cap,2025-01-17,15139.6504
^NSEMDCP50,Nifty Midcap 50,Mid Cap,2025-01-20,15298.4502
^NSEMDCP50,Nifty Midcap 50,Mid Cap,2025-01-21,14963.0
^NSEMDCP50,Nifty Midcap 50,Mid Cap,2025-01-22,14774.75
^NSEMDCP50,Nifty Midcap 50,Mid Cap,2025-01-23,15008.2002
^NSEMDCP50,Nifty Midcap 50,Mid Cap,2025-01-24,14827.0
^NSEMDCP50,Nifty Midcap 50,Mid Cap,2025-01-27,14427.0498
^NSEMDCP50,Nifty Midcap 50,Mid Cap,2025-01-28,14341.4004
^NSEMDCP50,Nifty Midcap 50,Mid Cap,2025-01-29,14671.25
^NSEMDCP50,Nifty Midcap 50,Mid Cap,2025-01-30,14674.0498
^NSEMDCP50,Nifty Midcap 50,Mid Cap,2025-01-31,14948.0996
^NSEMDCP50,Nifty Midcap 50,Mid Cap,2025-02-03,14828.5
^NSEMDCP50,Nifty Midcap 50,Mid Cap,2025-02-04,15070.0
^NSEMDCP50,Nifty Midcap 50,Mid Cap,2025-02-05,15155.9502
^NSEMDCP50,Nifty Midcap 50,Mid Cap,2025-02-06,14961.9004
^NSEMDCP50,Nifty Midcap 50,Mid Cap,2025-02-07,15010.0996
^NSEMDCP50,Nifty Midcap 50,Mid Cap,2025-02-10,14671.2002
^NSEMDCP50,Nifty Midcap 50,Mid Cap,2025-02-11,14253.5996
^NSEMDCP50,Nifty Midcap 50,Mid Cap,2025-02-12,14218.5
^NSEMDCP50,Nifty Midcap 50,Mid Cap,2025-02-13,14257.0498
^NSEMDCP50,Nifty Midcap 50,Mid Cap,2025-02-14,13927.3496
^NSEMDCP50,Nifty Midcap 50,Mid Cap,2025-02-17,13996.8496
^NSEMDCP50,Nifty Midcap 50,Mid Cap,2025-02-18,13996.75
^NSEMDCP50,Nifty Midcap 50,Mid Cap,2025-02-19,14162.75
^NSEMDCP50,Nifty Midcap 50,Mid Cap,2025-02-20,14323.0498
^NSEMDCP50,Nifty Midcap 50,Mid Cap,2025-02-21,14142.5
^NSEMDCP50,Nifty Midcap 50,Mid Cap,2025-02-24,14022.0498
^NSEMDCP50,Nifty Midcap 50,Mid Cap,2025-02-25,13942.2002
^NSEMDCP50,Nifty Midcap 50,Mid Cap,2025-02-27,13824.4502
^NSEMDCP50,Nifty Midcap 50,Mid Cap,2025-02-28,13540.1504
^NSEMDCP50,Nifty Midcap 50,Mid Cap,2025-03-03,13602.8496
^NSEMDCP50,Nifty Midcap 50,Mid Cap,2025-03-04,13594.5498
^NSEMDCP50,Nifty Midcap 50,Mid Cap,2025-03-05,13936.7002
^NSEMDCP50,Nifty Midcap 50,Mid Cap,2025-03-06,13983.2002
^NSEMDCP50,Nifty Midcap 50,Mid Cap,2025-03-07,13922.0996
^NSEMDCP50,Nifty Midcap 50,Mid Cap,2025-03-10,13708.4004
^NSEMDCP50,Nifty Midcap 50,Mid Cap,2025-03-11,13835.75
^NSEMDCP50,Nifty Midcap 50,Mid Cap,2025-03-12,13743.6504
^NSEMDCP50,Nifty Midcap 50,Mid Cap,2025-03-13,13632.8496
^NSEMDCP50,Nifty Midcap 50,Mid Cap,2025-03-17,13752.3496
^NSEMDCP50,Nifty Midcap 50,Mid Cap,2025-03-18,14041.2998
^NSEMDCP50,Nifty Midcap 50,Mid Cap,2025-03-19,14389.75
^NSEMDCP50,Nifty Midcap 50,Mid Cap,2025-03-20,14479.75
^NSEMDCP50,Nifty Midcap 50,Mid Cap,2025-03-21,14630.1504
^NSEMDCP50,Nifty Midcap 50,Mid Cap,2025-03-24,14829.7998
^NSEMDCP50,Nifty Midcap 50,Mid Cap,2025-03-25,14659.2002
^NSEMDCP50,Nifty Midcap 50,Mid Cap,2025-03-26,14567.0498
^NSEMDCP50,Nifty Midcap 50,Mid Cap,2025-03-27,14591.7002
^NSEMDCP50,Nifty Midcap 50,Mid Cap,2025-03-28,14561.5996
^NSEMDCP50,Nifty Midcap 50,Mid Cap,2025-04-01,14421.7002
^NSEMDCP50,Nifty Midcap 50,Mid Cap,2025-04-02,14665.9502
^NSEMDCP50,Nifty Midcap 50,Mid Cap,2025-04-03,14659.9004
^NSEMDCP50,Nifty Midcap 50,Mid Cap,2025-04-04,14238.75
^NSEMDCP50,Nifty Midcap 50,Mid Cap,2025-04-07,13756.5996
^NSEMDCP50,Nifty Midcap 50,Mid Cap,2025-04-08,14064.25
^NSEMDCP50,Nifty Midcap 50,Mid Cap,2025-04-09,14031.5996
^NSEMDCP50,Nifty Midcap 50,Mid Cap,2025-04-11,14267.9004
^NSEMDCP50,Nifty Midcap 50,Mid Cap,2025-04-15,14660.9004
^NSEMDCP50,Nifty Midcap 50,Mid Cap,2025-04-16,14736.9004
^NSEMDCP50,Nifty Midcap 50,Mid Cap,2025-04-17,14829.25
^NSEMDCP50,Nifty Midcap 50,Mid Cap,2025-04-21,15191.9004
^NSEMDCP50,Nifty Midcap 50,Mid Cap,2025-04-22,15352.2002
^NSEMDCP50,Nifty Midcap 50,Mid Cap,2025-04-23,15540.1504
^NSEMDCP50,Nifty Midcap 50,Mid Cap,2025-04-24,15513.7998
^NSEMDCP50,Nifty Midcap 50,Mid Cap,2025-04-25,15137.5
^NSEMDCP50,Nifty Midcap 50,Mid Cap,2025-04-28,15404.9502
^NSEMDCP50,Nifty Midcap 50,Mid Cap,2025-04-29,15442.2998
^NSEMDCP50,Nifty Midcap 50,Mid Cap,2025-04-30,15314.0996
^NSEMDCP50,Nifty Midcap 50,Mid Cap,2025-05-02,15176.3496
^NSEMDCP50,Nifty Midcap 50,Mid Cap,2025-05-05,15448.9004
^NSEMDCP50,Nifty Midcap 50,Mid Cap,2025-05-06,15120.7002
^NSEMDCP50,Nifty Midcap 50,Mid Cap,2025-05-07,15407.4004
^NSEMDCP50,Nifty Midcap 50,Mid Cap,2025-05-08,15098.8496
^NSEMDCP50,Nifty Midcap 50,Mid Cap,2025-05-09,15097.5498
^NSEMDCP50,Nifty Midcap 50,Mid Cap,2025-05-12,15723.1504
^NSEMDCP50,Nifty Midcap 50,Mid Cap,2025-05-13,15729.2002
^NSEMDCP50,Nifty Midcap 50,Mid Cap,2025-05-14,15848.5996
^NSEMDCP50,Nifty Midcap 50,Mid Cap,2025-05-15,15931.8496
^NSEMDCP50,Nifty Midcap 50,Mid Cap,2025-05-16,16043.6504
^NSEMDCP50,Nifty Midcap 50,Mid Cap,2025-05-19,16044.0996
^NSEMDCP50,Nifty Midcap 50,Mid Cap,2025-05-20,15797.5996
^NSEMDCP50,Nifty Midcap 50,Mid Cap,2025-05-21,15888.0
^NSEMDCP50,Nifty Midcap 50,Mid Cap,2025-05-22,15759.25
^NSEMDCP50,Nifty Midcap 50,Mid Cap,2025-05-23,15882.0
^NSEMDCP50,Nifty Midcap 50,Mid Cap,2025-05-26,15970.4502
^NSEMDCP50,Nifty Midcap 50,Mid Cap,2025-05-27,15973.5498
^NSEMDCP50,Nifty Midcap 50,Mid Cap,2025-05-28,15929.7998
^NSEMDCP50,Nifty Midcap 50,Mid Cap,2025-05-29,16041.4502
^NSEMDCP50,Nifty Midcap 50,Mid Cap,2025-05-30,15998.9004
^NSEMDCP50,Nifty Midcap 50,Mid Cap,2025-06-02,16114.3496
^NSEMDCP50,Nifty Midcap 50,Mid Cap,2025-06-03,16052.5498
^NSEMDCP50,Nifty Midcap 50,Mid Cap,2025-06-04,16195.4004
^NSEMDCP50,Nifty Midcap 50,Mid Cap,2025-06-05,16296.6504
^NSEMDCP50,Nifty Midcap 50,Mid Cap,2025-06-06,16569.5996
^NSEMDCP50,Nifty Midcap 50,Mid Cap,2025-06-09,16755.25
^NSEMDCP50,Nifty Midcap 50,Mid Cap,2025-06-10,16749.1504
^NSEMDCP50,Nifty Midcap 50,Mid Cap,2025-06-11,16683.3008
^NSEMDCP50,Nifty Midcap 50,Mid Cap,2025-06-12,16438.0508
^NSEMDCP50,Nifty Midcap 50,Mid Cap,2025-06-13,16391.9004
^NSEMDCP50,Nifty Midcap 50,Mid Cap,2025-06-16,16545.6992
^NSEMDCP50,Nifty Midcap 50,Mid Cap,2025-06-17,16447.4004
^NSEMDCP50,Nifty Midcap 50,Mid Cap,2025-06-18,16367.8496
^NSEMDCP50,Nifty Midcap 50,Mid Cap,2025-06-19,16102.0
^NSEMDCP50,Nifty Midcap 50,Mid Cap,2025-06-20,16357.25
^NSEMDCP50,Nifty Midcap 50,Mid Cap,2025-06-23,16420.8008
^NSEMDCP50,Nifty Midcap 50,Mid Cap,2025-06-24,16557.5
^NSEMDCP50,Nifty Midcap 50,Mid Cap,2025-06-25,16634.25
^NSEMDCP50,Nifty Midcap 50,Mid Cap,2025-06-26,16745.0508
^NSEMDCP50,Nifty Midcap 50,Mid Cap,2025-06-27,16760.9492
^NSEMDCP50,Nifty Midcap 50,Mid Cap,2025-06-30,16846.1992
^NSEMDCP50,Nifty Midcap 50,Mid Cap,2025-07-01,16851.5508
^NSEMDCP50,Nifty Midcap 50,Mid Cap,2025-07-02,16840.1992
^NSEMDCP50,Nifty Midcap 50,Mid Cap,2025-07-03,16860.8008
^NSEMDCP50,Nifty Midcap 50,Mid Cap,2025-07-04,16841.1504
^NSEMDCP50,Nifty Midcap 50,Mid Cap,2025-07-07,16811.1504
^NSEMDCP50,Nifty Midcap 50,Mid Cap,2025-07-08,16776.0996
^NSEMDCP50,Nifty Midcap 50,Mid Cap,2025-07-09,16753.1504
^NSEMDCP50,Nifty Midcap 50,Mid Cap,2025-07-10,16675.6504
^NSEMDCP50,Nifty Midcap 50,Mid Cap,2025-07-11,16482.9004
^NSEMDCP50,Nifty Midcap 50,Mid Cap,2025-07-14,16620.3008
^NSEMDCP50,Nifty Midcap 50,Mid Cap,2025-07-15,16783.8008
^NSEMDCP50,Nifty Midcap 50,Mid Cap,2025-07-16,16776.25
^NSEMDCP50,Nifty Midcap 50,Mid Cap,2025-07-17,16747.4492
^NSEMDCP50,Nifty Midcap 50,Mid Cap,2025-07-18,16645.4004
^NSEMDCP50,Nifty Midcap 50,Mid Cap,2025-07-21,16752.5996
^NSEMDCP50,Nifty Midcap 50,Mid Cap,2025-07-22,16621.1504
^NSEMDCP50,Nifty Midcap 50,Mid Cap,2025-07-23,16694.1504
^NSEMDCP50,Nifty Midcap 50,Mid Cap,2025-07-24,16566.8496
^NSEMDCP50,Nifty Midcap 50,Mid Cap,2025-07-25,16334.5498
^NSEMDCP50,Nifty Midcap 50,Mid Cap,2025-07-28,16254.4502
^NSEMDCP50,Nifty Midcap 50,Mid Cap,2025-07-29,16386.1504
^NSEMDCP50,Nifty Midcap 50,Mid Cap,2025-07-30,16367.75
^NSEMDCP50,Nifty Midcap 50,Mid Cap,2025-07-31,16212.4502
^NSEMDCP50,Nifty Midcap 50,Mid Cap,2025-08-01,15963.1504
^NSEMDCP50,Nifty Midcap 50,Mid Cap,2025-08-04,16177.75
^NSEMDCP50,Nifty Midcap 50,Mid Cap,2025-08-05,16084.5
^NSEMDCP50,Nifty Midcap 50,Mid Cap,2025-08-06,15955.6504
^NSEMDCP50,Nifty Midcap 50,Mid Cap,2025-08-07,16034.0498
^NSEMDCP50,Nifty Midcap 50,Mid Cap,2025-08-08,15785.5996
^NSEMDCP50,Nifty Midcap 50,Mid Cap,2025-08-11,15922.25
^NSEMDCP50,Nifty Midcap 50,Mid Cap,2025-08-12,15856.0498
^NSEMDCP50,Nifty Midcap 50,Mid Cap,2025-08-13,15996.5996
^NSEMDCP50,Nifty Midcap 50,Mid Cap,2025-08-14,15926.1504
^NSEMDCP50,Nifty Midcap 50,Mid Cap,2025-08-18,16136.9502
^NSEMDCP50,Nifty Midcap 50,Mid Cap,2025-08-19,16299.3496
^NSEMDCP50,Nifty Midcap 50,Mid Cap,2025-08-20,16392.3496
^NSEMDCP50,Nifty Midcap 50,Mid Cap,2025-08-21,16316.5996
^NSEMDCP50,Nifty Midcap 50,Mid Cap,2025-08-22,16306.8496
^NSEMDCP50,Nifty Midcap 50,Mid Cap,2025-08-25,16332.7002
^NSEMDCP50,Nifty Midcap 50,Mid Cap,2025-08-26,16020.4004
^NSEMDCP50,Nifty Midcap 50,Mid Cap,2025-08-28,15817.3496
^NSEMDCP50,Nifty Midcap 50,Mid Cap,2025-08-29,15714.75
^NSEMDCP50,Nifty Midcap 50,Mid Cap,2025-09-01,16033.5498
^NSEMDCP50,Nifty Midcap 50,Mid Cap,2025-09-02,16068.9004
^NSEMDCP50,Nifty Midcap 50,Mid Cap,2025-09-03,16156.2002
^NSEMDCP50,Nifty Midcap 50,Mid Cap,2025-09-04,16069.0996
^NSEMDCP50,Nifty Midcap 50,Mid Cap,2025-09-05,16091.9004
^NSEMDCP50,Nifty Midcap 50,Mid Cap,2025-09-08,16163.3496
^NSEMDCP50,Nifty Midcap 50,Mid Cap,2025-09-09,16208.0498
^NSEMDCP50,Nifty Midcap 50,Mid Cap,2025-09-10,16361.7002
^NSEMDCP50,Nifty Midcap 50,Mid Cap,2025-09-11,16377.0
^NSEMDCP50,Nifty Midcap 50,Mid Cap,2025-09-12,16430.0508
^NSEMDCP50,Nifty Midcap 50,Mid Cap,2025-09-15,16507.0508
^NSEMDCP50,Nifty Midcap 50,Mid Cap,2025-09-16,16600.4492
^NSEMDCP50,Nifty Midcap 50,Mid Cap,2025-09-17,16597.9004
^NSEMDCP50,Nifty Midcap 50,Mid Cap,2025-09-18,16658.9004
^NSEMDCP50,Nifty Midcap 50,Mid Cap,2025-09-19,16633.9004
^NSEMDCP50,Nifty Midcap 50,Mid Cap,2025-09-22,16511.4492
^NSEMDCP50,Nifty Midcap 50,Mid Cap,2025-09-23,16489.8496
^NSEMDCP50,Nifty Midcap 50,Mid Cap,2025-09-24,16313.75
^NSEMDCP50,Nifty Midcap 50,Mid Cap,2025-09-25,16205.3496
^NSEMDCP50,Nifty Midcap 50,Mid Cap,2025-09-26,15902.2998
^NSEMDCP50,Nifty Midcap 50,Mid Cap,2025-09-29,15948.5996
^NSEMDCP50,Nifty Midcap 50,Mid Cap,2025-09-30,15945.4004
^NSEMDCP50,Nifty Midcap 50,Mid Cap,2025-10-01,16084.0498
^NSEMDCP50,Nifty Midcap 50,Mid Cap,2025-10-03,16199.8496
^NSEMDCP50,Nifty Midcap 50,Mid Cap,2025-10-06,16402.6992
^NSEMDCP50,Nifty Midcap 50,Mid Cap,2025-10-07,16474.0
^NSEMDCP50,Nifty Midcap 50,Mid Cap,2025-10-08,16352.9004
^NSEMDCP50,Nifty Midcap 50,Mid Cap,2025-10-09,16522.4004
^NSEMDCP50,Nifty Midcap 50,Mid Cap,2025-10-10,16615.1504
^NSEMDCP50,Nifty Midcap 50,Mid Cap,2025-10-13,16653.9004
^NSEMDCP50,Nifty Midcap 50,Mid Cap,2025-10-14,16500.25
^NSEMDCP50,Nifty Midcap 50,Mid Cap,2025-10-15,16678.1504
^NSEMDCP50,Nifty Midcap 50,Mid Cap,2025-10-16,16766.5996
^NSEMDCP50,Nifty Midcap 50,Mid Cap,2025-10-17,16668.75
^NSEMDCP50,Nifty Midcap 50,Mid Cap,2025-10-20,16812.5996
^NSEMDCP50,Nifty Midcap 50,Mid Cap,2025-10-21,16814.25
^NSEMDCP50,Nifty Midcap 50,Mid Cap,2025-10-23,16799.0
^NSEMDCP50,Nifty Midcap 50,Mid Cap,2025-10-24,16736.8008
^NSEMDCP50,Nifty Midcap 50,Mid Cap,2025-10-27,16913.25
^NSEMDCP50,Nifty Midcap 50,Mid Cap,2025-10-28,16931.25
^NSEMDCP50,Nifty Midcap 50,Mid Cap,2025-10-29,17034.4492
^NSEMDCP50,Nifty Midcap 50,Mid Cap,2025-10-30,17052.25
^NSEMDCP50,Nifty Midcap 50,Mid Cap,2025-10-31,17006.3008
^NSEMDCP50,Nifty Midcap 50,Mid Cap,2025-11-03,17135.6504
^NSEMDCP50,Nifty Midcap 50,Mid Cap,2025-11-04,17048.8008
^NSEMDCP50,Nifty Midcap 50,Mid Cap,2025-11-06,16931.3496
^NSEMDCP50,Nifty Midcap 50,Mid Cap,2025-11-07,17030.9004
^NSEMDCP50,Nifty Midcap 50,Mid Cap,2025-11-10,17097.4492
^NSEMDCP50,Nifty Midcap 50,Mid Cap,2025-11-11,17196.5996
^NSEMDCP50,Nifty Midcap 50,Mid Cap,2025-11-12,17339.6504
^NSEMDCP50,Nifty Midcap 50,Mid Cap,2025-11-13,17281.3008
^NSEMDCP50,Nifty Midcap 50,Mid Cap,2025-11-14,17299.6992
^NSEMDCP50,Nifty Midcap 50,Mid Cap,2025-11-17,17444.5
^NSEMDCP50,Nifty Midcap 50,Mid Cap,2025-11-18,17337.6504
^NSEMDCP50,Nifty Midcap 50,Mid Cap,2025-11-19,17376.8008
^NSEMDCP50,Nifty Midcap 50,Mid Cap,2025-11-20,17376.3496
^NSEMDCP50,Nifty Midcap 50,Mid Cap,2025-11-21,17204.3496
^NSEMDCP50,Nifty Midcap 50,Mid Cap,2025-11-24,17092.5508
^NSEMDCP50,Nifty Midcap 50,Mid Cap,2025-11-25,17188.9492
^NSEMDCP50,Nifty Midcap 50,Mid Cap,2025-11-26,17424.0996
^NSEMDCP50,Nifty Midcap 50,Mid Cap,2025-11-27,17451.6992
^NSEMDCP50,Nifty Midcap 50,Mid Cap,2025-11-28,17423.0508
^NSEMDCP50,Nifty Midcap 50,Mid Cap,2025-12-01,17422.6992
^NSEMDCP50,Nifty Midcap 50,Mid Cap,2025-12-02,17382.0996
^NSEMDCP50,Nifty Midcap 50,Mid Cap,2025-12-03,17215.3496
^NSEMDCP50,Nifty Midcap 50,Mid Cap,2025-12-04,17252.3496
^NSEMDCP50,Nifty Midcap 50,Mid Cap,2025-12-05,17383.0
^NSEMDCP50,Nifty Midcap 50,Mid Cap,2025-12-08,17085.6504
^NSEMDCP50,Nifty Midcap 50,Mid Cap,2025-12-09,17110.25
^NSEMDCP50,Nifty Midcap 50,Mid Cap,2025-12-10,16918.75
^NSEMDCP50,Nifty Midcap 50,Mid Cap,2025-12-11,17089.75
^NSEMDCP50,Nifty Midcap 50,Mid Cap,2025-12-12,17276.1992
^NSEMDCP50,Nifty Midcap 50,Mid Cap,2025-12-15,17262.6992
^NSEMDCP50,Nifty Midcap 50,Mid Cap,2025-12-16,17114.5
^NSEMDCP50,Nifty Midcap 50,Mid Cap,2025-12-17,17006.8496
^NSEMDCP50,Nifty Midcap 50,Mid Cap,2025-12-18,17091.8496
^NSEMDCP50,Nifty Midcap 50,Mid Cap,2025-12-19,17265.8496
^NSEMDCP50,Nifty Midcap 50,Mid Cap,2025-12-22,17397.9004
^NSEMDCP50,Nifty Midcap 50,Mid Cap,2025-12-23,17389.3008
^NSEMDCP50,Nifty Midcap 50,Mid Cap,2025-12-24,17248.1992
^NSEMDCP50,Nifty Midcap 50,Mid Cap,2025-12-26,17183.3008
^NSEMDCP50,Nifty Midcap 50,Mid Cap,2025-12-29,17096.9004
^NSEMDCP50,Nifty Midcap 50,Mid Cap,2025-12-30,17059.0
^NSEMDCP50,Nifty Midcap 50,Mid Cap,2025-12-31,17254.0508
^NSEMDCP50,Nifty Midcap 50,Mid Cap,2026-01-02,17505.6992
^NSEMDCP50,Nifty Midcap 50,Mid Cap,2026-01-05,17482.3008
^NSEMDCP50,Nifty Midcap 50,Mid Cap,2026-01-06,17471.3496
^NSEMDCP50,Nifty Midcap 50,Mid Cap,2026-01-07,17534.3496
^NSEMDCP50,Nifty Midcap 50,Mid Cap,2026-01-08,17215.4492
^NSEMDCP50,Nifty Midcap 50,Mid Cap,2026-01-09,17096.5
^NSEMDCP50,Nifty Midcap 50,Mid Cap,2026-01-12,17085.4004
^NSEMDCP50,Nifty Midcap 50,Mid Cap,2026-01-13,17034.0
^NSEMDCP50,Nifty Midcap 50,Mid Cap,2026-01-14,17054.25
^NSEMDCP50,Nifty Midcap 50,Mid Cap,2026-01-16,17146.1992
^NSEMDCP50,Nifty Midcap 50,Mid Cap,2026-01-19,17103.0
^NSEMDCP50,Nifty Midcap 50,Mid Cap,2026-01-20,16635.8008
^NSEMDCP50,Nifty Midcap 50,Mid Cap,2026-01-21,16453.5508
^NSEMDCP50,Nifty Midcap 50,Mid Cap,2026-01-22,16672.0
^NSEMDCP50,Nifty Midcap 50,Mid Cap,2026-01-23,16348.1504
^NSEMDCP50,Nifty Midcap 50,Mid Cap,2026-01-27,16431.3496
^NSEMDCP50,Nifty Midcap 50,Mid Cap,2026-01-28,16703.0508
^NSEMDCP50,Nifty Midcap 50,Mid Cap,2026-01-29,16736.25
^NSEMDCP50,Nifty Midcap 50,Mid Cap,2026-01-30,16693.25
^NSEMDCP50,Nifty Midcap 50,Mid Cap,2026-02-02,16549.3008
^NSEMDCP50,Nifty Midcap 50,Mid Cap,2026-02-03,17013.1992
^NSEMDCP50,Nifty Midcap 50,Mid Cap,2026-02-04,17123.4004
^NSEMDCP50,Nifty Midcap 50,Mid Cap,2026-02-05,17084.9492
^NSEMDCP50,Nifty Midcap 50,Mid Cap,2026-02-06,17023.3008
^NSEMDCP50,Nifty Midcap 50,Mid Cap,2026-02-09,17249.1504
^NSEMDCP50,Nifty Midcap 50,Mid Cap,2026-02-10,17303.9492
^NSEMDCP50,Nifty Midcap 50,Mid Cap,2026-02-11,17330.0508
^NSEMDCP50,Nifty Midcap 50,Mid Cap,2026-02-12,17251.5
^NSEMDCP50,Nifty Midcap 50,Mid Cap,2026-02-13,16960.4492
^NSEMDCP50,Nifty Midcap 50,Mid Cap,2026-02-16,17025.6992
^NSEMDCP50,Nifty Midcap 50,Mid Cap,2026-02-17,17048.9492
^NSEMDCP50,Nifty Midcap 50,Mid Cap,2026-02-18,17123.4492
^NSEMDCP50,Nifty Midcap 50,Mid Cap,2026-02-19,16844.25
^NSEMDCP50,Nifty Midcap 50,Mid Cap,2026-02-20,16912.3496
^NSEMDCP50,Nifty Midcap 50,Mid Cap,2026-02-23,16772.4004
^NSEMDCP50,Nifty Midcap 50,Mid Cap,2026-02-24,16718.75
^NSEMDCP50,Nifty Midcap 50,Mid Cap,2026-02-25,16828.6992
^NSEMDCP50,Nifty Midcap 50,Mid Cap,2026-02-26,16945.0508
^NSEMDCP50,Nifty Midcap 50,Mid Cap,2026-02-27,16765.5996
^NSEMDCP50,Nifty Midcap 50,Mid Cap,2026-03-02,16520.3496
^NSEMDCP50,Nifty Midcap 50,Mid Cap,2026-03-04,16198.9502
^NSEMDCP50,Nifty Midcap 50,Mid Cap,2026-03-05,16441.5508
^NSEMDCP50,Nifty Midcap 50,Mid Cap,2026-03-06,16300.8496
^NSEMDCP50,Nifty Midcap 50,Mid Cap,2026-03-09,16005.4502
^NSEMDCP50,Nifty Midcap 50,Mid Cap,2026-03-10,16262.25
^NSEMDCP50,Nifty Midcap 50,Mid Cap,2026-03-11,15991.6504
^NSEMDCP50,Nifty Midcap 50,Mid Cap,2026-03-12,15922.2002
^NSEMDCP50,Nifty Midcap 50,Mid Cap,2026-03-13,15523.7002
^NSEMDCP50,Nifty Midcap 50,Mid Cap,2026-03-16,15497.0
^NSEMDCP50,Nifty Midcap 50,Mid Cap,2026-03-17,15656.75
^NSEMDCP50,Nifty Midcap 50,Mid Cap,2026-03-18,15983.4502
^NSEMDCP50,Nifty Midcap 50,Mid Cap,2026-03-19,15458.0
^NSEMDCP50,Nifty Midcap 50,Mid Cap,2026-03-20,15572.5996
^NSEMDCP50,Nifty Midcap 50,Mid Cap,2026-03-23,15000.5
^NSEMDCP50,Nifty Midcap 50,Mid Cap,2026-03-24,15411.75
^NSEMDCP50,Nifty Midcap 50,Mid Cap,2026-03-25,15731.4502
^NSEMDCP50,Nifty Midcap 50,Mid Cap,2026-03-27,15396.0996
^NSEMDCP50,Nifty Midcap 50,Mid Cap,2026-03-30,14983.3496
^NSEMDCP50,Nifty Midcap 50,Mid Cap,2026-04-01,15295.4502
^NSEMDCP50,Nifty Midcap 50,Mid Cap,2026-04-02,15270.5
^NSEMDCP50,Nifty Midcap 50,Mid Cap,2026-04-06,15507.2002
^NSEMDCP50,Nifty Midcap 50,Mid Cap,2026-04-07,15573.7998
^NSEMDCP50,Nifty Midcap 50,Mid Cap,2026-04-08,16210.3496
^NSEMDCP50,Nifty Midcap 50,Mid Cap,2026-04-09,16246.3496
^NSEMDCP50,Nifty Midcap 50,Mid Cap,2026-04-10,16452.4004
^NSEMDCP50,Nifty Midcap 50,Mid Cap,2026-04-13,16326.2998
^NSEMDCP50,Nifty Midcap 50,Mid Cap,2026-04-15,16699.4004
^NSEMDCP50,Nifty Midcap 50,Mid Cap,2026-04-16,16804.8008
^NSEMDCP50,Nifty Midcap 50,Mid Cap,2026-04-17,17014.5996
^NSEMDCP50,Nifty Midcap 50,Mid Cap,2026-04-20,16981.8008
^NSEMDCP50,Nifty Midcap 50,Mid Cap,2026-04-21,17061.25
^NSEMDCP50,Nifty Midcap 50,Mid Cap,2026-04-22,17057.1992
^NSEMDCP50,Nifty Midcap 50,Mid Cap,2026-04-23,16936.0508
^NSEMDCP50,Nifty Midcap 50,Mid Cap,2026-04-24,16741.75
^NSEMDCP50,Nifty Midcap 50,Mid Cap,2026-04-27,16996.1992
^NSEMDCP50,Nifty Midcap 50,Mid Cap,2026-04-28,17039.8496
^NSEMDCP50,Nifty Midcap 50,Mid Cap,2026-04-29,17029.3008
^NSEMDCP50,Nifty Midcap 50,Mid Cap,2026-04-30,16882.5
^NSEMDCP50,Nifty Midcap 50,Mid Cap,2026-05-04,16984.9004
^NSEMDCP50,Nifty Midcap 50,Mid Cap,2026-05-05,16997.5996
^NSEMDCP50,Nifty Midcap 50,Mid Cap,2026-05-06,17372.9492
^NSEMDCP50,Nifty Midcap 50,Mid Cap,2026-05-07,17617.5508
^NSEMDCP50,Nifty Midcap 50,Mid Cap,2026-05-08,17628.1992
^NSEMDCP50,Nifty Midcap 50,Mid Cap,2026-05-11,17481.0508
^NSEMDCP50,Nifty Midcap 50,Mid Cap,2026-05-12,17055.5
^NSEMDCP50,Nifty Midcap 50,Mid Cap,2026-05-13,17156.9004
^NSEMDCP50,Nifty Midcap 50,Mid Cap,2026-05-14,17357.5
^NSEMDCP50,Nifty Midcap 50,Mid Cap,2026-05-15,17273.1504
^NSEMDCP50,Nifty Midcap 50,Mid Cap,2026-05-18,17261.3496
^NSEMDCP50,Nifty Midcap 50,Mid Cap,2026-05-19,17413.75
^NSEMDCP50,Nifty Midcap 50,Mid Cap,2026-05-20,17499.8008
^NSEMDCP50,Nifty Midcap 50,Mid Cap,2026-05-21,17454.0996
^NSEMDCP50,Nifty Midcap 50,Mid Cap,2026-05-22,17478.25
^NSEMDCP50,Nifty Midcap 50,Mid Cap,2026-05-25,17650.5996
^NSEMDCP50,Nifty Midcap 50,Mid Cap,2026-05-26,17741.1504
^NSEMDCP50,Nifty Midcap 50,Mid Cap,2026-05-27,17754.9492
^NSEMDCP50,Nifty Midcap 50,Mid Cap,2026-05-29,17490.5508
^NSEMDCP50,Nifty Midcap 50,Mid Cap,2026-06-01,17279.1992
^NSEMDCP50,Nifty Midcap 50,Mid Cap,2026-06-02,17287.3008
^NSEMDCP50,Nifty Midcap 50,Mid Cap,2026-06-03,17190.5
^NSEMDCP50,Nifty Midcap 50,Mid Cap,2026-06-04,17264.6504
^NSEMDCP50,Nifty Midcap 50,Mid Cap,2026-06-05,17198.9004
^NSEMDCP50,Nifty Midcap 50,Mid Cap,2026-06-08,17039.1504
^NSEMDCP50,Nifty Midcap 50,Mid Cap,2026-06-09,17248.0996
^NSEMDCP50,Nifty Midcap 50,Mid Cap,2026-06-10,17005.1992
^NSEMDCP50,Nifty Midcap 50,Mid Cap,2026-06-11,16865.5
^NSEMDCP50,Nifty Midcap 50,Mid Cap,2026-06-12,17265.9004
^NSEMDCP50,Nifty Midcap 50,Mid Cap,2026-06-15,17501.9004
^NSEMDCP50,Nifty Midcap 50,Mid Cap,2026-06-16,17607.1504
^NSEMDCP50,Nifty Midcap 50,Mid Cap,2026-06-17,17659.6504
^NSEMDCP50,Nifty Midcap 50,Mid Cap,2026-06-18,17716.8496
^NSEMDCP50,Nifty Midcap 50,Mid Cap,2026-06-19,17735.3008
^NSEMDCP50,Nifty Midcap 50,Mid Cap,2026-06-22,17800.4492
^NSEMDCP50,Nifty Midcap 50,Mid Cap,2026-06-23,17639.8008
^NSEMDCP50,Nifty Midcap 50,Mid Cap,2026-06-24,17690.3008
^NSEMDCP50,Nifty Midcap 50,Mid Cap,2026-06-25,17587.8496
^NSEMDCP50,Nifty Midcap 50,Mid Cap,2026-06-29,17521.0
^NSEMDCP50,Nifty Midcap 50,Mid Cap,2026-06-30,17594.9004
^NSEMDCP50,Nifty Midcap 50,Mid Cap,2026-07-01,17716.0996
^NSEMDCP50,Nifty Midcap 50,Mid Cap,2026-07-02,17806.0
^NSEMDCP50,Nifty Midcap 50,Mid Cap,2026-07-03,17783.25
^NSEMDCP50,Nifty Midcap 50,Mid Cap,2026-07-06,17863.5508
^NSEMDCP50,Nifty Midcap 50,Mid Cap,2026-07-07,17864.0508
^NSEMDCP50,Nifty Midcap 50,Mid Cap,2026-07-08,17604.4492
^NSEMDCP50,Nifty Midcap 50,Mid Cap,2026-07-09,17844.5
^NSEMDCP50,Nifty Midcap 50,Mid Cap,2026-07-10,18059.5
^NSEMDCP50,Nifty Midcap 50,Mid Cap,2026-07-13,18089.5508
^NSEMDCP50,Nifty Midcap 50,Mid Cap,2026-07-14,17988.1504
^NSEMDCP50,Nifty Midcap 50,Mid Cap,2026-07-15,18036.75
^NSEMDCP50,Nifty Midcap 50,Mid Cap,2026-07-16,17985.0996
^NSEMDCP50,Nifty Midcap 50,Mid Cap,2026-07-17,17930.8496
^NSEMDCP50,Nifty Midcap 50,Mid Cap,2026-07-20,18040.1504
^NSEMDCP50,Nifty Midcap 50,Mid Cap,2026-07-21,18091.1992
^NSEMDCP50,Nifty Midcap 50,Mid Cap,2026-07-22,17884.1504
^NSEMDCP50,Nifty Midcap 50,Mid Cap,2026-07-23,17690.5
^NSEMDCP50,Nifty Midcap 50,Mid Cap,2026-07-24,17709.4492
^NSEMDCP50,Nifty Midcap 50,Mid Cap,2026-07-27,17935.25
^NSEMDCP50,Nifty Midcap 50,Mid Cap,2026-07-28,17973.9004
^NSEMDCP50,Nifty Midcap 50,Mid Cap,2026-07-29,18087.6992
^NSEMDCP50,Nifty Midcap 50,Mid Cap,2026-07-30,18028.6504
^NSEMDCP50,Nifty Midcap 50,Mid Cap,2026-07-31,18105.8496
^NSEMDCP50,Nifty Midcap 50,Mid Cap,2026-08-03,18301.8496
^NSEMDCP50,Nifty Midcap 50,Mid Cap,2026-08-04,18215.8496
^NSEMDCP50,Nifty Midcap 50,Mid Cap,2026-08-05,18218.4492
^NSEMDCP50,Nifty Midcap 50,Mid Cap,2026-08-06,18125.25
^NSEMDCP50,Nifty Midcap 50,Mid Cap,2026-08-07,18172.5996
^NSEMDCP50,Nifty Midcap 50,Mid Cap,2026-08-10,18298.9004
^NSEMDCP50,Nifty Midcap 50,Mid Cap,2026-08-11,18312.3496
^NSEMDCP50,Nifty Midcap 50,Mid Cap,2026-08-12,18355.9492
^NSEMDCP50,Nifty Midcap 50,Mid Cap,2026-08-13,18396.3496
^NSEMDCP50,Nifty Midcap 50,Mid Cap,2026-08-14,18260.6504
^NSEMDCP50,Nifty Midcap 50,Mid Cap,2026-08-17,18279.0
^NSEMDCP50,Nifty Midcap 50,Mid Cap,2026-08-18,18216.8008
^NSEMDCP50,Nifty Midcap 50,Mid Cap,2026-08-19,18220.6992
^NSEMDCP50,Nifty Midcap 50,Mid Cap,2026-08-20,18300.6504
^NSEMDCP50,Nifty Midcap 50,Mid Cap,2026-08-21,18320.25
^NSEMDCP50,Nifty Midcap 50,Mid Cap,2026-08-24,18331.75
^NSEMDCP50,Nifty Midcap 50,Mid Cap,2026-08-25,18412.25
^NSEMDCP50,Nifty Midcap 50,Mid Cap,2026-08-26,18380.5996
^NSEMDCP50,Nifty Midcap 50,Mid Cap,2026-08-27,18361.75
^NSEMDCP50,Nifty Midcap 50,Mid Cap,2026-08-28,18405.8008
^NSEMDCP50,Nifty Midcap 50,Mid Cap,2026-08-31,18491.4492
^NSEMDCP50,Nifty Midcap 50,Mid Cap,2026-09-01,18248.8008
^NSEMDCP50,Nifty Midcap 50,Mid Cap,2026-09-02,18120.1992
^NSEMDCP50,Nifty Midcap 50,Mid Cap,2026-09-03,18170.25
^NSEMDCP50,Nifty Midcap 50,Mid Cap,2026-09-04,18127.75
^NSEMDCP50,Nifty Midcap 50,Mid Cap,2026-09-07,18051.5996
^NSEMDCP50,Nifty Midcap 50,Mid Cap,2026-09-08,18093.0
^NSEMDCP50,Nifty Midcap 50,Mid Cap,2026-09-09,17994.0996
^NSEMDCP50,Nifty Midcap 50,Mid Cap,2026-09-10,17928.6992
^NSEMDCP50,Nifty Midcap 50,Mid Cap,2026-09-11,17929.75
^NSEMDCP50,Nifty Midcap 50,Mid Cap,2026-09-15,17556.3496
^NSEMDCP50,Nifty Midcap 50,Mid Cap,2026-09-16,17560.0996
^NSEMDCP50,Nifty Midcap 50,Mid Cap,2026-09-17,17728.75
^NSEMDCP50,Nifty Midcap 50,Mid Cap,2026-09-18,17882.9004
^NSEMDCP50,Nifty Midcap 50,Mid Cap,2026-09-21,17879.6504
^NSEMDCP50,Nifty Midcap 50,Mid Cap,2026-09-23,17979.6504
^NSEMDCP50,Nifty Midcap 50,Mid Cap,2026-09-24,17518.0508
